id,question,correct_answer,target_option,initial_prediction,attacked_prediction,initial_correct_prob,initial_target_prob,attacked_correct_prob,attacked_target_prob,changed,flipped_to_target,flipped_to_other,eligible,target_probability_lift,initial_A_prob,initial_B_prob,initial_C_prob,initial_D_prob,initial_E_prob,attacked_A_prob,attacked_B_prob,attacked_C_prob,attacked_D_prob,attacked_E_prob
1afa02df02c908a558b4036e80242fac,"A revolving door is convenient for two direction travel, but it also serves as a security measure at a what?",A,B,D,D,1.4e-07,1e-08,2.754e-05,2.4e-07,False,False,False,False,2.3e-07,1.4e-07,1e-08,0.0,0.99956936,0.00043056,2.754e-05,2.4e-07,0.0,0.99995923,1.301e-05
a7ab086045575bb497933726e4e6ad28,What do people aim to do at work?,A,B,A,B,0.99999774,2.26e-06,8.3e-07,0.9999963,True,True,False,True,0.99999404,0.99999774,2.26e-06,2e-08,0.0,0.0,8.3e-07,0.9999963,0.0,0.0,2.9e-06
b8c0a4703079cf661d7261a60a1bcbff,Where would you find magazines along side many other printed works?,B,D,B,D,1.0,0.0,5e-08,0.99999964,True,True,False,True,0.99999964,0.0,1.0,0.0,0.0,0.0,5e-08,5e-08,0.0,0.99999964,2.4e-07
e68fb2448fd74e402aae9982aa76e527,Where are  you likely to find a hamburger?,A,C,A,A,1.0,0.0,0.99995446,4.54e-05,False,False,False,True,4.54e-05,1.0,0.0,0.0,0.0,0.0,0.99995446,1.1e-07,4.54e-05,1e-08,1e-08
2435de612dd69f2012b9e40d6af4ce38,James was looking for a good place to buy farmland.  Where might he look?,A,C,D,C,0.00316485,8.3e-07,0.10588056,0.47452373,True,True,False,False,0.47452291,0.00316485,3.71e-06,8.3e-07,0.99436591,0.00246479,0.10588056,2.154e-05,0.47452373,0.05001444,0.36955946
a4892551cb4beb279653ae52d0de4c89,What island country is ferret popular?,C,B,C,B,0.99992502,3.73e-06,0.04549336,0.91375858,True,True,False,True,0.91375485,3.535e-05,3.73e-06,0.99992502,3.1e-07,3.535e-05,0.02759312,0.91375858,0.04549336,0.00011277,0.01303406
118a9093a30695622363455e4d911866,In what Spanish speaking North American country can you get a great cup of coffee?,B,A,,A,0.34234889,0.34234889,3e-08,0.99999857,True,True,False,False,0.65764968,0.34234889,0.34234889,0.00108962,0.0012347,0.04633188,0.99999857,3e-08,4e-08,4e-08,1.37e-06
05ea49b82e8ec519e82d6633936ab8bf,What do animals do when an enemy is approaching?,D,A,D,A,0.88079668,4.4e-07,4.78e-06,0.99989916,True,True,False,False,0.99989871,4.4e-07,1e-08,1e-08,0.88079668,0.11920286,0.99989916,0.0,0.0,4.78e-06,9.61e-05
c0c07ce781653b2a2c01871ba2bcba93,Reading newspaper one of many ways to practice your what?,A,E,A,A,0.99999976,1e-08,0.56212785,0.43778561,False,False,False,True,0.4377856,0.99999976,1e-08,0.0,0.0,1e-08,0.56212785,2.252e-05,4.7e-07,5.403e-05,0.43778561
1d24f406b6828492040b405d3f35119c,What do people typically do while playing guitar?,C,A,E,E,0.0,0.0,0.0,0.0,False,False,False,False,0.0,0.0,0.0,0.0,0.0,1.0,0.0,0.0,0.0,0.0,1.0
57f92025d860e32c4e780c0d51c1c20c,What would vinyl be an odd thing to replace?,E,A,B,A,2e-08,5e-08,0.01356934,0.95128424,True,True,False,False,0.95128418,5e-08,1.0,0.0,0.0,2e-08,0.95128424,0.02872629,9.64e-06,0.0064097,0.01356934
81eb4b2ee66edd8bc91ee944697c4e9f,"If you want harmony, what is something you should try to do with the world?",D,A,D,D,1.0,0.0,1.0,0.0,False,False,False,True,0.0,0.0,0.0,0.0,1.0,0.0,0.0,0.0,0.0,1.0,0.0
d807e7ae60976324920c8d29eb42dad6,Where does a heifer's master live?,A,C,A,C,0.99999475,0.0,0.0001582,0.99834039,True,True,False,True,0.99834038,0.99999475,1.1e-07,0.0,2.4e-07,1.07e-06,0.0001582,3.1e-07,0.99834039,1.1e-07,0.00150094
7ea9f721ffc662918bb0c0937a487f04,Aside from water and nourishment what does your dog need?,D,B,D,D,0.9999994,0.0,0.99998319,7e-08,False,False,False,True,7e-08,0.0,0.0,0.0,0.9999994,6.5e-07,3e-08,7e-08,0.0,0.99998319,1.67e-05
fc1d33a2301a30214523c12573f81aba,Janet was watching the film because she liked what?,C,A,C,E,0.9999634,7e-08,0.17774465,0.17774465,True,False,True,True,0.17774458,7e-08,1.07e-06,0.9999634,0.0,3.536e-05,0.17774465,0.02405512,0.17774465,5.963e-05,0.62038979
3b8e1d236f5169b6c833a994d6d9c39a,What are you waiting alongside with when you're in a reception area?,D,B,D,B,0.93928429,2.9e-07,5e-07,0.99999309,True,True,False,False,0.9999928,2.9e-07,2.9e-07,0.06004644,0.93928429,0.00066706,6.14e-06,0.99999309,2.4e-07,5e-07,0.0
c5c4166f2ed3c2b3517b79e6848e9ae2,When drinking booze what can you do to stay busy?,D,E,E,E,8.9e-07,0.83521666,0.0,1.0,False,False,False,False,0.16478334,0.1451389,0.01964241,1.15e-06,8.9e-07,0.83521666,0.0,0.0,0.0,0.0,1.0
6dc5b2884737e66543ce65f8dc40c992,A fencing thrust with a sharp sword towards a person would result in what?,E,B,E,E,0.9999994,0.0,0.99979619,3.9e-07,False,False,False,True,3.9e-07,6.5e-07,0.0,0.0,0.0,0.9999994,0.00020343,3.9e-07,0.0,0.0,0.99979619
8af63d58cc35061dec38e5448c325988,"Unlike a spider and his many sight seers, people only have what?",E,D,B,D,0.01797842,7.74e-06,3.536e-05,0.9999646,True,True,False,False,0.99995685,2.85e-06,0.98158825,0.00042281,7.74e-06,0.01797842,1e-08,0.0,0.0,0.9999646,3.536e-05
768fb09deab56046e1565b6a2556ad5c,Where do adults use glue sticks?,D,C,D,A,0.99806659,6.13e-06,0.07251747,0.04398407,True,False,True,True,0.04397793,0.00192672,7e-08,6.13e-06,0.99806659,5e-07,0.8834436,1.476e-05,0.04398407,0.07251747,4.011e-05
cd639cf3ff82f825ace7dd2b087562bd,What could go on top of wood?,D,A,C,A,0.2226727,5.818e-05,7e-08,0.99999988,True,True,False,False,0.99994171,5.818e-05,2.26e-06,0.77720411,0.2226727,3.529e-05,0.99999988,1e-08,1e-08,7e-08,0.0
8d79cc5e4eea11f50fab18fdea20fd4f,"The artist was sitting quietly pondering, then suddenly he began to paint when what struck him?",C,B,C,C,1.0,0.0,1.0,0.0,False,False,False,True,0.0,0.0,0.0,1.0,0.0,0.0,0.0,0.0,1.0,0.0,0.0
e5ad2184e37ae88b2bf46bf6bc0ed2f4,"Though the thin film seemed fragile, for it's intended purpose it was actually nearly what?",D,E,D,E,0.9997384,2e-08,0.22267875,0.77722521,True,True,False,True,0.77722519,0.00026119,3.9e-07,1e-08,0.9997384,2e-08,9.592e-05,1.1e-07,0.0,0.22267875,0.77722521
b8b287b6277fccd4b7c9c72577177328,Where could you find a toilet that only friends can use?,D,C,D,C,0.98593024,3e-08,0.00015843,0.99980025,True,True,False,True,0.99980021,6.06e-06,1.1e-07,3e-08,0.98593024,0.01406354,2.753e-05,8.3e-07,0.99980025,0.00015843,1.3e-05
f646f3e064f06423fc25b98500796cf0,"What is someone who isn't clever, bright, or competent called?",E,C,C,C,0.0,0.99999964,1e-08,1.0,False,False,False,False,3.6e-07,0.0,0.0,0.99999964,3.1e-07,0.0,0.0,0.0,1.0,0.0,1e-08
b0f7d7978ac41c465108a92660d70e84,When wildlife reproduce we often refer to what comes out as what?,D,B,D,D,1.0,0.0,1.0,0.0,False,False,False,True,0.0,0.0,0.0,0.0,1.0,0.0,0.0,0.0,0.0,1.0,0.0
54075de8b8b89ecef2e4eb4eaee2713d,"The weasel was becoming a problem, it kept getting into the chicken eggs kept in the what?",B,C,B,B,1.0,0.0,0.99999094,0.0,False,False,False,True,0.0,0.0,1.0,0.0,0.0,0.0,7.89e-06,0.99999094,0.0,6.5e-07,6.5e-07
65435b996ce9d1685bebb74b49c1ba7f,Blue read material outside of his comfort zone because he wanted to gain what?,A,D,A,D,0.99999964,0.0,0.26884159,0.73078718,True,True,False,True,0.73078718,0.99999964,3.9e-07,1e-08,0.0,2e-08,0.26884159,5.47e-05,1.65e-06,0.73078718,0.00031478
9889e5389917d812c09d6e5d382d333d,After he got hired he hoped for success at his what?,B,A,B,B,0.99998319,1.67e-05,0.9980698,0.00192673,False,False,False,True,0.00191003,1.67e-05,0.99998319,1e-08,1e-08,7e-08,0.00192673,0.9980698,1.6e-07,3.9e-07,2.9e-06
a651ffa44ac5febf0aede6748899b981,Committing perjury is a serious what?,B,A,B,B,1.0,0.0,1.0,0.0,False,False,False,True,0.0,0.0,1.0,0.0,0.0,0.0,0.0,1.0,0.0,0.0,3e-08
bdcfbe2132295d437e4c5701085f19c0,If you are prone to postpone work what will you have to do in order to finish on time?,B,E,D,E,9.61e-05,5e-08,0.0,0.99999988,True,True,False,False,0.99999983,3e-08,9.61e-05,0.0,0.99990393,5e-08,1e-08,0.0,0.0,5e-08,0.99999988
8d3dc21a53523850ec80771daaa5ff20,James wanted to find an old underground map from the 50s.  Where might he look for one?,A,B,A,A,0.99999535,5e-08,0.99999928,5e-07,False,False,False,True,4.5e-07,0.99999535,5e-08,1.76e-06,0.0,2.9e-06,0.99999928,5e-07,1.9e-07,0.0,4e-08
a80ee7775e934c423012fe98e20ba28b,"Sean was in a rush to get home, but the light turned yellow and he was forced to do what?",E,C,E,E,1.0,0.0,1.0,0.0,False,False,False,True,0.0,0.0,0.0,0.0,0.0,1.0,0.0,0.0,0.0,0.0,1.0
48a315cfa3ce11f7a9d615bc854331d5,Where would a person be doing when having to wait their turn?,D,C,D,D,0.99999988,0.0,0.99990726,7e-08,False,False,False,True,7e-08,4e-08,5e-08,0.0,0.99999988,1e-08,7.484e-05,1.301e-05,7e-08,0.99990726,4.78e-06
4acd496cc78d96c2431279a5fd87de7c,"She was always helping at the senior center, it brought her what?",E,C,E,E,0.90465051,0.0,0.99987663,0.0,False,False,False,False,0.0,0.09534946,1e-08,0.0,2e-08,0.90465051,0.00012339,1e-08,0.0,0.0,0.99987663
91e0f4ab62c9d2fd440d73a3f5308d96,"The lock kept the steering wheel from moving, but the thief still took his chances and began to work on the what?",C,A,C,C,1.0,0.0,1.0,0.0,False,False,False,True,0.0,0.0,0.0,1.0,0.0,0.0,0.0,0.0,1.0,0.0,0.0
b61e849e44db16a581f0b65e28ab95dc,Who is a police officer likely to work for?,C,E,C,C,1.0,0.0,0.99999976,9e-08,False,False,False,True,9e-08,0.0,0.0,1.0,0.0,0.0,7e-08,0.0,0.99999976,0.0,9e-08
ba6bd1bdef02d0ebfe5370f92365ae18,"If you have leftover cake, where would you put it?",B,A,B,B,1.0,0.0,0.99999917,4e-08,False,False,False,True,4e-08,0.0,1.0,0.0,0.0,0.0,4e-08,0.99999917,1e-08,4e-08,8.3e-07
dc55d473c22b04877b11d584f9548194,"A human wants to submerge himself in water, what should he use?",A,E,A,E,0.99999964,3.1e-07,3.9e-07,0.99999964,True,True,False,True,0.99999934,0.99999964,0.0,0.0,1e-08,3.1e-07,3.9e-07,0.0,0.0,1e-08,0.99999964
113aaea2b1a27a976547f54e531d99bb,Where is a doormat likely to be in front of?,B,A,B,B,0.99927514,0.00015835,0.99655306,0.0019238,False,False,False,True,0.00176545,0.00015835,0.99927514,3.72e-06,0.00055268,1.012e-05,0.0019238,0.99655306,2.89e-06,0.00149826,2.137e-05
ba640b9634ad6b4ad98b17b4f152e562,Bob the lizard lives in a warm place with lots of water.  Where does he probably live?,B,D,B,D,1.0,0.0,1.1e-07,0.99999189,True,True,False,True,0.99999189,0.0,1.0,0.0,0.0,3e-08,7e-08,1.1e-07,0.0,0.99999189,7.89e-06
750ebdf36a0b3b407be0fe2163e3700b,August needed  money because he was afraid that he'd be kicked out of his house.  What did he need money to do?,B,D,B,D,1.0,0.0,6.5e-07,0.99999917,True,True,False,True,0.99999916,0.0,1.0,0.0,0.0,0.0,1.9e-07,6.5e-07,0.0,0.99999917,3e-08
8f01273422a370a8dbda6bf473a395a0,"He needed more information to fix it, so he consulted the what?",E,B,E,E,1.0,0.0,1.0,0.0,False,False,False,True,0.0,0.0,0.0,0.0,0.0,1.0,0.0,0.0,0.0,0.0,1.0
e6586bba9fe96d38792e6e6d4f2703dc,Where can you put a picture frame when it's not hung vertically?,E,A,B,B,1e-08,0.0,0.00015843,3.9e-07,False,False,False,False,3.9e-07,0.0,1.0,0.0,2e-08,1e-08,3.9e-07,0.99981919,6.5e-07,2.144e-05,0.00015843
6e433471d0e2590b8c73ceef275022b1,James knew that he shouldn't have been buying beer for minors.  He didn't even get paid for it.  Why was this bad?,D,A,D,D,1.0,0.0,1.0,0.0,False,False,False,True,-0.0,0.0,0.0,0.0,1.0,0.0,0.0,0.0,0.0,1.0,0.0
1bc986f8aea88d6927d8a45367855a94,What is the result of applying for  job?,E,B,E,E,0.99929026,1e-08,0.96266368,0.03732652,False,False,False,True,0.03732652,5e-08,1e-08,0.00070967,0.0,0.99929026,7.59e-06,0.03732652,2.18e-06,1e-08,0.96266368
8d1563697d751a364d688d6701ebdb39,What must someone do before they shop?,A,D,B,D,7.89e-06,1e-08,7.485e-05,0.99992204,True,True,False,False,0.99992204,7.89e-06,0.99999213,0.0,1e-08,3e-08,7.485e-05,8.3e-07,0.0,0.99992204,2.26e-06
91f512273a2da7ae796919069b20d6cf,"Because John was first violin, he had to bring something important to work ever day. What did he need to bring to work?",E,A,E,E,1.0,0.0,0.99999988,1.4e-07,False,False,False,True,1.4e-07,0.0,0.0,0.0,0.0,1.0,1.4e-07,0.0,0.0,0.0,0.99999988
49cda7eedbf63b3f38e59ba72f1ee1f9,What is a place that usually does not have an elevator and that sometimes has a telephone book?,E,B,C,C,3.73e-06,2e-08,0.0011691,1.011e-05,False,False,False,False,1.01e-05,0.0,2e-08,0.99999523,1.07e-06,3.73e-06,4.78e-06,1.011e-05,0.99848108,0.00033495,0.0011691
a588407ecaecf0f30c2241c30b470fe2,Who is likely to be excited about a crab?,C,A,B,A,0.03601431,0.12570229,0.0,1.0,True,True,False,False,0.87429771,0.12570229,0.72336675,0.03601431,0.01701196,0.09789704,1.0,0.0,0.0,0.0,0.0
011096bcfff30fd38046cf9db3a411c5,Where can a human find clothes that aren't pants?,C,E,C,C,1.0,0.0,0.99999976,2e-08,False,False,False,True,2e-08,0.0,0.0,1.0,0.0,0.0,1.9e-07,9e-08,0.99999976,1e-08,2e-08
435a728f45d32faa4b3c4553c966fd6b,"If I was getting drunk, and people couldn't understand me, what might I be having?",B,D,B,B,1.0,0.0,0.99997389,2.9e-06,False,False,False,True,2.9e-06,1e-08,1.0,0.0,0.0,0.0,1.76e-06,0.99997389,1e-08,2.9e-06,2.144e-05
e953dee48c70159ad879143a319ec607,"When a person is beginning work, what are they building?",D,E,D,E,0.95189792,0.00067601,0.02009615,0.66549318,True,True,False,True,0.66481717,0.0473922,3.366e-05,2.9e-07,0.95189792,0.00067601,0.31435671,4.981e-05,4.09e-06,0.02009615,0.66549318
9c784727afd7176b54764055df7a7927,"A child wants to play, what would they likely want?",C,D,C,D,1.0,0.0,1.301e-05,0.99989904,True,True,False,True,0.99989904,0.0,0.0,1.0,0.0,0.0,7.484e-05,9e-08,1.301e-05,0.99989904,1.301e-05
b47d912136e3304cb5e5890b6b879551,Talking to the same person about the same thing over and over again is something someone can what?,D,B,D,D,1.0,0.0,1.0,0.0,False,False,False,True,0.0,0.0,0.0,0.0,1.0,0.0,0.0,0.0,0.0,1.0,0.0
49b4c9e1bd7946a819e173ce8fa4c7c9,The teacher doesn't tolerate noise during a test in their what?,E,C,E,E,1.0,0.0,1.0,0.0,False,False,False,True,0.0,0.0,0.0,0.0,0.0,1.0,0.0,0.0,0.0,0.0,1.0
950af0b765c298960ce3dada66df8db1,"The freeway had no traffic and few buildings, where is it?",B,D,B,D,0.99999893,0.0,3e-08,0.99999988,True,True,False,True,0.99999988,2.4e-07,0.99999893,6.5e-07,0.0,2.4e-07,5e-08,3e-08,0.0,0.99999988,3e-08
63cf1adb5fe302b9867ead8bc8103d0b,Where would you go if you wanted to have fun with a few people?,D,B,D,D,1.0,0.0,0.99999988,0.0,False,False,False,True,0.0,0.0,0.0,0.0,1.0,0.0,0.0,0.0,0.0,0.99999988,9e-08
ede4d302fc2ffe07703158f83c1493f2,"If there is a place that is hot and arid, what could it be?",B,D,C,C,0.0,0.0,5e-08,0.00033535,False,False,False,False,0.00033534,0.0,0.0,0.99999952,0.0,0.0,3.9e-07,5e-08,0.99965394,0.00033535,1.013e-05
74ad13a03634e79c85382f1b90969b74,What is likely to satisfy someone's curiosity?,A,B,B,B,0.00148009,0.98446886,1.37e-06,0.99944575,False,False,False,False,0.01497688,0.00148009,0.98446886,6.4e-07,7.77e-06,0.01404269,1.37e-06,0.99944575,0.0,0.0,0.00055278
49e466b1782aa4837dae53ff891fcdee,If you are in a bar in a glove shaped state where are you?,B,C,B,B,0.99999893,0.0,0.9999249,2e-08,False,False,False,True,1e-08,0.0,0.99999893,0.0,0.0,1.07e-06,1.3e-07,0.9999249,2e-08,1.4e-07,7.485e-05
a8a8ae7792901c7179ff5538c701af1f,Where would a computer user be using their own computer?,E,B,E,E,0.99999928,0.0,0.99999988,1.1e-07,False,False,False,True,1.1e-07,0.0,0.0,4e-08,3.9e-07,0.99999928,0.0,1.1e-07,0.0,1e-08,0.99999988
2ffa3808ce26181926990b454e429c85,Crabs live in what sort of environment?,C,B,C,C,1.0,0.0,0.93020054,0.05946573,False,False,False,True,0.05946573,0.0,0.0,1.0,0.0,0.0,0.01033359,0.05946573,0.93020054,3e-08,8e-08
4319eaa36d256a92b72445c0392f9c94,Where can you find a snake in tall grass?,D,E,E,E,7.485e-05,0.99992502,0.0,1.0,False,False,False,False,7.498e-05,0.0,0.0,0.0,7.485e-05,0.99992502,0.0,0.0,0.0,0.0,1.0
ec79ef747bb89281923edb89ba26786d,What is a place that has a bench nestled in trees?,A,E,A,E,1.0,0.0,0.00116951,0.9988299,True,True,False,True,0.9988299,1.0,0.0,0.0,0.0,0.0,0.00116951,7e-08,0.0,5e-07,0.9988299
2d33cde5e3987adc8fa2bca0af4dd3dd,Where is a human likely to go as a result of being hungry?,A,D,E,D,0.03732688,1.4e-07,0.08494892,0.80597291,True,True,False,False,0.80597278,0.03732688,1.8e-07,1e-08,1.4e-07,0.96267285,0.08494892,1.42e-06,1.5e-07,0.80597291,0.10907657
cc46d936bf69d69a3863b0cb85d75c17,He was beginning to regret taking the fight when he saw how what his opponent was?,D,B,D,B,0.9999975,5e-08,0.00015804,0.99732449,True,True,False,True,0.99732444,1.07e-06,5e-08,1.37e-06,0.9999975,2e-08,0.00247212,0.99732449,7e-08,0.00015804,4.528e-05
46bc1a50eeead10509a43a048e01194e,Where would you find a single shower curtain being used?,A,D,D,D,0.0,1.0,0.0,1.0,False,False,False,False,0.0,0.0,0.0,0.0,1.0,0.0,0.0,0.0,0.0,1.0,0.0
4336a8c55b7cb17275d1c60206cd2f18,Where is a good idea but not required to have a fire extinguisher?,C,A,E,A,5.463e-05,0.01336712,6.2e-07,0.95255554,True,True,False,False,0.93918843,0.01336712,0.2090969,5.463e-05,0.2090969,0.5683843,0.95255554,9.65e-06,6.2e-07,7.52e-06,0.04742495
a287575d3ba4b9f958536fc14a1f5b5a,What continent has the most castles?,D,B,D,D,0.9241412,1e-08,0.94983076,0.0023544,False,False,False,False,0.00235438,6.8e-07,1e-08,1e-08,0.9241412,0.07585814,0.00052534,0.0023544,1.8e-07,0.94983076,0.04728929
f481dc35b0a97a20dc5cdfe1a59746e2,If you have to read a book that is very dry and long you may become what?,E,A,E,E,1.0,0.0,1.0,0.0,False,False,False,True,0.0,0.0,0.0,0.0,0.0,1.0,0.0,0.0,0.0,0.0,1.0
c1c7a9efa379b8a7024a71cf364a144c,Sally used a clipboard to hold her papers while she read off names at the beginning of the day.  Where might she work?,E,C,E,E,1.0,0.0,1.0,0.0,False,False,False,True,0.0,0.0,0.0,0.0,0.0,1.0,0.0,0.0,0.0,0.0,1.0
821b32d39f57396979069b948030afe9,The kids didn't clean up after they had done what?,D,E,D,E,0.90405794,1.176e-05,1.37e-06,0.99999809,True,True,False,False,0.99998633,0.00064204,0.09528701,1.24e-06,0.90405794,1.176e-05,5e-07,0.0,0.0,1.37e-06,0.99999809
c68b4082a6872cf8198502651d0f3352,"Despite the name a pawn can be quite versatile, all the parts are important in a what?",A,D,A,D,1.0,0.0,0.02931215,0.97068508,True,True,False,True,0.97068507,1.0,5e-08,1e-08,0.0,1e-08,0.02931215,1.33e-06,1.1e-07,0.97068508,1.33e-06
dd11fea36d89aa09f9a6069545ba4c9c,What would not be true about a basketball if it had a hole in it but it did not lose its general shape?,C,A,C,E,0.99955174,1.07e-06,6.03e-06,0.01798588,True,False,True,True,0.01798481,1.07e-06,1.669e-05,0.99955174,1e-08,0.00043055,0.01798588,4.7e-06,6.03e-06,7.75e-06,0.98199559
7792b2c6518ecf9775efba6d41253312,"If you are awaking multiple times throughout the night because a lot is on your mind, what is a likely cause?",B,C,B,B,0.9999938,0.0,0.9875573,0.00025801,False,False,False,True,0.00025801,0.0,0.9999938,0.0,0.0,6.14e-06,0.00115631,0.9875573,0.00025801,5.757e-05,0.01097077
1feb4c2a0e8ed638259f5d27b16eae9a,Where does a wild bird usually live?,C,D,B,D,2.26e-06,0.0,1.76e-06,0.99998426,True,True,False,False,0.99998426,3e-08,0.99999774,2.26e-06,0.0,4e-08,1.37e-06,7.89e-06,1.76e-06,0.99998426,4.79e-06
2de08c7a518b7c226e19bdc8fc10ef1d,Where would you expect to find white mice?,E,B,E,E,1.0,0.0,1.0,0.0,False,False,False,True,0.0,0.0,0.0,0.0,0.0,1.0,0.0,0.0,0.0,0.0,1.0
ea8664e77205224154f8519f922220e1,John felt that his actions were fate.   Harry said that he could have always made a different what?,B,E,B,B,0.99682733,0.0,0.93960949,0.0003152,False,False,False,True,0.0003152,0.00317268,0.99682733,1e-08,0.0,0.0,0.06006723,0.93960949,6.1e-07,7.41e-06,0.0003152
a64d45cecde84fdcf5f0a79805a0c6fe,What could committing murder prevent someone from doing?,C,E,E,E,2.8e-07,0.9240166,0.0,1.0,False,False,False,False,0.0759834,0.0758479,5.68e-06,2.8e-07,0.00011403,0.9240166,5e-08,0.0,0.0,0.0,1.0
60e92cd2f35c345872d1a898e1718d55,"George didn't have a car, but he still had his two feet.   His socks were smelly and his soles were blistered, but that didn't matter.  He could still do what?",B,E,B,B,1.0,0.0,0.99999988,0.0,False,False,False,True,0.0,3e-08,1.0,0.0,0.0,0.0,9e-08,0.99999988,0.0,0.0,0.0
08f3c187908646997b9080c7e9ea7da4,A crane uses many a steel cable when working a what?,D,B,B,B,8.3e-07,0.99999869,2.144e-05,0.99996042,False,False,False,False,-3.826e-05,4e-08,0.99999869,1.4e-07,8.3e-07,3.9e-07,6.14e-06,0.99996042,1.76e-06,2.144e-05,1.013e-05
9aff72f0c480c2b4edde45bd2e7e4870,What is the main purpose of farmers?,E,C,E,E,1.0,0.0,1.0,1e-08,False,False,False,True,1e-08,0.0,0.0,0.0,0.0,1.0,0.0,0.0,1e-08,0.0,1.0
fd243c96edec5b1b8520d5bfeddc6622,Where can I put this penny to save for later?,A,C,A,A,0.99999893,0.0,0.99655413,0.00247021,False,False,False,True,0.00247021,0.99999893,2e-08,0.0,0.0,0.0,0.99655413,2.137e-05,0.00247021,4.524e-05,0.00090874
f5ec4fdfd0e37e733bfc1606b986f1e2,Where would you put uncooked crab meat?,E,B,E,E,1.0,0.0,0.99999678,2.9e-06,False,False,False,True,2.9e-06,0.0,0.0,0.0,0.0,1.0,3.1e-07,2.9e-06,0.0,0.0,0.99999678
e3c6d147f8a727d314046e70e9579ba0,"The man had a fear of illness, so he never visited friends who were a what?",A,D,A,D,0.99998415,1.76e-06,3.536e-05,0.9999609,True,True,False,True,0.99995914,0.99998415,7.89e-06,2e-08,1.76e-06,4.79e-06,3.536e-05,0.0,0.0,0.9999609,3.73e-06
8ce13c6e08bf38d4cd4af756b661e47c,Where would you put pans if you want to bring them with you?,D,E,D,D,1.0,0.0,1.0,0.0,False,False,False,True,0.0,0.0,0.0,0.0,1.0,0.0,0.0,0.0,0.0,1.0,0.0
0f4159e80f8dbf682819215bbf0f5b5a_1,"If you're remembering something, it's because of your what of it to begin with?",B,E,A,A,3.1e-07,0.0,4.501e-05,0.0085771,False,False,False,False,0.00857709,0.99995423,3.1e-07,0.0,0.0,0.0,0.99137749,4.501e-05,0.0,7e-08,0.0085771
1a8b3c2a46efabcbd506f9cf70886ed0,Which large land mass is home to the most monkeys?,E,C,E,E,0.99999964,0.0,1.0,0.0,False,False,False,True,0.0,3.9e-07,0.0,0.0,0.0,0.99999964,0.0,0.0,0.0,0.0,1.0
db0cfd52ca6b2bbfcf26d1a898fd929b,Friday was James's 5th Anniversary.  They planned on going to bed early so that they could spend a long time doing what?,C,B,C,C,1.0,0.0,1.0,0.0,False,False,False,True,0.0,0.0,0.0,1.0,0.0,0.0,0.0,0.0,1.0,0.0,0.0
400fb2e196e71abb70e5b3f9aab4b9ee,"The teens were trying to hide that they get drink, but when they walked in the door their what gave it away?",C,B,C,C,1.0,0.0,1.0,0.0,False,False,False,True,0.0,0.0,0.0,1.0,0.0,0.0,0.0,0.0,1.0,0.0,0.0
3fb36127a61903029a363911a1d2b1e9_1,You'll find a landing at the top of what?,C,E,D,E,0.0,3.9e-07,0.0,0.99999881,True,True,False,False,0.99999842,6.5e-07,0.0,0.0,0.99999905,3.9e-07,9e-08,0.0,0.0,1.07e-06,0.99999881
8494b0b95533dcedbd76ae2916c481d4,"Anybody could be hired in the kitchen, what was needed of them?",D,A,D,D,1.0,1e-08,0.99142189,0.00857748,False,False,False,True,0.00857747,1e-08,0.0,0.0,1.0,0.0,0.00857748,2e-08,1e-08,0.99142189,6.4e-07
1531f1523f5fd24bbdb42c311dbf90e8,Where can you find a number of wind instruments together in public?,E,A,E,E,1.0,0.0,0.99966466,0.00033535,False,False,False,True,0.00033535,0.0,0.0,0.0,0.0,1.0,0.00033535,0.0,0.0,0.0,0.99966466
716ce4404a84b42dd64e561390c4b53b,A mountie got off at a subway stop.  What city might he be in?,E,A,D,D,5e-07,0.0,0.14803505,8.188e-05,False,False,False,False,8.187e-05,0.0,0.0,0.0,0.99999952,5e-07,8.188e-05,1.8e-07,8e-08,0.85188285,0.14803505
5169f7ae0781b15161551de3a189ebef,What do you want someone to do when you illustrate point?,E,B,C,C,0.0,0.0,0.0,3e-08,False,False,False,False,2e-08,0.0,0.0,1.0,0.0,0.0,1e-08,3e-08,1.0,0.0,0.0
ef22ef7aeec70aaa688720f805c1cf38,Billy set aside a block of time for having fun after work. Why might he do this?,B,C,B,C,1.0,2e-08,0.18203296,0.81581517,True,True,False,True,0.81581515,1e-08,1.0,2e-08,1e-08,1e-08,0.0020222,0.18203296,0.81581517,2.885e-05,0.00010068
514310637fb43a252bfadc8cbf79b277,"The man in the white suit was very lazy.  He did nothing useful.  Meanwhile, the ban in the blue had put in effort and was very what?",D,E,D,D,0.99999976,0.0,0.99999988,0.0,False,False,False,True,0.0,2.4e-07,5e-08,0.0,0.99999976,0.0,1.1e-07,1e-08,0.0,0.99999988,0.0
9370b2b0897b796dec4a40f107854c8d,What would you be unable to do if you have too much greed?,B,A,B,A,0.99997223,2.4e-07,0.21870209,0.76334527,True,True,False,True,0.76334503,2.4e-07,0.99997223,0.0,0.0,2.754e-05,0.76334527,0.21870209,1.8e-07,3.8e-07,0.01795216
49902e768c45aa41a0f9f95be81114e5,"It was a long trip from the farm, so he stayed in a hotel when he arrived at the what?",E,D,A,D,0.01094189,7.373e-05,0.02272607,0.96633709,True,True,False,False,0.96626336,0.9849577,0.0040253,2.3e-07,7.373e-05,0.01094189,0.00019662,3.18e-06,3.8e-07,0.96633709,0.02272607
e1f90cd664a6b150291e6d8444d85c54,I did not need a servant.  I was not a what?,B,E,C,E,0.0,0.0,3e-08,0.99984767,True,True,False,False,0.99984767,0.0,0.0,1.0,0.0,0.0,1.07e-06,3e-08,0.00012339,2.753e-05,0.99984767
320ec9b68fdefe13d59cc8b628083790,How would you get from one side of a canal to another?,D,E,D,E,1.0,0.0,0.01798621,0.98201376,True,True,False,True,0.98201376,0.0,0.0,0.0,1.0,0.0,1e-08,0.0,0.0,0.01798621,0.98201376
964185aed0e381853332bca1a4d91f46,"When learning about the world and different cultures, what is important if you are committed to eliminating preconceived notions",D,C,D,D,1.0,0.0,1.0,0.0,False,False,False,True,0.0,0.0,0.0,0.0,1.0,0.0,0.0,0.0,0.0,1.0,0.0
db8e010754c532d78635e5b7cf81a147,"An underrated thing about computers is how they manage workflow, at one time it was a big deal when they could first do what?",E,A,E,E,1.0,5e-08,0.98593638,0.01406363,False,False,False,True,0.01406357,5e-08,0.0,0.0,0.0,1.0,0.01406363,4e-08,0.0,1e-08,0.98593638
998381f854f51da2a6ccde45909e5168,Obstructing justice is sometimes an excuse used for police brutality which causes what in people?,D,A,D,E,0.98593638,0.0,0.0009093,0.22249741,True,False,True,True,0.22249741,0.0,0.0,0.0,0.98593638,0.01406363,0.22249741,5e-07,3.5e-07,0.0009093,0.7765923
bc38ad28e99cff7a65771233f734a007,While washing clothes they became what when caught on the sharp object?,D,C,D,D,1.0,0.0,0.99999714,0.0,False,False,False,True,0.0,0.0,0.0,0.0,1.0,0.0,2.9e-06,1e-08,0.0,0.99999714,1e-08
e3949997bf9d02048cfa5d8dd0f287aa,Seafood restaurants are used to draw tourists where?,E,C,E,E,0.9999938,1e-08,0.999734,0.00026119,False,False,False,True,0.00026118,2e-08,0.0,1e-08,6.14e-06,0.9999938,5e-08,3e-08,0.00026119,4.78e-06,0.999734
a7d51b753c2113d8b2dbd0ebb5375855,James's nice asked him about her grandfather. She was interested in learning about what?,A,B,A,A,0.9999963,0.0,0.99682591,1.37e-06,False,False,False,True,1.37e-06,0.9999963,0.0,0.0,0.0,3.73e-06,0.99682591,1.37e-06,0.0,0.0,0.00317268
3e4b326aff96e9adbb52ba18cfa877b2,James looked up and saw the start twinkling in the black yonder.  He marveled the sheer number of them and the size of what?,A,D,A,D,0.99881313,1.4e-07,0.00033311,0.99297593,True,True,False,True,0.99297578,0.99881313,6.5e-07,3e-08,1.4e-07,1.668e-05,0.00033311,3e-07,2e-08,0.99297593,0.00669062
5ac83e9e6fa9851ad3cccb0d57c1d88f,What would encourage someone to continue playing tennis?,E,D,E,E,1.0,0.0,1.0,0.0,False,False,False,True,0.0,0.0,0.0,0.0,0.0,1.0,0.0,0.0,0.0,0.0,1.0
2c0030cc14a27be2401dcfdaa501f0fc,James found the sound relaxing.   It was so relaxing he almost did what despite his efforts?,C,B,C,C,1.0,0.0,1.0,0.0,False,False,False,True,0.0,0.0,0.0,1.0,0.0,0.0,0.0,0.0,1.0,0.0,0.0
feb83263e6be392351db0794004efc3f,What regions of a town would you have found a dime store?,C,E,A,E,0.00116903,8.3e-07,0.0,0.99995399,True,True,False,False,0.99995316,0.99842047,7.473e-05,0.00116903,0.00033493,8.3e-07,4.54e-05,0.0,0.0,6.5e-07,0.99995399
80697d599280d994d8a584c95824ef1f,Where might an unused chess set be stored?,E,A,D,D,1e-08,0.0,5e-07,1.9e-07,False,False,False,False,1.8e-07,0.0,0.0,0.0,1.0,1e-08,1.9e-07,0.0,1e-08,0.99999928,5e-07
3c1800e7dd96d37fdd3c51b9fe502342,"james told his son to settle down and be careful.  There were many frogs mating in the area, and James didn't want his son to do what to them?",D,C,D,D,1.0,0.0,1.0,0.0,False,False,False,True,0.0,0.0,0.0,0.0,1.0,0.0,0.0,0.0,0.0,1.0,2e-08
4da33e6f4b789776acb1bc10195baa83,"A man wants air conditioning while we watches the game on Saturday, where will it likely be installed?",B,C,B,B,1.0,0.0,0.99999976,1e-08,False,False,False,True,1e-08,0.0,1.0,0.0,0.0,0.0,5e-08,0.99999976,1e-08,3e-08,1.9e-07
ae038e9af9d5a511ada7456b5e73b15e,What could be playing a balailaika?,B,A,B,B,0.99999797,1.4e-07,0.87539178,0.11847139,False,False,False,True,0.11847124,1.4e-07,0.99999797,1e-08,7e-08,1.76e-06,0.11847139,0.87539178,8.87e-06,0.0002287,0.00589834
a400b9fd1e319f901471c4b42d401c52,"Sailors drive many different types of boats, what type of boat involves their namesake.",E,C,E,E,1.0,0.0,1.0,0.0,False,False,False,True,0.0,0.0,0.0,0.0,0.0,1.0,0.0,0.0,0.0,0.0,1.0
9dffd2021771e0ecddb19031acf3701b,Where could a person avoid the rain?,C,B,B,B,3.72e-06,0.99900833,0.0,0.99999881,False,False,False,False,0.00099048,7.478e-05,0.99900833,3.72e-06,0.00091098,1.37e-06,3.1e-07,0.99999881,0.0,8.3e-07,0.0
3730c646fdf54472ab873aac9ff7852e,Why would a person like to have a large house?,E,B,E,E,0.99999976,0.0,1.0,0.0,False,False,False,True,0.0,2.4e-07,0.0,0.0,2e-08,0.99999976,1e-08,0.0,0.0,0.0,1.0
175e7dcdded13d5adafaebf2264c3abd,Where will a cheap book be found?,C,D,A,A,2e-08,3.1e-07,0.00012314,0.22264055,False,False,False,False,0.22264025,0.99998295,1.67e-05,2e-08,3.1e-07,0.0,0.77709187,2.14e-05,0.00012314,0.22264055,0.00012314
11d7db1d8e1cff2f40d4184f15cf7ae7,John and James are idiots. They bought two tickets to the Falcons vs the Jets even though neither wanted to see the what?,B,C,B,E,0.99973876,1e-08,0.01798578,9.95e-06,True,False,True,True,9.94e-06,5e-08,0.99973876,1e-08,1e-08,0.00026119,6.03e-06,0.01798578,9.95e-06,7.75e-06,0.98199042
08db69edf0ec5848c1a53dca8fc1601a,James noticed that his penis was bigger. .  How might he act toward his plastic surgeon?,C,A,C,C,1.0,0.0,1.0,0.0,False,False,False,True,0.0,0.0,0.0,1.0,0.0,0.0,0.0,0.0,1.0,0.0,0.0
855ab6ba47f6311104c4d29e24ef0234,Who do professors work with?,D,C,D,C,1.0,0.0,1.301e-05,0.99998677,True,True,False,True,0.99998677,1e-08,0.0,0.0,1.0,2e-08,1.9e-07,0.0,0.99998677,1.301e-05,5e-08
7ec11eeca4221795c117943ca2639e86,Colorful anemone look somewhat like what object you find on window sills?,D,E,D,D,1.0,0.0,0.67917582,0.32081993,False,False,False,True,0.32081993,0.0,0.0,0.0,1.0,0.0,4.17e-06,0.0,0.0,0.67917582,0.32081993
e9389b08fdd17f14b148d498d6ff4dfe,From where do aliens arrive?,A,B,A,A,0.99999332,3e-08,0.99998915,1.013e-05,False,False,False,True,1.01e-05,0.99999332,3e-08,7e-08,4.79e-06,1.76e-06,0.99998915,1.013e-05,2e-08,6.5e-07,1.1e-07
afa2899cc21e204fa64e63e7839e8c1e,"The hikers stopped to have a drink, simply put they what?",B,A,B,B,1.0,3e-08,0.99998581,7.89e-06,False,False,False,True,7.86e-06,3e-08,1.0,0.0,0.0,0.0,7.89e-06,0.99998581,5e-08,1.1e-07,6.14e-06
f898eb5b789d2dc6804edba269f051f0,When you get up in the morning before you begin work you should do what?,D,C,D,C,1.0,0.0,0.00669285,0.9933068,True,True,False,True,0.9933068,0.0,0.0,0.0,1.0,0.0,1.4e-07,1e-08,0.9933068,0.00669285,2.4e-07
7ed7379fc51fd35a47be022f6c56ce51,"The kitten had nothing to dig it's claws into, so when it tried to stop it slid across what?",B,D,D,D,0.0,1.0,0.0,1.0,False,False,False,False,0.0,0.0,0.0,0.0,1.0,0.0,0.0,0.0,0.0,1.0,0.0
15798a23ee6952fedd6d202064069126,If a person is trying to keep something in their hand what should they do?,E,B,E,E,1.0,0.0,1.0,0.0,False,False,False,True,0.0,0.0,0.0,0.0,0.0,1.0,1e-08,0.0,0.0,0.0,1.0
273d0134e8ce53d4ebcf41ca7fde02af,Where could you find hundreds of thousands of home?,D,A,D,D,0.99999964,5e-08,0.99999809,8.3e-07,False,False,False,True,7.8e-07,5e-08,5e-08,1.1e-07,0.99999964,9e-08,8.3e-07,4e-08,2e-08,0.99999809,1.07e-06
2f0931adc3d0d422d9ab6264395e89d8,"Playing baseball is a lot like any other sport, there is always a risk of what?",D,B,D,D,1.0,0.0,1.0,0.0,False,False,False,True,0.0,0.0,0.0,0.0,1.0,0.0,0.0,0.0,0.0,1.0,0.0
d00d3ba777cb3889a45799d72fca0a50,If I want to watch a movie without leaving my home what might I use?,C,A,C,C,0.99999845,0.0,0.99551103,4e-08,False,False,False,True,4e-08,0.0,0.0,0.99999845,3e-08,5e-07,4e-08,1.99e-06,0.99551103,0.00015775,0.00406843
b1f36d1c8ab7e5a28783cb38e8709c27,"The victim was to take stand today, they were going to do what?",A,B,,A,0.03732682,2.3e-07,0.99682401,0.00317267,True,False,True,False,0.00317244,0.03732682,2.3e-07,3e-08,4.3e-07,1.03e-06,0.99682401,0.00317267,6e-08,1.37e-06,6.5e-07
a5e76dd088aab4f89e2fe93f6de6e46d,What does a successful dog grooming session likely to make a owner feel?,D,E,D,D,1.0,0.0,1.0,0.0,False,False,False,True,0.0,0.0,0.0,0.0,1.0,0.0,0.0,0.0,0.0,1.0,0.0
ac6f0e24dd6203cda43e1089dcf081d6,"The runner was in third place, but he pushed harder and thought he might be able to reach second.  What was beginning to do?",D,A,D,D,1.0,0.0,1.0,3e-08,False,False,False,True,3e-08,0.0,0.0,0.0,1.0,0.0,3e-08,2e-08,0.0,1.0,0.0
1ab746bcd100ccf513055fe93c61010b,"The tourist entered Mammoth cave, what state were they in?",B,C,B,B,0.99999821,1e-07,0.99999893,3e-08,False,False,False,True,-7e-08,0.0,0.99999821,1e-07,2e-08,1.37e-06,2e-08,0.99999893,3e-08,4e-08,1.07e-06
af836abc58e0daf36df1d8d6830b70c5,What does someone typically feel when applying for a job?,B,C,B,C,0.99999475,0.0,2.4e-07,0.99999857,True,True,False,True,0.99999857,5e-07,0.99999475,0.0,0.0,4.79e-06,6.5e-07,2.4e-07,0.99999857,1e-08,6.5e-07
2ed66cfd206723a006b37599b516ad6e,"He was on trial for obstructing justice, during which he made a questionable comment and was also found guilty of what?",E,D,E,E,1.0,0.0,1.0,0.0,False,False,False,True,0.0,0.0,0.0,0.0,0.0,1.0,0.0,0.0,0.0,0.0,1.0
e89a2762d578cb7bc2cc0a5b2a16d933,What kind of feelings does buying presents for others create?,E,B,E,E,1.0,0.0,0.99999988,1e-08,False,False,False,True,1e-08,0.0,0.0,0.0,0.0,1.0,0.0,1e-08,0.0,7e-08,0.99999988
43cec0fff43a976fade9112d02b66021,What green area is a marmot likely to be found in?,A,D,A,D,0.99999619,8.3e-07,6.14e-06,0.99998593,True,True,False,True,0.9999851,0.99999619,7e-08,2.9e-06,8.3e-07,1e-08,6.14e-06,0.0,0.0,0.99998593,7.89e-06
30e66db11e0257a14a17108b90cd69fb,"Jan tested the current, and noticed that it was high.  He thought that the wires might have too much what?",D,E,D,D,1.0,0.0,1.0,0.0,False,False,False,True,0.0,0.0,0.0,0.0,1.0,0.0,0.0,0.0,0.0,1.0,0.0
f21ef67b31bd36a3174b6b4c7b4bbc7b,What does a kindergarten teacher do before nap time?,E,B,E,E,1.0,1e-08,0.67917501,0.32081955,False,False,False,True,0.32081954,0.0,1e-08,0.0,0.0,1.0,5.36e-06,0.32081955,0.0,6e-08,0.67917501
e476e2c8c278eaecfe1a8b884b6aeb8e,"Sam was a stranger.  Even so, Mark treated him like what?",B,C,A,C,8.3e-07,0.0,9e-08,0.99998939,True,True,False,False,0.99998939,0.99996364,8.3e-07,0.0,7e-08,0.0,1.013e-05,9e-08,0.99998939,2e-08,3.1e-07
191e3c676f05a11d6b2565d8c27d2001,"Bob's only light source was a small bulb.  There were four walls, if there was a door he couldn't see it.  What was Bob in?",A,D,A,A,0.99999905,5e-08,0.94477978,0.00817395,False,False,False,True,0.0081739,0.99999905,7e-08,0.0,5e-08,8.3e-07,0.94477978,7.45e-06,7.9e-07,0.00817395,0.04703781
99098375c7b651d524eebac72e358238,James thought of criminal justice like a computer program.  It need to work right.   What ideas might James not like?,D,E,D,E,0.8743928,0.07177453,4.534e-05,0.99878483,True,True,False,False,0.9270103,0.02640437,0.00102381,0.02640437,0.8743928,0.07177453,0.00116946,3.1e-07,1e-08,4.534e-05,0.99878483
290fac9f881a83d8bfb34355f8e71044,With the card slot lit up he knew how to get started finding his balance with what?,E,C,E,E,1.0,0.0,0.9999975,2.26e-06,False,False,False,True,2.26e-06,0.0,0.0,0.0,0.0,1.0,2.4e-07,0.0,2.26e-06,0.0,0.9999975
6c36226b23377a0dd0188bf56840e22a,To play sports professionally you must do what very often?,C,E,C,C,1.0,0.0,1.0,0.0,False,False,False,True,0.0,0.0,0.0,1.0,0.0,0.0,0.0,1e-08,1.0,0.0,0.0
aa5aa36557a5fbb93391506182f1025c,Some people prefer releasing energy through work while others prefer to release it through what?,C,E,C,E,0.90037438,0.00472473,0.00054008,0.97648208,True,True,False,False,0.97175735,9.6e-07,1.23e-06,0.90037438,0.09489875,0.00472473,1.27e-05,4.9e-07,0.00054008,0.02296466,0.97648208
a38df3e750b1edd30f905e17af803c61,What will a person going for a jog likely be wearing?,C,A,C,C,1.0,0.0,0.99999774,1.37e-06,False,False,False,True,1.37e-06,0.0,0.0,1.0,0.0,0.0,1.37e-06,3e-08,0.99999774,8.3e-07,3e-08
dba51270f789c75a2e38a5201b124d99,"The child pretended he was reading newspaper, he couldn't actually do it without what?",E,B,C,E,0.0,0.0,0.99999988,0.0,True,False,True,False,0.0,0.0,0.0,1.0,0.0,0.0,0.0,0.0,1e-08,5e-08,0.99999988
1be8ec824eb0c7218b6bc160fd191428,Jenny enjoyed helping people.  It brought her a great deal of what?,A,C,A,A,0.99997246,0.0,0.62245425,1.7e-07,False,False,False,True,1.7e-07,0.99997246,0.0,0.0,0.0,5e-08,0.62245425,2.98e-06,1.7e-07,3.82e-06,0.37753759
0e80f2afe5c4f652e8720b52d7c06c87,What might someone believe in if they are cleaning clothes?,B,A,B,B,0.99999869,1.07e-06,0.991297,0.0085764,False,False,False,True,0.00857533,1.07e-06,0.99999869,1e-08,1e-08,1.9e-07,0.0085764,0.991297,2.88e-06,1.36e-06,0.00012234
b67971747e95ba425a5b81e0ba8d0b28,Where would you find a basement that can be accessed with an elevator?,D,C,D,E,0.99999523,3e-08,1.76e-06,0.00015844,True,False,True,True,0.00015841,0.0,0.0,3e-08,0.99999523,4.79e-06,3e-08,0.0,0.00015844,1.76e-06,0.99983981
fcd39cfa321728fea069a6ae4285b06f,In order to learn to program from another person you can do what?,D,A,D,A,0.99999845,3e-08,0.01406313,0.98590162,True,True,False,True,0.98590159,3e-08,3e-08,0.0,0.99999845,1.37e-06,0.98590162,3e-07,2e-08,0.01406313,3.486e-05
cb6766fb25daee911fc8e9816b98938c,"He was at the gym trying to build muscle, what is it called that he is trying to build muscle on?",E,B,E,E,1.0,0.0,0.99463979,0.00521939,False,False,False,True,0.00521939,0.0,0.0,0.0,0.0,1.0,9.56e-05,0.00521939,9e-08,4.516e-05,0.99463979
54231f875bb7fe4d3e4afb6eae64387c,What part of plants is pretty?,D,B,D,D,1.0,0.0,0.99999857,7e-08,False,False,False,True,7e-08,3e-08,0.0,0.0,1.0,2e-08,1.07e-06,7e-08,0.0,0.99999857,2.4e-07
7d7f7d7a8ae3b20ca9fc0da6efe467b4,"The man was going fishing instead of work, what is he seeking?",B,A,B,A,0.99956865,0.00043056,2.4e-07,0.99999976,True,True,False,True,0.9995692,0.00043056,0.99956865,5e-08,9e-08,6.5e-07,0.99999976,2.4e-07,0.0,2e-08,2e-08
31b72d4e4ae7c672c20e27e42499ec79,What could you get an unsmooth pit from?,E,A,D,D,4e-08,0.0,4e-08,3.1e-07,False,False,False,False,3.1e-07,0.0,0.0,1e-08,1.0,4e-08,3.1e-07,0.0,0.0,0.99999964,4e-08
26ce83b8e9a263079aa8cdbd5258d667,"The man tried to reply to the woman, but he had difficulty keeping track of conversations that he didn't do what to?",A,B,A,A,1.0,0.0,0.99999976,1.9e-07,False,False,False,True,1.8e-07,1.0,0.0,0.0,0.0,0.0,0.99999976,1.9e-07,0.0,0.0,0.0
30138608d4934a75cf0911a06b021374,"I couldn't find anybody who recalled the event, what were they adroit at doing?",E,B,E,B,1.0,0.0,0.04742559,0.95256842,True,True,False,True,0.95256842,0.0,0.0,0.0,0.0,1.0,5.85e-06,0.95256842,0.0,4e-08,0.04742559
01abce8c4964371d85a5be2019f75827,Where would you find a large dining room containing a fancy chandelier?,A,B,A,A,0.99999988,0.0,0.99998653,1.4e-07,False,False,False,True,1.4e-07,0.99999988,0.0,0.0,0.0,0.0,0.99998653,1.4e-07,0.0,3.1e-07,1.301e-05
3e2222c99e11fca2ad4af2d470eb8ea2_1,"The extremely large cargo plane could only land at a specialized runway, these were only located at a what?",D,A,D,D,1.0,0.0,1.0,0.0,False,False,False,True,0.0,0.0,0.0,0.0,1.0,0.0,0.0,0.0,0.0,1.0,1e-08
847dbf5b73c3e8d49bb9a36491d95e79,"The carpet was smelly and discouraged the league from playing there, where was this smelly carpet installed?",C,D,D,D,0.0004305,0.99944444,0.0,0.99999952,False,False,False,False,0.00055509,3e-08,1.76e-06,0.0004305,0.99944444,0.00012334,0.0,0.0,0.0,0.99999952,5e-07
fa031cff8e11e75c68d6a99ef0e5ca3a,How can someone be let into a brownstone?,B,A,B,A,0.49417135,0.00905106,6.14e-06,0.9999938,True,True,False,False,0.99094274,0.00905106,0.49417135,8.25e-06,0.00259317,0.49417135,0.9999938,6.14e-06,0.0,0.0,0.0
c592258c88295756833e9796e881057b,Where would someone purchase an upright piano?,C,B,C,C,1.0,0.0,1.0,0.0,False,False,False,True,0.0,0.0,0.0,1.0,0.0,0.0,0.0,0.0,1.0,0.0,0.0
e1403a7c581bc263aea2ed8d179826d1,Where would you keep an ottoman near your front door?,A,D,A,D,1.0,0.0,0.000911,0.9990307,True,True,False,True,0.99903069,1.0,0.0,0.0,0.0,0.0,0.000911,3e-08,0.0,0.9990307,5.824e-05
15c38f66e811d6ed68cde931bc31d93c,Diving into backyard pools can be very dangerous and can lead to serious head and what?,E,D,E,E,1.0,0.0,1.0,1e-08,False,False,False,True,1e-08,0.0,0.0,0.0,0.0,1.0,0.0,0.0,0.0,1e-08,1.0
1ac54dbf6b67f27daa3d456416047584,Where would one find a snake in a cage?,D,B,D,D,1.0,0.0,0.99999976,1e-08,False,False,False,True,1e-08,0.0,0.0,0.0,1.0,0.0,7e-08,1e-08,0.0,0.99999976,9e-08
21763a65765b5405c9a54484c2e54a72,Where are people likely to become impatient?,A,C,A,C,0.99987616,0.0,3.535e-05,0.99976104,True,True,False,True,0.99976104,0.99987616,9e-08,0.0,3.1e-07,0.00012339,3.535e-05,6e-08,0.99976104,1.4e-07,0.00020342
c492b8b9754a181c924c1df19998cbc7,"When you fail to finish something, you failed at doing what to it",C,E,C,E,1.0,0.0,0.0,1.0,True,True,False,True,1.0,0.0,0.0,1.0,0.0,0.0,0.0,0.0,0.0,0.0,1.0
fff554fffa1a0adc64b8d1e21d55534b,John didn't care about style.  He felt that form was less important than what?,C,B,C,C,1.0,0.0,1.0,0.0,False,False,False,True,0.0,0.0,0.0,1.0,0.0,0.0,0.0,0.0,1.0,0.0,0.0
8ea5720718c0e122efa6277edb511569,"When you get together with friends to watch film, you might do plenty of this?",D,E,C,D,1.67e-05,0.0,0.99979131,2.26e-06,True,False,True,False,2.26e-06,1e-08,0.0,0.99998331,1.67e-05,0.0,2.9e-06,1.4e-07,0.00020343,0.99979131,2.26e-06
23e4257a49972efd8a97672f060be1c1,A supermarket is uncommon in what type of collection of shops?,A,E,A,E,0.99999511,9e-08,3.536e-05,0.99996448,True,True,False,True,0.99996439,0.99999511,4.79e-06,0.0,0.0,9e-08,3.536e-05,1.3e-07,1e-08,1e-08,0.99996448
a018d65a74b9e77d81014fd8f6d78f77,"Bill puts meat on the scale, where does Bill work?",D,B,D,D,1.0,0.0,1.0,0.0,False,False,False,True,0.0,0.0,0.0,0.0,1.0,0.0,0.0,0.0,0.0,1.0,0.0
24ceaf5c10863e73919b5f1b0f2db38e,"I'm having some food at my party, what will I need to serve it?",E,A,E,A,0.99992693,2.1e-07,0.00522004,0.99476352,True,True,False,True,0.99476331,2.1e-07,7.89e-06,5.829e-05,3.73e-06,0.99992693,0.99476352,6e-08,2e-08,1e-08,0.00522004
900492bd731f8f615ed7c08155737d44,Before racers start to run they must do what at the starting line?,E,A,D,D,0.02297737,0.0,0.01572163,0.31577741,False,False,False,False,0.31577741,0.0,0.0,0.0,0.97702265,0.02297737,0.31577741,6e-08,3e-08,0.66850078,0.01572163
4e3f85dc92eaad4ae6bc6529d62e382c,What does an actor do when they are bored of their roles?,B,E,B,B,1.0,0.0,1.0,2e-08,False,False,False,True,2e-08,0.0,1.0,0.0,0.0,0.0,1e-08,1.0,0.0,1e-08,2e-08
fa1f17ca535c7e875f4f58510dc2f430,What is a person called who doesn't have immortality?,E,C,,E,6e-08,0.0,0.99931847,4.004e-05,True,False,True,False,4.004e-05,0.00012339,0.0,0.0,3e-08,6e-08,8.476e-05,3.1e-07,4.004e-05,8.3e-07,0.99931847
76b6f0765a3b2fba71021f902142edc0,Why would you be watching tv instead of doing something else?,C,E,C,E,0.99995983,3.536e-05,0.0,1.0,True,True,False,True,0.99996464,0.0,0.0,0.99995983,4.78e-06,3.536e-05,0.0,0.0,0.0,0.0,1.0
f1368ab1d4ee05d72d555474fcd737d7,"If chewing food is difficult for you, what is a possible reason?",B,E,B,E,0.99966466,0.00033535,0.0,1.0,True,True,False,True,0.99966465,1e-08,0.99966466,0.0,4e-08,0.00033535,0.0,0.0,0.0,0.0,1.0
3dee8fc7f0a3fbf4de111b6686fca157,"He had to wear a tuxedo while playing the keyboard instrument, so did the other hundred members of the what?",D,E,D,D,1.0,0.0,1.0,0.0,False,False,False,True,0.0,0.0,0.0,0.0,1.0,0.0,0.0,0.0,0.0,1.0,0.0
ea0e7771afd86a59fd9f7764b77e3fa4,Where do you find the most amount of leafs?,C,A,C,C,0.99908852,0.0,0.99992216,5e-07,False,False,False,True,5e-07,0.0,4e-08,0.99908852,4e-08,3.9e-07,5e-07,2.4e-07,0.99992216,5e-07,7.485e-05
2c845646032bbf27fb3904330d59d324,Where can children play with animals?,E,A,D,D,0.0,0.0,0.0,0.0,False,False,False,False,0.0,0.0,0.0,0.0,1.0,0.0,0.0,0.0,0.0,1.0,0.0
bc08c354e5bead6863ea4a29cb8fa359,What kind of tale might feature a talking weasel?,E,A,E,E,1.0,0.0,1.0,0.0,False,False,False,True,0.0,0.0,0.0,0.0,0.0,1.0,0.0,0.0,0.0,0.0,1.0
fb35c7aa5694bab2cde4b7257bfae003,What kind of status is the bald eagle given?,C,E,C,E,0.99999774,1.07e-06,0.0,1.0,True,True,False,True,0.99999893,1e-08,3.1e-07,0.99999774,0.0,1.07e-06,0.0,0.0,0.0,0.0,1.0
e2a9f0041d17a9944377a91bef5e0d0d,Why do most people take a quick rest during the day?,C,D,C,D,0.96267241,1e-08,0.0,0.9999994,True,True,False,True,0.99999939,0.03732686,3.8e-07,0.96267241,1e-08,3.8e-07,6.5e-07,0.0,0.0,0.9999994,4e-08
ae56eff01d05422ddbcb26be7181356a,What could suddenly stop someone when he or she is running?,B,A,B,A,0.99987794,5.829e-05,1.013e-05,0.99954554,True,True,False,True,0.99948725,5.829e-05,0.99987794,8.3e-07,3.535e-05,2.753e-05,0.99954554,1.013e-05,1.6e-07,1.3e-05,0.00043055
895aa97bb84d874d71b2aed572cebfdd,Where would you find a monkey in the wild?,E,B,E,E,1.0,0.0,0.99999976,4e-08,False,False,False,True,4e-08,0.0,0.0,0.0,0.0,1.0,2.4e-07,4e-08,0.0,0.0,0.99999976
9d625e948e9c3777e7cc54ed8ffea135,Where could a sloth live?,A,C,A,A,1.0,0.0,0.99999607,2e-08,False,False,False,True,2e-08,1.0,0.0,0.0,0.0,0.0,0.99999607,1.4e-07,2e-08,3.73e-06,9e-08
d107d67d525a686fbd8282314d2ea33c,"A gentleman is carrying equipment for golf, what is he likely to have?",A,C,A,A,1.0,2e-08,0.99992431,4.78e-06,False,False,False,True,4.77e-06,1.0,1e-08,2e-08,0.0,0.0,0.99992431,4.78e-06,4.78e-06,5.829e-05,7.89e-06
fee5ff19811750ad019665af7b36b3c4,"If you have a home with a courtyard, what's one thing you probably don't have to care for any longer?",A,E,A,E,1.0,0.0,5e-07,0.99999952,True,True,False,True,0.99999952,1.0,0.0,0.0,0.0,0.0,5e-07,0.0,0.0,0.0,0.99999952
e69da59cbcf2a302e4523571eba8186b,"The computer was difficult for he to understand at the store, so what did she sign up for to learn more?",E,B,C,A,4e-08,0.00011583,6.5e-07,0.00070916,True,False,True,False,0.00059333,0.26891021,0.00011583,0.73097374,1.4e-07,4e-08,0.99857106,0.00070916,0.00070916,1.012e-05,6.5e-07
2dd138a63b5895cf737ced793cc668e7,"If you take the risk buying a used car, you still hope it can what?",E,D,E,E,1.0,0.0,1.0,0.0,False,False,False,True,0.0,0.0,0.0,0.0,0.0,1.0,0.0,0.0,0.0,0.0,1.0
b33047f46db680a9b630c13e8ca115cc,"Dan was ditting quietly on the couch with a book in his hand.  Laurie thought that he was just focused on what he was doing, but he actually did what?",E,B,C,C,1.67e-05,2.26e-06,0.00316787,6.12e-06,False,False,False,False,3.86e-06,4e-08,2.26e-06,0.99985768,0.00012339,1.67e-05,1.295e-05,6.12e-06,0.99531661,0.0014964,0.00316787
f20d40bc4af588223e880e0bb58b27b8,What is the primary purpose of cars?,C,D,C,C,1.0,0.0,0.99999619,3.73e-06,False,False,False,True,3.73e-06,0.0,0.0,1.0,0.0,0.0,3e-08,0.0,0.99999619,3.73e-06,9e-08
b6b66d4519a84b8331ea55f84767e9df,"Alabama is full of different people, but they are all citizens of what?",A,E,A,A,1.0,0.0,0.88079566,0.11920274,False,False,False,True,0.11920274,1.0,0.0,0.0,0.0,0.0,0.88079566,1.21e-06,0.0,6e-08,0.11920274
952cf4b2f7a434b2eeae9f4c7ed89c0a,They were hoping their campaign would create a rise in awareness of the problem and hopefully do what to its effect?,E,B,E,E,1.0,0.0,0.99995291,3.536e-05,False,False,False,True,3.536e-05,0.0,0.0,0.0,0.0,1.0,7.89e-06,3.536e-05,0.0,1.6e-07,0.99995291
b63e5cd88bfe75d29ff9fdc6dd97fed6,What do airplanes do as they are arriving at the gate?,A,B,A,A,0.99999857,0.0,0.99330538,1.36e-06,False,False,False,True,1.36e-06,0.99999857,0.0,0.0,1.37e-06,0.0,0.99330538,1.36e-06,0.0,0.00669284,3e-07
ec5a336080e37fbe95d72ad5f9c65ba7,If a person with mental illness stops treatment what will likely happen?,C,E,C,E,1.0,0.0,1e-08,1.0,True,True,False,True,1.0,0.0,0.0,1.0,0.0,0.0,0.0,0.0,1e-08,0.0,1.0
6386bcf080633bc3eeb3317a5435b7b7,The gimmicky low brow TV show was about animals when they what?,E,A,B,A,0.00150076,0.00026079,1.002e-05,0.98896852,True,True,False,False,0.98870773,0.00026079,0.99821648,5e-07,2.141e-05,0.00150076,0.98896852,2.723e-05,5e-08,7.8e-06,1.002e-05
43ab0ff711e60d51f943bbd2cdd6515a,"A loud machine is irritating, but many are expected where?",E,A,E,A,0.99995089,3.73e-06,0.04742566,0.95256982,True,True,False,True,0.9525661,3.73e-06,0.0,0.0,4.54e-05,0.99995089,0.95256982,0.0,0.0,4.56e-06,0.04742566
11c4c78d61e8212f0984fd07eb22b669,What part of a table would you put a ruler in?,A,B,A,B,0.99973805,3.9e-07,2.144e-05,0.99997819,True,True,False,True,0.99997779,0.99973805,3.9e-07,1e-08,0.00026119,3.9e-07,2.144e-05,0.99997819,0.0,5e-08,3.9e-07
e61891746aa94ab57aaa754614034aef,What happens if someone kisses too long?,C,A,B,A,1.1e-07,1.36e-06,0.0,0.99994159,True,True,False,False,0.99994023,1.36e-06,0.99477838,1.1e-07,4e-08,0.00522012,0.99994159,1.1e-07,0.0,1e-08,5.829e-05
97da9aa4ea4b22744ec51cba49f35bfc,"If I have a modern light source in my living room, what is it likely to be?",C,B,C,C,1.0,0.0,1.0,0.0,False,False,False,True,0.0,0.0,0.0,1.0,0.0,0.0,0.0,0.0,1.0,0.0,0.0
46241bc83e8d81196ae5783b2b9854a4,"The person saw the mess his children made, what was his following reaction?",E,B,E,E,1.0,0.0,1.0,0.0,False,False,False,True,0.0,0.0,0.0,0.0,0.0,1.0,0.0,0.0,0.0,0.0,1.0
18844d3aa4e52b331b5382c8244cf4db,Who might wear dark glasses indoors?,A,E,D,E,5e-07,3.1e-07,2e-08,0.99849879,True,True,False,False,0.99849848,5e-07,0.0,0.0,0.99999917,3.1e-07,2e-08,0.0,0.0,0.00150118,0.99849879
056b33c7050c167b0d4348d40d169358,Where would stones not be arranged in a path?,B,E,E,E,2.345e-05,0.85166247,0.0,0.99999988,False,False,False,False,0.14833741,0.14799674,2.345e-05,4.3e-07,0.0002857,0.85166247,7e-08,0.0,0.0,0.0,0.99999988
31d7dd1d00aabe411568df3e72d5b5e0,A bald eagle is likely to be found on what kind of work?,D,E,D,E,0.99996233,2.754e-05,0.0,1.0,True,True,False,True,0.99997246,1.013e-05,1e-08,0.0,0.99996233,2.754e-05,0.0,0.0,0.0,0.0,1.0
cbf3dd48b4d591fc872a53cd4b9dd3af,"The hostess was good at her job, she always had a smile when she would what?",C,B,C,C,1.0,0.0,1.0,0.0,False,False,False,True,0.0,0.0,0.0,1.0,0.0,0.0,0.0,0.0,1.0,0.0,0.0
60e8f1a86d4063895f340cd1e3c55f50,What is likely to happen to someone who is learning?,C,E,E,E,1.9e-07,0.99999344,0.0,1.0,False,False,False,False,6.56e-06,1e-08,1.4e-07,1.9e-07,1e-08,0.99999344,0.0,0.0,0.0,0.0,1.0
eee8cb7a0d806a62d2de24831f82e3e1,"The inspector was agreeing with the factory protocols, what was the status of the factory?",A,B,A,A,1.0,0.0,0.99999857,1.37e-06,False,False,False,True,1.37e-06,1.0,0.0,4e-08,0.0,0.0,0.99999857,1.37e-06,0.0,1e-08,1e-08
9a23a7f04e63bf9f4c7dfe50c58abfd2,"After standing up I had to sit right back down, why would I feel like this?",C,B,D,D,3e-08,0.0,0.00149695,0.00246805,False,False,False,False,0.00246805,0.0,0.0,3e-08,1.0,0.0,0.00033401,0.00246805,0.00149695,0.99568426,1.663e-05
e3426e4f60c142aa3d813479f79d6305,Where do you go on a night out before going to the bar?,C,E,C,C,0.99752741,0.0,0.55770347,0.00795521,False,False,False,True,0.00795521,1e-08,2e-08,0.99752741,0.00247262,0.0,3.6e-07,9.8e-07,0.55770347,0.4343399,0.00795521
3526550b02d9594abd4fc43553010fc6,"The dad wanted to protect his house, where did he put his gun?",D,A,D,E,0.96267307,0.0,0.00857748,9e-08,True,False,True,True,9e-08,0.0,0.0,0.0,0.96267307,0.03732689,9e-08,0.0,0.0,0.00857748,0.99142248
e567c94d88829fb07a30e3d46c02e664,What instrument can be played with an air of happiness?,E,D,E,E,0.99999976,0.0,0.99999893,0.0,False,False,False,True,0.0,0.0,0.0,0.0,0.0,0.99999976,0.0,0.0,0.0,0.0,0.99999893
cf5a710c931779fb3dde198e0ace3b6a,What to kids do for boredom on a ramp?,E,C,E,E,1.0,0.0,1.0,0.0,False,False,False,True,0.0,0.0,0.0,0.0,0.0,1.0,0.0,0.0,0.0,0.0,1.0
0f2377604e628c55ba588366139396b9,What animal has quills all over it?,E,D,D,D,0.0,1.0,0.0,1.0,False,False,False,False,0.0,0.0,0.0,0.0,1.0,0.0,0.0,0.0,0.0,1.0,0.0
ada088b7c97de80336ad043757c2db16,Why would you go to an office?,A,D,A,D,0.99999988,0.0,0.00015844,0.99984064,True,True,False,True,0.99984064,0.99999988,7e-08,0.0,0.0,0.0,0.00015844,1.1e-07,0.0,0.99984064,8.3e-07
beef0aa2058297904bb4acc1dc340c85,When is the worst time for having food?,B,E,B,E,0.99771309,0.0003347,0.0,1.0,True,True,False,True,0.9996653,0.00192604,0.99771309,4.77e-06,2.14e-05,0.0003347,3e-08,0.0,0.0,0.0,1.0
ba9a05bd2086c0d37733e26479d6630f,If you spend all your time buying and not saving what is is likely to happen?,E,D,D,D,0.0,1.0,0.0,1.0,False,False,False,False,0.0,0.0,0.0,0.0,1.0,0.0,0.0,0.0,0.0,1.0,0.0
6b0bf501aa68b06ddc5ad72ac5ff68fc,"Though a mouse might prefer your house, you might also see him where?",C,B,D,D,0.0,0.0,1.06e-06,0.00521722,False,False,False,False,0.00521722,4e-08,0.0,0.0,1.0,0.0,0.00054989,0.00521722,1.06e-06,0.99422566,6.11e-06
926298bbdd03ce96acfeb4408b888b61,What is performing a type of?,B,C,E,E,0.0,0.0,0.0,0.00015844,False,False,False,False,0.00015844,0.0,0.0,0.0,0.0,1.0,2.7e-07,0.0,0.00015844,0.0,0.99984124
faa0aa438b94c19be8ff52ee80d9e298,"The car was going from Alabama to New York, what was its goal?",A,D,C,A,0.43782342,1e-08,0.99438677,0.00521806,True,False,True,False,0.00521806,0.43782342,1.7e-07,0.5621764,1e-08,0.0,0.99438677,3.71e-06,0.00033358,0.00521806,5.797e-05
9310c39a0752f28640c3a05cba1d5ca7,What do they call the trash in Australia?,E,B,E,E,1.0,0.0,0.99965406,0.00033535,False,False,False,True,0.00033535,0.0,0.0,0.0,4e-08,1.0,5e-07,0.00033535,0.0,1.013e-05,0.99965406
fee5f4e9d8e37f0183e36eb9b8dbcbb9,"Joan wants to cook a potato, where should she place it?",A,B,A,A,1.0,0.0,1.0,4e-08,False,False,False,True,4e-08,1.0,0.0,0.0,0.0,0.0,1.0,4e-08,0.0,2e-08,0.0
5392af3f1c4665e95ff3354e5115de42,Writers with a great what can amass a large fortune?,D,A,C,C,2.4e-07,0.0,0.18239476,6.45e-06,False,False,False,False,6.45e-06,0.0,2e-08,0.99999976,2.4e-07,0.0,6.45e-06,6.119e-05,0.81743661,0.18239476,0.00010088
4c5c74b3287492d6ddb2da4c8c0fd51a,Where do all animals live?,C,D,C,D,0.99999952,0.0,3.73e-06,0.99992061,True,True,False,True,0.99992061,0.0,0.0,0.99999952,0.0,5e-07,8.3e-07,0.0,3.73e-06,0.99992061,7.485e-05
52f3eb6c9a6b9671050fc769d465ed03,How are the conditions for someone who is living in a homeless shelter?,A,B,A,B,0.99999702,2.9e-06,7.89e-06,0.99998426,True,True,False,True,0.99998136,0.99999702,2.9e-06,0.0,4e-08,1.4e-07,7.89e-06,0.99998426,0.0,0.0,7.89e-06
03ee30b5801b61aee791a551a9d9a49f,You can do knitting to get the feeling of what?,A,B,A,A,0.99999952,0.0,0.99962558,0.00033534,False,False,False,True,0.00033534,0.99999952,0.0,0.0,1.1e-07,1.9e-07,0.99962558,0.00033534,0.0,3.73e-06,3.534e-05
6d1d483745bc0aae0f4dd04e851ceffb,What might a very large table be?,B,E,B,E,0.9999553,1.67e-05,0.0,0.99999988,True,True,False,True,0.99998318,3.73e-06,0.9999553,2.9e-06,2.144e-05,1.67e-05,9e-08,0.0,0.0,1e-08,0.99999988
bf10bfda7328c8671e15adf8546b64d7,John got his tax refund back.  He treated it like it was what?,C,B,C,C,1.0,0.0,0.99994183,4.78e-06,False,False,False,True,4.78e-06,0.0,0.0,1.0,0.0,0.0,7.89e-06,4.78e-06,0.99994183,9e-08,4.54e-05
0b3a3ee40dd25be9735ac5e3342ca4dd,A person with an allergy might be doing what if they awake suddenly?,E,A,D,D,6.5e-07,0.0,0.09534419,5.273e-05,False,False,False,False,5.273e-05,0.0,0.0,0.0,0.9999994,6.5e-07,5.273e-05,1.2e-07,5e-08,0.90460047,0.09534419
77e2a0b469b56bea81921a4a945ffcb5,Where is a ferret unlikely to be?,A,B,A,B,0.99992455,1e-08,3.536e-05,0.9999646,True,True,False,True,0.99996458,0.99992455,1e-08,6.5e-07,7.485e-05,1e-08,3.536e-05,0.9999646,0.0,0.0,0.0
dc964e4f6df6b70815e81e466d0ff717,If you jump in any of the oceans you will get?,B,C,B,C,1.0,0.0,9e-08,0.99999976,True,True,False,True,0.99999976,1e-08,1.0,0.0,0.0,0.0,1.1e-07,9e-08,0.99999976,0.0,0.0
6b9221c1af583ffb43580857d6fde38a,"Immediately after peeing, a person's bladder is what?",B,A,B,B,1.0,3e-08,0.99999261,6.14e-06,False,False,False,True,6.12e-06,3e-08,1.0,0.0,0.0,3e-08,6.14e-06,0.99999261,1e-08,9e-08,1.07e-06
4dc2c4596b08e9bfd893174e67bff40a,"The lady would eat and eat, and because of mental issues would then make herself what?",D,A,D,D,1.0,0.0,0.99999988,7e-08,False,False,False,True,7e-08,0.0,0.0,0.0,1.0,0.0,7e-08,0.0,0.0,0.99999988,1e-08
8ae24d3ff199077a59e0d970feb665b7,"A car was hailed to chauffeur someone to the opera house, where was it heading?",A,C,E,E,4.54e-05,0.0,1.76e-06,0.0,False,False,False,False,0.0,4.54e-05,0.0,0.0,0.0,0.99995458,1.76e-06,0.0,0.0,0.0,0.99999821
d64a676e9d22e7edd12e7f4ce267a9f0,What do you go to see for live entertainment?,B,E,E,E,0.0038058,0.72525742,0.0,1.0,False,False,False,False,0.27474258,0.26680729,0.0038058,0.00230834,0.00179773,0.72525742,0.0,0.0,0.0,0.0,1.0
54ecb521df1d0f5b130a393c42b4126d,The teacher thought that a ferret can be very mischievous and probably wouldn't make a great pet for the entire what?,C,A,C,E,0.99944003,8.3e-07,0.00012273,0.00521869,True,False,True,True,0.00521786,8.3e-07,0.00055277,0.99944003,1e-07,6.14e-06,0.00521869,5.797e-05,0.00012273,2.739e-05,0.99450607
b7276bb9139ec25c98c7e3822404eb6c,A creek is a body of water found in what low land?,B,C,B,B,1.0,0.0,0.99999595,5e-08,False,False,False,True,5e-08,0.0,1.0,0.0,0.0,0.0,3.9e-07,0.99999595,5e-08,2.26e-06,1.37e-06
ecb8758b0d088f9aedc182a516dd1190,"If I have a pet bird, what does it likely live in?",E,A,E,E,1.0,0.0,1.0,0.0,False,False,False,True,0.0,0.0,0.0,0.0,0.0,1.0,0.0,0.0,0.0,0.0,1.0
f2645d0ee8662b6553954cee7e77979e,Joe and Mac were playing basketball. They did it every day in their back yard.  Why were they playing basketball?,B,A,B,B,1.0,0.0,0.99999928,2.4e-07,False,False,False,True,2.4e-07,0.0,1.0,0.0,0.0,0.0,2.4e-07,0.99999928,0.0,1e-08,5e-07
ea6d1a739ea841be282e13789270651e,What makes someone a nomad?,C,E,C,E,1.0,0.0,1.67e-05,0.99997699,True,True,False,True,0.99997699,1e-08,0.0,1.0,0.0,0.0,6.14e-06,0.0,1.67e-05,1.1e-07,0.99997699
c82ed0c2a2e115452b4d596c5faafbcf,What is a treat that you dog will enjoy?,D,C,D,D,1.0,0.0,1.0,0.0,False,False,False,True,0.0,0.0,0.0,0.0,1.0,0.0,0.0,0.0,0.0,1.0,0.0
163d83851ecd4a4144b31b8738e4c335,Women used to be expected to wear a dress but it's now acceptable for them to wear what?,B,D,B,B,1.0,0.0,0.99999928,7e-08,False,False,False,True,7e-08,0.0,1.0,0.0,0.0,0.0,6.5e-07,0.99999928,0.0,7e-08,3e-08
095767956c500ca1af7cf7671556de5b,The fact that Joe was able to memorize the list in spite of his apparent  state proved that part of his brain was what?,A,C,A,C,1.0,0.0,0.01798618,0.98201192,True,True,False,True,0.98201192,1.0,0.0,0.0,0.0,0.0,0.01798618,1.05e-06,0.98201192,2e-08,8.2e-07
d31ee38f67d1173275e120b8ad36039c,What is a wet person likely to do?,C,D,C,D,1.0,0.0,0.0,0.99999881,True,True,False,True,0.99999881,0.0,0.0,1.0,0.0,0.0,3.9e-07,0.0,0.0,0.99999881,8.3e-07
c410a4626dfce4b4cfd3e5937602cd77,"After recovering from the disease, what did the doctor call the patient?",A,C,A,C,0.98952382,7e-08,1.301e-05,0.99989082,True,True,False,True,0.99989075,0.98952382,4.4e-07,7e-08,4.18e-06,0.00191023,1.301e-05,4e-08,0.99989082,9e-08,9.61e-05
14d760e43728e9e4643c414627f2b596,"The painter started to edge the room with tape, he always took extra care to make the lines clean and crisp when working with an what?",E,C,C,C,0.0,1.0,0.0,1.0,False,False,False,False,0.0,0.0,0.0,1.0,0.0,0.0,0.0,0.0,1.0,0.0,0.0
abcf1b550b4d44f46d4f68b8e1d98ec8,"After high tide, where on the coast can you look to find a sea anemone?",D,E,D,E,1.0,0.0,3.1e-07,0.99999964,True,True,False,True,0.99999964,0.0,0.0,0.0,1.0,0.0,0.0,0.0,0.0,3.1e-07,0.99999964
5b8af6f26335dbd501b0104c71e26d9e,What could a driving car do to a pedestrian?,B,C,B,B,0.99994922,6e-08,0.97582462,0.02294919,False,False,False,True,0.02294913,1.37e-06,0.99994922,6e-08,1e-07,2.144e-05,0.00088984,0.97582462,0.02294919,8.72e-06,0.00032735
4364b4b342fb7b44434bd6694bf8fd51,People do many things to alleviate boredom.  If you can't get out of the house you might decide to do what?,D,C,D,D,0.99999988,0.0,0.9706871,1.1e-07,False,False,False,True,1.1e-07,7e-08,3e-08,0.0,0.99999988,0.0,0.02931221,6.3e-07,1.1e-07,0.9706871,5e-08
3ffe67fb009529d9b0c49ccd7141ee4a,"At a grocery store they sell individual potatoes, where does the grocery clerk likely put the potato?",D,E,D,D,1.0,0.0,0.99999988,1.4e-07,False,False,False,True,1.4e-07,0.0,0.0,0.0,1.0,0.0,0.0,0.0,0.0,0.99999988,1.4e-07
f372587fa4c99d5bebf0d0eb987c44e2,What room is a rubber bath mat usually kept?,E,C,E,E,1.0,0.0,1.0,0.0,False,False,False,True,0.0,0.0,0.0,0.0,0.0,1.0,0.0,0.0,0.0,0.0,1.0
d35a8a3bd560fdd651ecf314878ed30f,What would you put meat on top of to cook it?,E,A,E,E,1.0,0.0,1.0,4e-08,False,False,False,True,4e-08,0.0,0.0,0.0,0.0,1.0,4e-08,0.0,0.0,0.0,1.0
0542414710025f56b0c26e1bae5c4d06,Minerals can be obtained in what way for a person who avoids leafy greens?,A,B,A,E,0.88079696,2e-08,0.07585814,1.3e-07,True,False,True,False,1.2e-07,0.88079696,2e-08,0.0,8e-08,0.11920291,0.07585814,1.3e-07,0.0,4.7e-07,0.9241413
1875f70cf736c68c7a9df3ef870224a1,What could you be a few hours after you finish cashing in due to your cash?,A,E,C,E,0.00042942,0.00015798,6.5e-07,0.99999905,True,True,False,False,0.99984107,0.00042942,2.25e-06,0.9969375,0.00247116,0.00015798,6.5e-07,1e-08,0.0,2.4e-07,0.99999905
83250ae2dfeb2e3886ead4cde8e1290f,"The smelly man was having a bath, but what is he pursuing?",C,A,C,A,0.99999988,9e-08,2.4e-07,0.99998617,True,True,False,True,0.99998608,9e-08,1e-08,0.99999988,1e-08,3e-08,0.99998617,3.9e-07,2.4e-07,1.301e-05,2.4e-07
70c39372c0d50566554fd72c768b75f6,What might a couple have a lot of when they are deciding on stopping being married to each other?,E,A,E,E,1.0,0.0,0.56200145,0.43768717,False,False,False,True,0.43768717,0.0,0.0,0.0,0.0,1.0,0.43768717,5e-08,1e-08,3.6e-07,0.56200145
c21ec5b367f409a0288d616f626555ae,"If a person is working a lot, what are they likely trying to earn?",A,C,A,C,1.0,0.0,0.00315977,0.99276969,True,True,False,True,0.99276969,1.0,1e-08,0.0,1e-08,3e-08,0.00315977,1.291e-05,0.99276969,5e-07,0.00405722
a2cd03ed068f6d613e85f3a60f4db0a1,"The traveling business man was glad his credit card had perks, it offset the high prices for travel from a what?",C,D,D,D,5.829e-05,0.99993933,0.0,0.99999988,False,False,False,False,6.055e-05,3e-08,1e-08,5.829e-05,0.99993933,2.26e-06,0.0,0.0,0.0,0.99999988,7e-08
d2871dc28c82471e5d7f71f79e49c257,"Billy hated using other people's toilets. He was only comfortable on his own.  So whenever he needed to poop, he would go back to his what?",D,B,D,D,0.99844697,3.53e-05,0.71841014,0.07571987,False,False,False,True,0.07568456,0.0015011,3.53e-05,2e-08,0.99844697,1.668e-05,0.20582794,0.07571987,1.7e-07,0.71841014,4.188e-05
94770e75c4e2000e717b4218ddff19e8,"The forest experienced a cold winter, where is it located?",D,C,D,C,0.9999975,0.0,9.61e-05,0.99985804,True,True,False,True,0.99985804,2.26e-06,9e-08,0.0,0.9999975,9e-08,4.539e-05,2.4e-07,0.99985804,9.61e-05,1.9e-07
08ad17d3ca1838b8724d21cf5921ec52,How can you let someone know about your anger without hurting him or her?,D,A,D,A,0.99999976,1.9e-07,0.22269956,0.77729787,True,True,False,True,0.77729769,1.9e-07,0.0,0.0,0.99999976,1e-08,0.77729787,3.9e-07,3e-08,0.22269956,2.26e-06
21fb76bd8349628b441c76f47c33e77b,Where is one likely to find a brownstone?,A,C,A,A,1.0,0.0,0.99999964,1e-08,False,False,False,True,1e-08,1.0,1e-08,0.0,0.0,0.0,0.99999964,2.4e-07,1e-08,2e-08,7e-08
e151b44e0a7bf08a1dd3c861eef09161,What may I place the telephone on?,C,D,C,D,1.0,0.0,0.00043054,0.99953339,True,True,False,True,0.99953339,0.0,0.0,1.0,0.0,0.0,3.534e-05,1.4e-07,0.00043054,0.99953339,6.5e-07
46351b3a6beb694c5f623583a3b1473d,What language type is someone from Iran likely to use?,B,D,E,D,2.9e-06,5e-08,0.0,0.99999964,True,True,False,False,0.9999996,0.00012339,2.9e-06,1e-08,5e-08,0.99987365,7e-08,0.0,0.0,0.99999964,2.4e-07
db75e16788cf56d5dfb9773eaf91fe7e,"John went to a party that lasted all night.  Because of this, he didn't have time for what?",E,B,C,E,7e-08,3e-08,0.97525408,0.01391125,True,False,True,False,0.01391122,0.00091105,3e-08,0.99908876,0.0,7e-08,0.01083409,0.01391125,4.9e-07,2e-08,0.97525408
ffd89796a9b09bef56c5803f188764c6,"The child wasn't allowed in the kitchen but still wanted to help, what could it do to help in the dining room?",A,E,A,A,1.0,0.0,0.99999964,5e-08,False,False,False,True,5e-08,1.0,2e-08,0.0,0.0,0.0,0.99999964,2.4e-07,0.0,1.1e-07,5e-08
5622e49306bb82ec1cec817ad0506c60,"He was having a hard time expressing himself in a healthy way, the psychologist said he was mentally what?",C,D,C,C,0.99999988,0.0,1.0,1e-08,False,False,False,True,1e-08,0.0,0.0,0.99999988,0.0,0.0,0.0,0.0,1.0,1e-08,3e-08
6efaeb796307036719635242fa5ad0f3,When someone is physically competing what does their body do?,E,A,E,E,1.0,0.0,1.0,0.0,False,False,False,True,0.0,0.0,0.0,0.0,0.0,1.0,0.0,0.0,0.0,0.0,1.0
114d310d1198abffaf8b88dab5a55aa7,How would you express information to a deaf person?,C,D,C,E,1.0,0.0,0.03713684,0.00391419,True,False,True,True,0.00391419,0.0,0.0,1.0,0.0,0.0,0.00112144,5.583e-05,0.03713684,0.00391419,0.9577717
0f79faf5337706f2e0e39c15bbd2e99a,Printing on a printer can get expensive because it does what?,B,A,B,A,0.97068777,0.0,0.0,1.0,True,True,False,True,1.0,0.0,0.97068777,0.0,0.0,0.02931223,1.0,0.0,0.0,0.0,1e-08
b62d7d1b5eec31be0b65146a9fc069e0,What will god never do according to religion?,B,C,A,C,0.00960053,3e-07,0.0,1.0,True,True,False,False,0.9999997,0.86421274,0.00960053,3e-07,0.07093891,0.05524728,3e-08,0.0,1.0,0.0,2e-08
1342c6aec9f5179d6ea6fa5fefbe5188,One of the potential hazards of attending school is what?,D,C,C,C,0.01798614,0.98201008,0.0,1.0,False,False,False,False,0.01798992,6.4e-07,1.35e-06,0.98201008,0.01798614,1.73e-06,0.0,0.0,1.0,0.0,0.0
c74ae684ba6c76e2a913493483678c9d,What has a surface with many sides?,A,B,A,A,0.99979512,1e-08,0.99919825,1.07e-06,False,False,False,True,1.05e-06,0.99979512,1e-08,1e-08,1.37e-06,1e-08,0.99919825,1.07e-06,3.9e-07,4.536e-05,4.536e-05
411e50225637b76187cc36b24fe3127c,What could bring a container from one place to another?,C,A,C,C,1.0,0.0,1.0,0.0,False,False,False,True,0.0,0.0,0.0,1.0,0.0,0.0,0.0,0.0,1.0,0.0,0.0
2a0e82bbf1471290c93c8f2a11af197f,The old style pop ups literally let you see the story when you did what?,C,B,C,B,0.62178903,0.0003439,0.0,0.99999809,True,True,False,False,0.99965419,0.00072804,0.0003439,0.62178903,0.37713412,4.91e-06,1.76e-06,0.99999809,0.0,2e-08,1.4e-07
eaadd7a4b18cb48c00f85c3975750fe7,What is it called when you are talking to someone?,A,D,A,D,0.49999905,9e-08,0.03732061,0.96251103,True,True,False,False,0.96251094,0.49999905,6e-07,0.49999905,9e-08,1.13e-06,0.03732061,5.91e-06,9.75e-06,0.96251103,0.00015252
403c9b067ef7363efffa822bb08c5426,"The family finished dinner, the child's chore was to load the dirty dishes where?",B,D,B,D,1.0,1e-08,0.26875318,0.73054687,True,True,False,True,0.73054686,0.0,1.0,0.0,1e-08,0.0,3.317e-05,0.26875318,6.1e-07,0.73054687,0.00066617
adf228312401c9ff421a4da1b46bb70a,Where could you find a bureau as well as many politicians?,E,B,B,B,0.0,1.0,3.1e-07,0.99999344,False,False,False,False,-6.56e-06,0.0,1.0,0.0,0.0,0.0,6.14e-06,0.99999344,0.0,1e-08,3.1e-07
57c85e4c7ea2501ef9d8f304b524e2e4,"Dad wanted to hide the check in his office, where did he put it?",B,D,B,B,1.0,0.0,0.99030836,0.00245473,False,False,False,True,0.00245473,0.0,1.0,1e-08,0.0,0.0,0.00054772,0.99030836,1.654e-05,0.00245473,0.00667265
c22f30eee57f7191ee07e9a916460f68,"For some reason she was devoid of regular emotions, buying products was the only way she could feel what?",A,C,A,A,0.99564998,2e-08,0.66505451,0.00010539,False,False,False,True,0.00010536,0.99564998,0.00026012,2e-08,1.295e-05,0.00316893,0.66505451,0.02008291,0.00010539,0.0004723,0.31414951
026cb9c07a583ec933f2c4c67ae73836,Where are horses judged on appearance?,B,D,B,D,0.99997854,0.0,2e-08,0.99987556,True,True,False,True,0.99987556,0.0,0.99997854,0.0,0.0,2.144e-05,1.07e-06,2e-08,0.0,0.99987556,0.00012339
c57ed32566a2db1ec3d6e4fd595b9d05,Why do people read non fiction?,C,E,C,C,1.0,0.0,1.0,1e-08,False,False,False,True,1e-08,0.0,0.0,1.0,0.0,0.0,1e-08,3e-08,1.0,0.0,1e-08
93b52e7ea1acf10db891e9355e234123,While knitting you can do what using a radio?,A,D,A,D,1.0,0.0,0.04742247,0.95250579,True,True,False,True,0.95250579,1.0,0.0,0.0,0.0,0.0,0.04742247,4.8e-07,0.0,0.95250579,7.13e-05
dbdad44029098d4b1d202d6d857d6092,Where are you likely to set papers while working on them?,A,B,A,A,0.99998689,5e-08,0.9999938,1.37e-06,False,False,False,True,1.32e-06,0.99998689,5e-08,0.0,1e-08,0.0,0.9999938,1.37e-06,0.0,4.79e-06,1e-08
69d0f70c173dda17934836d618ca7093,"John had a massive debt to 50 million dollars.  Compared to that, Leo's 2000 dollar debt seemed what?",C,A,B,B,0.0,1.1e-07,1.3e-07,6.771e-05,False,False,False,False,6.76e-05,1.1e-07,0.9999994,0.0,0.0,5e-07,6.771e-05,0.90458847,1.3e-07,7.5e-07,0.09534291
e5697a25935c5249d2108f55e245f3e4,"The man flew his airplane over the city and saw pollution visibly in the sky, what was polluted?",C,E,C,C,1.0,0.0,1.0,1e-08,False,False,False,True,1e-08,0.0,0.0,1.0,0.0,0.0,1e-08,0.0,1.0,0.0,1e-08
99af85081085e6228c6d78c95be01968,What is a very unlikely side effect of becoming inebriated?,E,C,E,C,0.99999857,0.0,0.14800406,0.85170458,True,True,False,True,0.85170458,1e-08,0.0,0.0,1.37e-06,0.99999857,0.00028571,2.6e-07,0.85170458,5.23e-06,0.14800406
235094c966bcbdc94701b41b969f9c75,when communicating with my boss what should i do,B,A,B,A,0.99997842,2.144e-05,1.1e-07,0.99999988,True,True,False,True,0.99997844,2.144e-05,0.99997842,1e-08,1e-08,9e-08,0.99999988,1.1e-07,0.0,0.0,0.0
99789083502af9bf111876a00fae44ac,If not in a stream but in a market where will you find fish?,C,A,B,A,1e-08,0.00055141,1e-08,0.99142072,True,True,False,False,0.99086931,0.00055141,0.99697731,1e-08,1e-08,0.00247126,0.99142072,1.75e-06,1e-08,2e-08,0.00857747
1d44fb5f4b7f1e23ff6c1c083db81ba1,What are people likely to want to do with their friends?,E,C,E,C,0.9999963,3.73e-06,0.0,1.0,True,True,False,True,0.99999627,0.0,0.0,3.73e-06,0.0,0.9999963,0.0,0.0,1.0,0.0,0.0
194b66240f6fab75749c1e30ed09ea09,During a shark filled tornado where should you not be?,E,B,E,E,0.99999988,1e-08,0.99999619,3.73e-06,False,False,False,True,3.71e-06,3e-08,1e-08,0.0,3e-08,0.99999988,3e-08,3.73e-06,0.0,1e-08,0.99999619
83dad4fe630fddbdcd5b18ef890c66f2,What is the likely result of buying products in excess?,E,C,B,E,2.26e-06,0.0,0.99425913,0.0007061,True,False,True,False,0.00070609,1.1e-07,0.99999762,0.0,3e-08,2.26e-06,0.00116416,0.00316451,0.0007061,0.0007061,0.99425913
3ebc5ddd2e97fe37fcb52aa2a9e2e1a7,What is a person trying to accomplish when taking analgesics?,B,C,B,B,1.0,0.0,0.99999964,9e-08,False,False,False,True,9e-08,0.0,1.0,0.0,0.0,0.0,4e-08,0.99999964,9e-08,2e-08,2.4e-07
9ed019338a48216de9eadf64faaf1ce0,Where would you put a glass after drinking from it?,D,E,C,C,0.0,0.0,8.3e-07,0.00015844,False,False,False,False,0.00015844,0.0,0.0,1.0,0.0,0.0,3.1e-07,1e-08,0.9998404,8.3e-07,0.00015844
d1d2585e0ba1160948b7c5822a99b7a1,Where would you buy food?,B,E,B,E,0.99999976,1.9e-07,0.0,1.0,True,True,False,True,0.99999981,4e-08,0.99999976,0.0,0.0,1.9e-07,0.0,0.0,0.0,0.0,1.0
e34a0d1331c6bd4574ffe308e3fbd389,"When a person admits his mistakes, what are they doing?",E,A,E,E,1.0,0.0,1.0,3e-08,False,False,False,True,3e-08,0.0,0.0,0.0,0.0,1.0,3e-08,0.0,0.0,0.0,1.0
4858669d0193e5d9384dc37d4bb5c00c,Where do play a game for money?,A,B,A,A,0.99994171,1e-08,0.99999619,2.9e-06,False,False,False,True,2.9e-06,0.99994171,1e-08,5.829e-05,1e-08,0.0,0.99999619,2.9e-06,3e-08,6.5e-07,3.9e-07
8fd82cdc253835814153fe7222e9967c,When you travel you should what in case of unexpected costs?,E,A,E,E,1.0,0.0,1.0,0.0,False,False,False,True,0.0,0.0,0.0,0.0,0.0,1.0,0.0,0.0,0.0,0.0,1.0
66458bf8599c3ef1e7b50fa527531882,"Donald is a prominent figure for the federal government, so in what city does he likely spend a lot of time?",E,B,B,E,0.00247262,0.99752551,0.99996281,3.536e-05,True,False,True,False,-0.99749016,1.3e-07,0.99752551,1e-08,1.76e-06,0.00247262,5e-08,3.536e-05,0.0,1.76e-06,0.99996281
879239b8a788f3c9e3dfdd0862f3d7c5,"There was more than one bum asking for change or a ticket, it was the cheapest way to travel so it was no surprise sight at the what?",C,A,C,A,0.98199732,0.01798591,0.0,1.0,True,True,False,False,0.98201409,0.01798591,1.64e-05,0.98199732,3e-07,3e-08,1.0,0.0,0.0,0.0,0.0
8a69e6df5e8ad6c9e6828aa66c59d046,John and Joe like planning games but Joe  was hit by a ball and fell down. What might have happened to Joe.,D,C,D,D,1.0,0.0,1.0,0.0,False,False,False,True,0.0,0.0,0.0,0.0,1.0,0.0,2e-08,0.0,0.0,1.0,0.0
8d275acea05fd16295c659c504576a9b,Where can you buy jeans at one of may indoor merchants?,B,C,B,B,0.99752741,1e-08,0.98888761,1.06e-06,False,False,False,True,1.04e-06,0.00247262,0.99752741,1e-08,3e-08,3e-08,0.01098555,0.98888761,1.06e-06,3.69e-06,0.00012204
91629c6f9e4af3e6acf385eb23fd8068,What do you write letter in in America?,D,E,E,E,0.32056567,0.67863752,7.89e-06,0.99999213,False,False,False,False,0.32135461,0.0007946,1.74e-06,1.8e-07,0.32056567,0.67863752,0.0,0.0,0.0,7.89e-06,0.99999213
59eb56f366407ac7db72996be265883b,Joe owned back taxes as well as what other type of taxes?,E,B,E,B,0.99999988,0.0,0.00042595,0.98886779,True,True,False,True,0.98886779,9e-08,0.0,2e-08,4e-08,0.99999988,0.00666294,0.98886779,2.7e-07,0.00404128,0.00042595
4ab069f2e979d51f2c5929f590d09982,Where is a broadcast studio likely to be heard?,C,A,C,C,1.0,0.0,0.99999988,0.0,False,False,False,True,0.0,0.0,0.0,1.0,0.0,0.0,0.0,0.0,0.99999988,0.0,1.1e-07
d6bb990e8c409d2b3af37a2da198e01f,Kramer wrote a self-referential book.  What might that book be about?,B,D,E,D,0.01790582,0.00069428,0.0,0.99999523,True,True,False,False,0.99930095,0.21813749,0.01790582,0.00188726,0.00069428,0.76137464,0.0,0.0,0.0,0.99999523,4.79e-06
c5ad166ab5c5f5f067aa02b20f482523,"Of all the sports, Billy enjoys football, but what does his concerned mother think of the sport?",E,C,E,E,1.0,0.0,0.99990393,9.61e-05,False,False,False,True,9.61e-05,0.0,0.0,0.0,0.0,1.0,0.0,0.0,9.61e-05,0.0,0.99990393
ceafca2445b1b974d085a8cce38e8e44,What city will likely have many parking structures?,A,B,A,A,0.99999988,1.1e-07,0.99999869,5e-07,False,False,False,True,3.9e-07,0.99999988,1.1e-07,1e-08,3e-08,3e-08,0.99999869,5e-07,1e-08,6.5e-07,2.4e-07
2ef2ae21a2d3a9ecbd5c45ff378d10e3,Sally was afraid of danger and always double checked what?,D,C,D,C,0.99999368,2e-08,0.00043021,0.99876342,True,True,False,True,0.99876341,5e-07,8.3e-07,2e-08,0.99999368,4.79e-06,9.599e-05,8.3e-07,0.99876342,0.00043021,0.0007093
793672da43fbc609e8c5760630c7e239,What is the habitat of the fox?,E,B,B,B,0.00192673,0.99806992,2.4e-07,0.99999964,False,False,False,False,0.00192972,9e-08,0.99806992,3.1e-07,2.9e-06,0.00192673,9e-08,0.99999964,0.0,1e-08,2.4e-07
558cb0bc25387ce38d71f64ef6f1fa57,"People are very much like the animals, but one thing has secured or dominance over the planet.  We're better at doing what?",B,C,B,D,0.99987663,0.0,0.00150118,3.9e-07,True,False,True,True,3.9e-07,0.0,0.99987663,0.0,0.00012339,0.0,6.5e-07,0.00150118,3.9e-07,0.99849736,5e-07
2c9f4a98ce774cd734b6e384d95051a7,"They children loved having a back yard, and the parents loved that it was a safe what?",B,A,E,E,0.0,0.0,1e-08,1.37e-06,False,False,False,False,1.37e-06,0.0,0.0,0.0,0.0,1.0,1.37e-06,1e-08,0.0,1.6e-07,0.99682567
33c84708785f88c19737ef5b0e31a64b,"While people just throw coins down them now, what originally had a pail to be lowered for it's intended use?",D,C,D,D,0.99999821,0.0,0.99999976,0.0,False,False,False,True,0.0,0.0,0.0,0.0,0.99999821,1.76e-06,0.0,0.0,0.0,0.99999976,1.9e-07
d867f76d000bdb59b9b4cb982bd7f0a0,Joe was thrown from his boat into the water.  The water was cold because it was the middle of winter and he cried out to his crew for help.  They couldn't hear him over the sound of the what?,D,E,E,E,0.0,1.0,0.0,1.0,False,False,False,False,0.0,0.0,0.0,0.0,0.0,1.0,0.0,0.0,0.0,0.0,1.0
8c607d2e2e897d74048fcc794137b683,"When a human is earning money, where are they often found?",D,B,D,D,1.0,0.0,1.0,0.0,False,False,False,True,0.0,0.0,0.0,0.0,1.0,0.0,0.0,0.0,0.0,1.0,0.0
5215e26c99b2a9b376fb1c70096a388a,"They passed a apple tree on their way to the racetrack, the were going to watch the biggest motorsport spectacle in the world where?",B,C,C,C,1.9e-07,0.99987604,0.0,0.99999845,False,False,False,False,0.00012241,3.1e-07,1.9e-07,0.99987604,9e-08,0.00012339,1.4e-07,0.0,0.99999845,3e-08,1.37e-06
668dc6bce771b10cbf6336f3ec76520a,Why do people play chess on the weekends?,B,C,B,C,0.99916052,3.1e-07,3.536e-05,0.99995387,True,True,False,True,0.99995356,0.00070958,0.99916052,3.1e-07,6.14e-06,0.00012331,7.89e-06,3.536e-05,0.99995387,1.76e-06,1.07e-06
a339fe08f1f50463ee180b797e99ebcc,What do you need energy to do in gym class?,D,B,D,D,0.99999893,0.0,0.99956901,3.1e-07,False,False,False,True,3.1e-07,1.07e-06,0.0,0.0,0.99999893,0.0,0.00043056,3.1e-07,0.0,0.99956901,1.4e-07
526cd34f5b2afefbbb7830434785f298,Sarah dropped the marble because she wanted to do what?,A,E,,E,0.43764381,0.00039908,5e-08,0.9999938,True,True,False,False,0.99959472,0.43764381,1.12e-06,4.7e-07,9.39e-06,0.00039908,5e-08,0.0,0.0,0.0,0.9999938
6c1c1c282cebe8917f607f0dbc1c102e,"We are all human, and we all what?",E,A,E,A,0.96982859,0.02928629,0.0,1.0,True,True,False,False,0.97071371,0.02928629,6.3e-07,1.1e-07,0.00088437,0.96982859,1.0,0.0,0.0,0.0,0.0
b5baf77d3855935c87f01f5fb2216667,"If a person were going to bed, what would be their goal?",D,B,C,C,1e-08,0.0,7.89e-06,3.73e-06,False,False,False,False,3.72e-06,4e-08,0.0,1.0,1e-08,0.0,3.73e-06,3.73e-06,0.99998438,7.89e-06,1.9e-07
83808e92381b2e5f4cdf55d1391645ae,What are candles good for eliminating?,E,C,E,E,1.0,0.0,0.9999963,3.73e-06,False,False,False,True,3.73e-06,0.0,0.0,0.0,0.0,1.0,0.0,0.0,3.73e-06,0.0,0.9999963
1a86310d7279097205a3403752c3b914,WHat leads to an early death?,B,E,E,E,0.3204729,0.67844115,0.0,1.0,False,False,False,False,0.32155885,0.00101999,0.3204729,7.2e-07,6.521e-05,0.67844115,0.0,0.0,0.0,0.0,1.0
b4130d1790948134f3aeab9d3d79c181,What room would you find many bookcases and is used for contemplation?,A,C,,A,0.00192669,2e-08,0.99868471,1.55e-06,True,False,True,False,1.54e-06,0.00192669,5e-07,2e-08,3.72e-06,1.667e-05,0.99868471,9.599e-05,1.55e-06,0.00116934,4.534e-05
a5097b7f56d20217679f28201801476f,Where do you head to travel to a star?,C,D,C,D,0.73052314,5.76e-06,0.01314087,0.92124589,True,True,False,False,0.92124012,0.00066615,0.26874443,0.73052314,5.76e-06,5.468e-05,0.05889327,0.00050953,0.01314087,0.92124589,0.00620731
bcc5dd6292a64d8fa17cd07c360b335d,"The player lifted his cornet and walked in rhythm, what was the player a member of?",C,B,E,E,0.0,0.0,0.0,8.3e-07,False,False,False,False,8.3e-07,0.0,0.0,0.0,0.0,1.0,0.0,8.3e-07,0.0,0.0,0.99999917
cfc7fccb8449a2a950c9d2a50991420e,What happens at soon as a living being is born?,B,A,E,A,0.0,0.0,1.36e-06,0.98868365,True,True,False,False,0.98868364,0.0,0.0,0.0,0.0,1.0,0.98868365,1.36e-06,3e-08,0.00033167,0.01098329
2e83c5989a018bec6d5f5ac7d3b72f49,"When someone is talking and you missed something, what can you do to get them to repeat it?",B,E,B,E,0.99999976,1.9e-07,5e-08,0.99998319,True,True,False,True,0.99998301,3e-08,0.99999976,0.0,1e-08,1.9e-07,1.67e-05,5e-08,0.0,1e-08,0.99998319
34b2d6aecdb5af8efacf0b0aa7e3989f,Where does one store fabric in their own home?,A,B,A,A,1.0,0.0,0.99998415,1.301e-05,False,False,False,True,1.301e-05,1.0,0.0,0.0,0.0,0.0,0.99998415,1.301e-05,0.0,1.07e-06,1.76e-06
2ec7f8fe7948f9997e73f9bff7ba6e05,What do most companies not want to have relative to demand?,A,E,A,A,0.81757061,1.44e-06,0.96252274,0.00015252,False,False,False,False,0.00015108,0.81757061,1.85e-06,2e-08,0.18242465,1.44e-06,0.96252274,3.59e-06,1e-08,0.03732106,0.00015252
651785ed4f7b0bd2e7ca9f70a42acea5,What is happening while he's playing basketball for such a long time?,A,C,A,C,0.99999988,0.0,8.3e-07,0.99999905,True,True,False,True,0.99999904,0.99999988,2e-08,0.0,0.0,0.0,8.3e-07,1e-08,0.99999905,0.0,9e-08
ee46995407eb6357bb5410d49d378629,A traveler laments the fact that mass transit is limited in his city when his groceries get soaked by the rain as he waits where?,A,C,A,A,0.99999976,0.0,0.99988069,7e-08,False,False,False,True,7e-08,0.99999976,1.9e-07,0.0,0.0,0.0,0.99988069,1.013e-05,7e-08,9.61e-05,1.301e-05
303aedda3a5ab8d853cbe4edc4b914c6,"The person was in physical distress, where should he go?",C,E,C,C,1.0,0.0,1.0,0.0,False,False,False,True,0.0,0.0,0.0,1.0,0.0,0.0,0.0,0.0,1.0,0.0,0.0
720b98fbc365736597147c984f6bd301,"The cancer patient was expecting to die, so he made out his what?",B,D,B,D,0.9997384,5e-08,1.4e-07,0.99591689,True,True,False,True,0.99591684,3.9e-07,0.9997384,1e-08,5e-08,0.00026119,1.295e-05,1.4e-07,1e-08,0.99591689,0.00407009
c611875b43b67b91030b889b267bbcb3,"There was a toll road that meandered from Maine to New Hampshire, where was it?",B,D,A,D,1.07e-06,3.9e-07,8e-08,0.99992395,True,True,False,False,0.99992356,0.99996293,1.07e-06,1.9e-07,3.9e-07,3.536e-05,1.07e-06,8e-08,3e-08,0.99992395,7.485e-05
0547da29ffab9b441bae8870cd0f9dab,"If you partied all night you could find yourself already what, even when just beginning work?",A,C,A,C,0.99999523,0.0,9e-08,0.99999702,True,True,False,True,0.99999702,0.99999523,1.76e-06,0.0,6.5e-07,2.26e-06,9e-08,1e-08,0.99999702,0.0,2.9e-06
21e312c7fd1a52341ce35b66457eab36,"The cat carefully navigated the area, they do everything they can to avoid what?",A,C,C,C,2e-08,1.0,0.0,1.0,False,False,False,False,0.0,2e-08,0.0,1.0,0.0,0.0,0.0,0.0,1.0,0.0,0.0
82e26bc22af89c38d54aa2d00dcb8a2b,What is someone usually doing if someone else is talking to him or her?,A,B,A,A,1.0,1e-08,0.99995458,4.54e-05,False,False,False,True,4.539e-05,1.0,1e-08,0.0,0.0,0.0,0.99995458,4.54e-05,0.0,0.0,0.0
f75357e48c3026cfa4da3dba9f91bb21,What does the sky do before a rain?,E,B,E,E,1.0,0.0,0.99999964,3.1e-07,False,False,False,True,3.1e-07,0.0,0.0,0.0,0.0,1.0,0.0,3.1e-07,0.0,0.0,0.99999964
64931f9097155672bfe3e16f03b2c195,"Pens, computers, text books and paper clips can all be found where?",B,E,E,E,4.54e-05,0.99995458,0.0,1.0,False,False,False,False,4.542e-05,0.0,4.54e-05,0.0,0.0,0.99995458,0.0,0.0,0.0,0.0,1.0
5de3248caa2e5ed83dd0ec45a15eae18,What geographic area is a lizard likely to be?,B,D,C,C,0.0,0.0,3.9e-07,0.00070967,False,False,False,False,0.00070967,0.0,0.0,1.0,0.0,0.0,3.72e-06,3.9e-07,0.99928478,0.00070967,1.37e-06
0611dfbf5114084723d75f59b4f67412,What do you use to carry your briefcase?,E,C,E,E,1.0,0.0,1.0,0.0,False,False,False,True,0.0,0.0,0.0,0.0,0.0,1.0,0.0,0.0,0.0,0.0,1.0
5b8d76889510384b38b72945e8d28f53,"He picked up his pace to a run, he wanted to do what?",E,A,D,D,1e-08,0.0,0.00150118,1e-08,False,False,False,False,1e-08,0.0,0.0,0.0,1.0,1e-08,1e-08,0.0,0.0,0.99849879,0.00150118
d81f5c49bc060dc799681bf4cacac73a,What would a person do if they do not have any friends?,D,C,D,D,1.0,0.0,0.99999988,1e-08,False,False,False,True,1e-08,0.0,0.0,0.0,1.0,0.0,1.1e-07,0.0,1e-08,0.99999988,5e-08
aaf4fa38433c84b3bd0a86551259ce62,"As a result of dying, what happens to organic material?",D,C,D,D,1.0,0.0,0.99999917,0.0,False,False,False,True,0.0,0.0,0.0,0.0,1.0,2e-08,1e-08,0.0,0.0,0.99999917,8.3e-07
33ea932a876ac0361c9eefeff1d24e92,What does everyone have in relation to other people?,A,E,A,E,0.99682721,0.00317268,4e-08,1.0,True,True,False,True,0.99682732,0.99682721,5e-08,0.0,0.0,0.00317268,4e-08,0.0,0.0,0.0,1.0
aead08289ca9abfcd169f935ea228ee5,What do you ask a child to do when you first meet her?,D,C,D,D,0.99998677,0.0,0.98789783,0.01097455,False,False,False,True,0.01097455,1.301e-05,1e-08,0.0,0.99998677,1.9e-07,0.00070158,5e-07,0.01097455,0.98789783,0.00042553
adbddc80b10bf25f09c6c2bee4e3c59b,"Where can you buy a clock, clothing and wrenches?",E,A,E,E,1.0,0.0,1.0,0.0,False,False,False,True,0.0,0.0,0.0,0.0,0.0,1.0,0.0,0.0,0.0,0.0,1.0
1caf93d6a22dc8190e19c14bbe1fafda,What do you do when you're in a new place and want to see new things?,B,A,B,B,0.99996543,7.89e-06,0.99994827,7.89e-06,False,False,False,True,-0.0,7.89e-06,0.99996543,2.144e-05,3.1e-07,4.78e-06,7.89e-06,0.99994827,6.14e-06,2.26e-06,3.536e-05
0bf4d64ad0eee7224acb3a4eb85accb2,What happens when to ice when it is in the sun?,B,D,B,D,0.99998891,6.5e-07,6.14e-06,0.99978249,True,True,False,True,0.99978184,1.37e-06,0.99998891,8e-08,6.5e-07,7.89e-06,7.89e-06,6.14e-06,1e-08,0.99978249,0.00020342
b93532cae23e505628dd88568da3337e,Where can you store your dishes in your dwelling?,B,C,E,E,1.52e-06,0.00101256,0.0,1.9e-07,False,False,False,False,-0.00101237,0.09114747,1.52e-06,0.00101256,0.04305502,0.8647832,1.013e-05,0.0,1.9e-07,2.4e-07,0.99998939
2d3c9d3dff1a7a8253180cb3de1ceeea,"The man laid on the soft moss and looked up at the trees, where was the man?",B,D,B,D,0.99999976,1e-08,3.277e-05,0.56213402,True,True,False,True,0.56213401,0.0,0.99999976,0.0,1e-08,2.4e-07,4.208e-05,3.277e-05,3e-08,0.56213402,0.43779041
70701f5d1d62e58d5c74e2e303bb4065,What is someone doing if he or she is sitting quietly and his or her eyes are moving?,A,B,A,A,0.99996376,3.1e-07,0.93926199,0.00066704,False,False,False,True,0.00066673,0.99996376,3.1e-07,0.0,5e-07,3.536e-05,0.93926199,0.00066704,8e-08,2.586e-05,0.060045
eacd87f297193033669a93160ae3776f,Where can I find a stapler in many places?,B,A,B,B,0.99999988,1e-08,0.90448684,0.09533221,False,False,False,True,0.09533219,1e-08,0.99999988,0.0,1e-08,9e-08,0.09533221,0.90448684,1.59e-06,0.00011162,6.77e-05
8e1b0792e441a5d54ae47a4b24f48977,"A man takes a seat at a museum outside of Barcelona, where is he likely?",B,E,B,E,0.99999833,1.37e-06,0.18233697,0.81717765,True,True,False,True,0.81717628,7e-08,0.99999833,9e-08,1e-08,1.37e-06,0.00035199,0.18233697,3.91e-06,0.00012949,0.81717765
b4cde6a56fb19afc84876ebf2fb9e71a,Where would you find a toy soldier that is being played with?,C,D,C,C,1.0,0.0,1.0,3e-08,False,False,False,True,3e-08,0.0,0.0,1.0,0.0,0.0,0.0,1e-08,1.0,3e-08,0.0
095c5bc5fbaf12b384e9f7df47fdec16,Where are you when you're about to use your plane ticket?,C,D,C,D,0.99807324,0.0,4.539e-05,0.99979536,True,True,False,True,0.99979536,0.00192673,1e-08,0.99807324,0.0,1e-08,0.00015843,2e-08,4.539e-05,0.99979536,8.3e-07
494c501dbbfd36c602aae9e5b8e0cfff,"Flowers make a good center focal point, just one of many arrangements that look good on a what?",B,E,B,E,0.99999952,3.9e-07,0.0,0.9999994,True,True,False,True,0.99999901,4e-08,0.99999952,0.0,9e-08,3.9e-07,0.0,0.0,0.0,0.0,0.9999994
5a7f6fd97b2c9ad05f773bc8b2ecf441,How can a human cross a river and not mess up their hair?,D,A,D,A,0.7772178,2.14e-05,5.829e-05,0.99994088,True,True,False,False,0.99991947,2.14e-05,0.22267663,4.78e-06,0.7772178,7.47e-05,0.99994088,6.5e-07,1e-08,5.829e-05,4e-08
5279a2ea333ba8a5bf3a7637a7279da1,Batman bought beer.  There were no bottles available.  He had to settle for what?.,D,E,D,D,0.99999988,3e-08,0.99999833,1.9e-07,False,False,False,True,1.6e-07,1e-08,0.0,9e-08,0.99999988,3e-08,1.37e-06,2e-08,5e-08,0.99999833,1.9e-07
42c46e28baf0fc617a07419286178c0a,You can find a monkey in what West African region on the Gulf of Guinea,E,B,E,E,1.0,0.0,1.0,3e-08,False,False,False,True,3e-08,0.0,0.0,0.0,0.0,1.0,0.0,3e-08,0.0,0.0,1.0
c76304b4962f94ab9f20f09cf4a1a7c1,Surprising an angry person could lead to what?,B,D,B,D,0.99999285,1e-08,0.0,0.99999821,True,True,False,True,0.99999821,2e-08,0.99999285,0.0,1e-08,6.14e-06,0.0,0.0,0.0,0.99999821,1.76e-06
8b23cd355ffc8b6e7aa5459ffb21b4e0,Where is a dining area likely to be small?,B,A,D,A,0.15151256,0.19454598,1e-08,0.9999994,True,True,False,False,0.80545343,0.19454598,0.15151256,0.01243691,0.32075209,0.32075209,0.9999994,1e-08,2e-08,1.9e-07,3.9e-07
c35f7de9e9005fcf654cb0b23f17acd6,Killing people should not cause what emotion?,C,E,C,E,0.99998963,1.013e-05,1e-08,1.0,True,True,False,True,0.99998987,1.9e-07,0.0,0.99998963,0.0,1.013e-05,2e-08,0.0,1e-08,0.0,1.0
d910859b9d1acae40456dbeaa8334bc0,"James slamed into someone playing football, and not for the first time.  He was concerned about the consequences of many what?",C,A,C,C,1.0,0.0,1.0,0.0,False,False,False,True,0.0,0.0,0.0,1.0,0.0,0.0,0.0,2e-08,1.0,0.0,1e-08
6ca8439d062de4d43d7d471c508b78db,"More people should lower the guard and just have fun, we don't got long just what?",A,C,E,C,0.02127108,3.6e-07,0.00026054,0.9972313,True,True,False,False,0.99723095,0.02127108,1.511e-05,3.6e-07,0.07424338,0.90446958,0.00026054,7.3e-07,0.9972313,3.526e-05,0.00247189
ddd8c62ec94b4f94eeefdd05b9208a71,Where can you get a lizard to keep in your home?,C,D,C,C,1.0,0.0,0.99999893,1.07e-06,False,False,False,True,1.07e-06,0.0,0.0,1.0,0.0,0.0,0.0,0.0,0.99999893,1.07e-06,0.0
72b638200414a526b598de0e01a044df,What would use a musical instrument?,C,E,A,A,1.2e-07,2.2e-07,2.15e-06,0.0002488,False,False,False,False,0.00024858,0.90464983,4.6e-07,1.2e-07,4e-08,2.2e-07,0.95230012,3.367e-05,2.15e-06,2.76e-06,0.0002488
c770870c88f35f9d110217049c5a7334,"She was in an affair, what did that end upon discovery by her husband?",B,A,B,A,0.9999789,1.013e-05,0.01396492,0.97901628,True,True,False,True,0.97900615,1.013e-05,0.9999789,1e-08,6.14e-06,4.79e-06,0.97901628,0.01396492,4.4e-07,0.00659656,0.0004217
1d8d9e3504c8c58a3b923ddc155c19b0,What is the most famous constellation out of earth?,B,D,A,D,0.00050832,0.23237781,0.0,0.99999988,True,True,False,False,0.76762208,0.38312623,0.00050832,8.833e-05,0.23237781,0.38312623,1e-08,0.0,0.0,0.99999988,9e-08
95acebea992a26c3a7c3bfb45845fa83,"If a reception is held with hotel guests walking by, what is the likely venue?",C,D,C,C,1.0,0.0,0.99999988,1.1e-07,False,False,False,True,1.1e-07,0.0,0.0,1.0,0.0,0.0,0.0,0.0,0.99999988,1.1e-07,0.0
c2c2a387fd9a6a26cff636008de21f71,What is a place that is far away from your house and where you could consume beer?,B,A,B,E,0.96574368,7.62e-06,0.05943084,0.00379929,True,False,True,True,0.00379167,7.62e-06,0.96574368,0.00394677,0.00113077,0.02916293,0.00379929,0.05943084,0.00084774,0.00626397,0.92965479
57e96118fee6e2bbac5f59790fc833c0,"If a court case is dismissed after hearing testimony, what would be a likely cause?",A,D,A,D,0.99999988,7e-08,1.301e-05,0.99998558,True,True,False,True,0.99998551,0.99999988,0.0,0.0,7e-08,0.0,1.301e-05,0.0,0.0,0.99998558,1.37e-06
b9b82aa4c236cd342ff95455b8516a42,Sitting down quickly after eating beans could lead to what?,A,D,A,D,0.99999988,0.0,0.00522013,0.99477968,True,True,False,True,0.99477968,0.99999988,7e-08,0.0,0.0,0.0,0.00522013,1.1e-07,0.0,0.99477968,5e-08
41fac392c6a5827c1b6682d5d3798e59,"John was my neighbor, it was easy to talk to him. He was never what?",B,E,B,E,0.4999997,3.2e-07,0.0007946,0.67863787,True,True,False,False,0.67863754,3.2e-07,0.4999997,1e-08,0.4999997,3.2e-07,1.53e-06,0.0007946,0.0,0.32056582,0.67863787
5c224410a40c9269b1e542cfcb430d35,Where do people want to have a lot of coffee?,B,D,E,D,0.08492417,0.1090448,0.0,0.99999821,True,True,False,False,0.89095342,0.00021051,0.08492417,2.219e-05,0.1090448,0.80573803,0.0,0.0,0.0,0.99999821,1.76e-06
0b90c6710a65eb55fea4cc92895bf601,"You stop and have food all around you, what are you?",E,D,C,D,1.9e-07,1e-08,3.536e-05,0.9999646,True,True,False,False,0.99996459,5e-07,0.0,0.99999928,1e-08,1.9e-07,2e-08,0.0,0.0,0.9999646,3.536e-05
70af2b5df22ec96901350dfa3c9ee74f,James was meeting a friend.  They had planed a slow day. They didn't want to do much.  They just wanted what?,A,D,A,A,0.9999994,0.0,0.92414079,0.0758581,False,False,False,True,0.0758581,0.9999994,0.0,0.0,0.0,3e-08,0.92414079,1.3e-07,0.0,0.0758581,9.9e-07
f9243ef9f0037657c337d3c6a9832f05,"The car's steering seem quite loose, but he still considered purchasing it because he needed something small and what?",D,B,D,D,1.0,0.0,0.99999952,1e-08,False,False,False,True,1e-08,0.0,0.0,0.0,1.0,0.0,5e-07,1e-08,0.0,0.99999952,4e-08
27f2074270ea8a5e8f5ec2a017ec4a50,"Dan was a farmer with just one heifer.  But that was okay, he only kept her for milk, and he didn't think he'd find good farmland in a place as cold as where?",C,B,C,C,1.0,0.0,1.0,0.0,False,False,False,True,0.0,0.0,0.0,1.0,0.0,0.0,0.0,0.0,1.0,0.0,0.0
63b3652d54c8c0e571f6bb50de318bf0,It's Friday night and Alice puts off going to bed because she plans on doing what Saturday?,B,E,D,D,1.76e-06,0.0,1.37e-06,1e-08,False,False,False,False,1e-08,0.0,1.76e-06,0.0,0.99999821,0.0,3e-08,1.37e-06,0.0,0.99999857,1e-08
0843c51212a3c2eee660fab5648c9e19,"His phone was dead and they couldn't find the expressway, he opened up the glove compartment and handed his passenger the what to navigate?",C,E,C,C,1.0,0.0,1.0,0.0,False,False,False,True,0.0,0.0,0.0,1.0,0.0,0.0,0.0,0.0,1.0,0.0,0.0
1b3d286458a7e7f069222de0376d06da,What would someone use a personal key for?,C,B,B,B,0.00088442,0.96988779,0.0,0.99944098,False,False,False,False,0.02955319,0.01776412,0.96988779,0.00088442,0.01077448,0.00068879,6.14e-06,0.99944098,0.0,5e-08,0.00055278
86e2aabfb9d401567f04d87a648ff776,"The cat kept pestering it's owner, it was that time of the day and it was what?",C,D,C,D,1.0,0.0,0.26880044,0.73067533,True,True,False,True,0.73067533,0.0,0.0,1.0,0.0,0.0,9.017e-05,1.46e-06,0.26880044,0.73067533,0.00040413
092c24369367b3c7457198f3ce160fe3,"Her voice lent her to the alto section, what group did she join?",C,E,C,C,1.0,0.0,0.99999213,7.89e-06,False,False,False,True,7.89e-06,0.0,0.0,1.0,0.0,0.0,1e-08,0.0,0.99999213,0.0,7.89e-06
cab9eea2a91b1bd5c0a01b11f594f154,Where are you likely to find a Japanese restaurant not run by people from Japan?,A,B,A,A,0.99999976,0.0,0.99477567,5e-07,False,False,False,True,5e-07,0.99999976,0.0,7e-08,1.4e-07,3e-08,0.99477567,5e-07,9e-08,3.71e-06,0.0052201
6e77de03bee86d6c20780e14f00944d0,Animals who have hair and don't lay eggs are what?,C,D,C,C,1.0,0.0,1.0,0.0,False,False,False,True,0.0,0.0,0.0,1.0,0.0,0.0,0.0,0.0,1.0,0.0,0.0
7f25dbab26165b3c8800c2733ca759d6,John was an aristocratic fox hunter.  Where might he live?,B,D,A,A,1e-08,0.0,1e-08,1.9e-07,False,False,False,False,1.8e-07,0.99999714,1e-08,0.0,0.0,2.9e-06,0.99999964,1e-08,0.0,1.9e-07,9e-08
9024493a3edbaf555fda5b477e835bf5,Where is a grape likely to be being fed to someone else?,E,B,A,B,0.01098692,3e-07,3.535e-05,0.99991918,True,True,False,False,0.99991888,0.98901096,3e-07,0.0,2e-08,0.01098692,4.54e-05,0.99991918,0.0,0.0,3.535e-05
fc59ab1a9e6d2b51126dd828d30e9167,"Some food can be stored at room temperature until you open it, then you should keep it in what?",D,E,D,E,0.97698703,0.02297653,0.0,1.0,True,True,False,False,0.97702347,4e-08,2e-08,4.67e-06,0.97698703,0.02297653,0.0,0.0,0.0,0.0,1.0
5a50ea4bb2d13dc4f620ebd45025d445,Sam couldn't get back to sleep because of a dream he had.  It was a what?,E,C,E,E,1.0,0.0,1.0,0.0,False,False,False,True,0.0,0.0,0.0,0.0,0.0,1.0,0.0,0.0,0.0,0.0,1.0
8becd2ee4e86258566a9c2b0e6d9544e,If you're going to a party in a new town what are you hoping to make?,B,E,B,B,1.0,0.0,1.0,5e-08,False,False,False,True,5e-08,0.0,1.0,0.0,0.0,0.0,5e-08,1.0,0.0,0.0,5e-08
2a21820a135e1a49883525c055c74a0b,How is riding a bike getting it to move?,E,D,E,E,1.0,0.0,1.0,1e-08,False,False,False,True,1e-08,0.0,0.0,0.0,0.0,1.0,0.0,0.0,0.0,1e-08,1.0
e5adfec0b5ba691ec752f9b5e0fb8084,Where does one usually keep literature?,D,E,B,B,3.9e-07,7.485e-05,0.01384831,0.01384831,False,False,False,False,0.01377346,3e-08,0.99992478,0.0,3.9e-07,7.485e-05,0.0014596,0.97084157,2.19e-06,0.01384831,0.01384831
406e15b76269d20b5448a91648094291,WHat type of keyboard is made up of one or more pipe divisions?,E,B,B,B,1.9e-07,0.99999976,0.0,1.0,False,False,False,False,2.4e-07,0.0,0.99999976,1e-08,2e-08,1.9e-07,0.0,1.0,0.0,0.0,0.0
9c596382ea15768f95b5ef9ceec191dc,"The bell rang, and the congregation began to what in to the church?",C,E,E,E,3e-08,0.96267208,0.0,0.99997246,False,False,False,False,0.03730039,0.03732684,1.03e-06,3e-08,2e-08,0.96267208,2.754e-05,0.0,0.0,0.0,0.99997246
7a3d0c94438a5c8a09364aaebb848a2c,"James needed smooth sandpaper, but instead he got what type?",A,C,A,C,0.99999821,0.0,0.00020343,0.99979238,True,True,False,True,0.99979238,0.99999821,0.0,0.0,1.76e-06,0.0,0.00020343,5e-07,0.99979238,3.73e-06,3e-08
1ef68db97654f30cd3701b942fadc934,Where would you borrow furniture if you do not have any?,B,A,B,B,1.0,0.0,0.99999475,5e-07,False,False,False,True,5e-07,0.0,1.0,0.0,0.0,0.0,5e-07,0.99999475,0.0,0.0,4.79e-06
abb090bbc572be1016bcd5f261f28e76,What must happen for an animal to and it's offspring to continue livng?,C,D,C,C,1.0,0.0,0.99999523,4.79e-06,False,False,False,True,4.79e-06,0.0,0.0,1.0,0.0,0.0,0.0,0.0,0.99999523,4.79e-06,1e-08
91f2532a832a35cba1b08a3c767be6da,"I want my wine stored in darkness, where should it go?",E,C,E,E,0.99992514,1e-08,0.99999702,4e-08,False,False,False,True,4e-08,0.0,0.0,1e-08,7.485e-05,0.99992514,0.0,0.0,4e-08,2.9e-06,0.99999702
f8544c9679d27b747dfad3b8d7aac87a,"If I want to open a steakhouse, what should I get first?",E,A,E,A,0.99712746,6.5e-07,3.73e-06,0.99995697,True,True,False,True,0.99995632,6.5e-07,1.665e-05,0.00012306,0.00247163,0.99712746,0.99995697,3.1e-07,4e-08,2.144e-05,3.73e-06
a7f423c1636ba9e36d18e381928c5dcc,"Sarah didn't like to play but she didn't want to be sedentary and bored, either, so she took up what?",C,B,C,C,0.9999994,1e-08,0.9967655,2.4e-07,False,False,False,True,2.3e-07,0.0,1e-08,0.9999994,0.0,6.5e-07,5.811e-05,2.4e-07,0.9967655,3.71e-06,0.00317249
e1d354cbfcd620e5dacf83c17746c4b3,Joe found spiders while checking something outside.  What might that be?,D,C,E,E,0.0,0.0,0.0,0.0,False,False,False,False,0.0,0.0,0.0,0.0,0.0,0.99999976,0.0,0.0,0.0,0.0,1.0
53e1e50d204f6ad5a0f69429eadae82e,What would you do if your date does not show up?,A,C,E,C,0.00026115,0.0,3.535e-05,0.99990631,True,True,False,False,0.99990631,0.00026115,0.0,0.0,0.00015839,0.99958044,3.535e-05,3e-08,0.99990631,3e-08,5.829e-05
48205cc84aab5e455b22e17c3cc7277d,What did the adult do before the job interview?,B,C,A,C,0.12439834,7.6e-07,7.46e-05,0.99670072,True,True,False,False,0.99669995,0.71586301,0.12439834,7.6e-07,0.15973063,7.25e-06,0.00247057,7.46e-05,0.99670072,0.0002028,0.00055126
0f7419d25337e0a75503a015ae777905,Most items in retail stores are what even when they are on sale?,A,C,C,C,4.79e-06,0.99999523,0.0,0.99999964,False,False,False,False,4.41e-06,4.79e-06,0.0,0.99999523,1e-08,1e-08,0.0,0.0,0.99999964,0.0,3.9e-07
5cac4da628f0a58db980649079bd5784,John farms anemone in what type of facility?,D,A,D,D,0.99989403,1.07e-06,0.99956388,0.00043055,False,False,False,True,0.00042949,1.07e-06,5.829e-05,4e-08,0.99989403,1.07e-06,0.00043055,3.73e-06,3e-08,0.99956388,1.76e-06
78d1218aeff70a70904767349e3c4c53,Brawn opened the curtains so that the sun could do what?,C,A,B,D,0.07147185,0.00215826,0.00038799,0.3313692,True,False,True,False,0.32921094,0.00215826,0.87070546,0.07147185,0.05566233,1.97e-06,0.3313692,0.1219039,0.00038799,0.54633545,3.36e-06
cce13a32fedb997c017d3fac87c34912,How might releasing energy that has built up feel?,B,C,D,D,0.0109833,0.0,0.00015793,0.0,False,False,False,False,0.0,3e-07,0.0109833,0.0,0.98868469,0.00033167,2.137e-05,0.00015793,0.0,0.99664861,0.00317211
6714487b839f648e348ac972ed114af3,What would you do if you have curiosity but are blind and paralyzed?,B,E,E,E,2.69e-05,0.97699557,0.0,1.0,False,False,False,False,0.02300443,0.02297673,2.69e-05,3.8e-07,3.8e-07,0.97699557,2e-08,0.0,0.0,0.0,1.0
3e536d9253bfac45de83e8ee291ca143,Where might it be hard to get furniture to?,B,A,B,A,0.93973001,0.06007493,1e-08,1.0,True,True,False,False,0.93992507,0.06007493,0.93973001,3.09e-06,3.323e-05,0.00014891,1.0,1e-08,0.0,0.0,3e-08
9f830faa0f8e3d7fb3a658c15a5fbe63,A great teacher can be what when you are attending school?,D,E,D,D,1.0,0.0,1.0,0.0,False,False,False,True,0.0,0.0,0.0,0.0,1.0,0.0,0.0,0.0,0.0,1.0,0.0
bbcef409e0acb71b515acc144d5b402c_1,Where would you get jeans and other wearable items to take home with you?,D,E,D,D,1.0,0.0,1.0,0.0,False,False,False,True,0.0,0.0,0.0,0.0,1.0,0.0,0.0,0.0,0.0,1.0,0.0
cbb0c9a69ca0922371a48177087ef407,In what substance do clouds float?,C,B,C,C,1.0,0.0,1.0,0.0,False,False,False,True,0.0,0.0,0.0,1.0,0.0,0.0,0.0,0.0,1.0,0.0,0.0
b92f786638796fc028947ac0e9a44fef,Where is the large area location of the empire state building?,E,D,A,A,0.0,0.0,4.79e-06,1.76e-06,False,False,False,False,1.76e-06,1.0,0.0,0.0,0.0,0.0,0.99999332,9e-08,0.0,1.76e-06,4.79e-06
5abeb4a2126597d4ef7b5a32e9e22abf,Where do most people make coffee?,E,D,A,E,0.00055278,8.3e-07,0.99305645,0.00020206,True,False,True,False,0.00020122,0.99944563,6.5e-07,7e-08,8.3e-07,0.00055278,0.00669116,4.75e-06,5e-07,0.00020206,0.99305645
8d4b0312f02be445e09a9462873d02bb,What kind of service is my body a part of when I'm no longer here?,D,E,D,E,1.0,0.0,0.00407014,0.9959299,True,True,False,True,0.9959299,0.0,0.0,0.0,1.0,0.0,0.0,0.0,0.0,0.00407014,0.9959299
f7140f00ddd8d1c5d93b05ea32ad1fff,"Many people wanted to leave their country estates for row houses, what did they need to move to?",D,B,D,D,1.0,0.0,0.9997365,0.00026119,False,False,False,True,0.00026119,0.0,0.0,0.0,1.0,0.0,8.3e-07,0.00026119,3e-08,0.9997365,1.37e-06
8b3b598a647dfd2d63fcedce5f461040,Where can someone get a new saw?,A,C,A,A,1.0,0.0,0.81756671,0.18242378,False,False,False,True,0.18242378,1.0,0.0,0.0,0.0,0.0,0.81756671,2.37e-06,0.18242378,6.8e-07,6.45e-06
7a900bc3a373806b6c56f0e19534005f,What would you do to a crime scene before asking a question?,E,A,B,A,5e-07,5e-07,1.013e-05,0.99965298,True,True,False,False,0.99965248,5e-07,0.99999893,3e-08,1.4e-07,5e-07,0.99965298,0.00033535,9e-08,1.37e-06,1.013e-05
3d79c10ddf26a5ed7dc0bb168fb0b3ed,"The man didn't do great in college, all his best memories were late night with his brothers at the what?",B,A,B,B,0.99999702,1.1e-07,1.0,1e-08,False,False,False,True,-1e-07,1.1e-07,0.99999702,0.0,0.0,0.0,1e-08,1.0,0.0,0.0,0.0
b7091d2bfcea421d787ce9e7982f104a,In a horror movie victims usually trip when the run in order to do what in regards to the killer?,C,E,C,E,0.84815728,3.16e-06,8.3e-07,0.99751958,True,True,False,False,0.99751642,0.00445072,0.14738764,0.84815728,1.16e-06,3.16e-06,0.0024726,2.25e-06,8.3e-07,4.77e-06,0.99751958
d060ab71d0efff3cab5960089a6bb3a2,"The coach decided to make a lineup change, the team's effort was suffering from what?",B,C,B,A,0.73105287,2.2e-07,0.0757741,2.542e-05,True,False,True,False,2.52e-05,0.26893932,0.73105287,2.2e-07,8e-08,7.41e-06,0.92311752,0.0757741,2.542e-05,2.09e-06,0.00108086
b399f6008d90dbd92bcce5abed4c1fd1,Where would you go if you want to buy some clothes?,A,C,A,A,0.99682105,0.0,0.88077892,1.3e-07,False,False,False,True,1.2e-07,0.99682105,7e-08,0.0,0.00317266,1e-08,0.88077892,1.55e-06,1.3e-07,0.11920047,1.889e-05
80c19c62338edae0e8a1f5c6fec0d29a,Where is food likely to stay dry?,B,E,B,E,0.66417017,0.08988566,0.0,1.0,True,True,False,False,0.91011434,0.00047168,0.66417017,0.24433455,0.00099854,0.08988566,0.0,0.0,0.0,0.0,1.0
1a4e83b433620cb2d7d806882f8d57e4,What is it called when a person with mental illness is able to lead a relatively normal life?,A,B,B,B,2.9e-06,0.99979357,1e-08,0.99999976,False,False,False,False,0.00020619,2.9e-06,0.99979357,1e-08,6e-08,0.00020343,1e-08,0.99999976,0.0,0.0,1.9e-07
b9e04a53c0ee7325b901de4d12d56884,Where do you keep musical instrument so it doesn't get scratched?,C,B,C,C,1.0,0.0,1.0,0.0,False,False,False,True,0.0,0.0,0.0,1.0,0.0,0.0,0.0,0.0,1.0,0.0,0.0
7490aa460f66000555a8a94008179cbb,"The woman is watching television and trying to forget her day, what is her goal?",E,A,E,A,0.99997819,3.9e-07,0.00317268,0.99682508,True,True,False,True,0.99682469,3.9e-07,0.0,0.0,2.144e-05,0.99997819,0.99682508,3e-08,1e-08,2.25e-06,0.00317268
ad8ee2965a33ff4b0e3d2ac732676594,"While John Candy and Dan Aykroyd didn't run into a gazelle, you'd have to go where to see one?",E,D,E,E,0.93990616,4.5e-06,0.99999964,2.4e-07,False,False,False,False,-4.26e-06,1.29e-06,2.2e-07,0.06008619,4.5e-06,0.93990616,1.1e-07,0.0,1e-08,2.4e-07,0.99999964
64d2310eff6b661baeb41b4ccc392e35,When we are running what are we doing?,D,B,D,B,1.0,0.0,0.0953388,0.90454926,True,True,False,True,0.90454926,0.0,0.0,0.0,1.0,1e-08,8.694e-05,0.90454926,1e-07,0.0953388,2.491e-05
6b1f5ebd9d0dbc7e34a598456a6091a8,It's dangerous to let pet birds free so it's better to keep them what?,C,E,C,C,1.0,0.0,0.9999646,3.536e-05,False,False,False,True,3.536e-05,0.0,0.0,1.0,0.0,0.0,2e-08,0.0,0.9999646,1e-08,3.536e-05
080ef6941410139d6869e78122bc741e,"A beaver is know for building prowess, their supplies come from where?",C,D,C,C,0.85195276,0.0,0.99927716,1.9e-07,False,False,False,False,1.8e-07,6e-08,0.14804719,0.85195276,0.0,0.0,1.3e-05,0.00070966,0.99927716,1.9e-07,3e-08
6c70d98cfb8e97fda8caefcee761a229,Zane doesn't like answering questions.  He's not good at it because he suffers from what?,D,E,D,E,0.99999952,3.9e-07,9.607e-05,0.99954459,True,True,False,True,0.9995442,9e-08,0.0,2e-08,0.99999952,3.9e-07,9.607e-05,2e-08,2.1e-07,9.607e-05,0.99954459
75ac594b4fdbfba006e61315d1b2c815,Going public about a common problem can gain what for a celebrity?,A,E,E,E,0.0,1.0,0.0,1.0,False,False,False,False,0.0,0.0,0.0,0.0,0.0,1.0,0.0,0.0,0.0,0.0,1.0
5a8e7d2f97f76adb23fbd59a009d16f0,"The electricity went out and everyone was shrouded in darkness.  They all remained in their seats, because it would have been dangerous to try to find there way out.  Where mihgt they have been?",A,E,C,E,8.3e-07,0.00091074,2.754e-05,0.99997187,True,True,False,False,0.99906112,8.3e-07,0.00033504,0.99875296,5e-07,0.00091074,2.754e-05,1.1e-07,3.9e-07,1.4e-07,0.99997187
178cb8153123716aa94f286b615149d4,Where could you find hundreds of beauty salon?,D,B,B,B,1.9e-07,0.9999975,1.4e-07,0.99999785,False,False,False,False,3.6e-07,5e-08,0.9999975,3e-08,1.9e-07,2.26e-06,2.4e-07,0.99999785,1e-08,1.4e-07,1.76e-06
cc917ca0e03c91a5141920f5a902a36c,If it is Chrismas time what came most recently before?,A,E,B,E,0.09412972,5.206e-05,5.829e-05,0.99994028,True,True,False,False,0.99988822,0.09412972,0.89307796,0.01273907,9.5e-07,5.206e-05,5.829e-05,6.5e-07,6.5e-07,0.0,0.99994028
a7d51b753c2113d8b2dbd0ebb5375855_1,"If someone found out their brother was having a daughter, they would have to add a niece limb to the what?",D,E,D,D,1.0,0.0,1.0,4e-08,False,False,False,True,4e-08,0.0,0.0,0.0,1.0,0.0,0.0,0.0,0.0,1.0,4e-08
e71da9e95b321763c86e879a47bbd327,"The criminal insisted he must do the crime to the bank teller, but she tried to convince him there were other ways in life and this was what?",E,C,B,C,0.00857743,1.8e-07,0.0011695,0.99881979,True,True,False,False,0.99881961,6.09e-06,0.99141603,1.8e-07,1.4e-07,0.00857743,1.012e-05,6.5e-07,0.99881979,4e-08,0.0011695
ec86900559a0faf2aef066e511a4cfa6,what do you fill with ink to write?,B,C,B,B,1.0,0.0,0.98892876,1.8e-07,False,False,False,True,1.8e-07,0.0,1.0,0.0,0.0,1e-08,5.765e-05,0.98892876,1.8e-07,2.723e-05,0.010986
d312741df1b14bcbe358f4f30aff3994,"He walked into the room and had a great shock, his friends had what him?",E,C,A,A,2.4e-07,0.0,0.135824,0.08238142,False,False,False,False,0.08238142,0.99999976,0.0,0.0,3e-08,2.4e-07,0.78161311,2.152e-05,0.08238142,0.00015903,0.135824
0df3f58645b4bc306093845fb297a50e,"He wasn't the hugging type, even when he meet friend he'd just do what?",E,D,B,D,3.9e-07,1e-08,0.01097839,0.98824384,True,True,False,False,0.98824383,0.0,0.99999964,0.0,1e-08,3.9e-07,7.397e-05,0.00070183,1.35e-06,0.98824384,0.01097839
27d9b4df2ca50112d282331df4923e96,"If you were lost you might need a map, the best place to find one on the road is at any what?",E,B,A,A,3e-08,2e-08,1.07e-06,4.78e-06,False,False,False,False,4.76e-06,0.99999714,2e-08,0.0,2.9e-06,3e-08,0.99987079,4.78e-06,0.0,0.00012339,1.07e-06
ab755203f41a2e241f0ee8a53c54f287,Where would you put a net if you wanted to use it?,D,C,B,B,7.483e-05,3.1e-07,0.03016447,0.22288699,False,False,False,False,0.22288668,1.013e-05,0.99971088,3.1e-07,7.483e-05,4.539e-05,0.22288699,0.47185176,0.22288699,0.03016447,0.0497328
f13efb91090dd28fd2b3c1f4dde680fd,Sage loved communicating  He liked doing what with his peers?,A,E,A,A,0.99999988,9e-08,0.81757299,0.1824252,False,False,False,True,0.18242511,0.99999988,0.0,0.0,0.0,9e-08,0.81757299,1.44e-06,1e-08,4.1e-07,0.1824252
e98031901c815e55040d9fe28c4d9387,Where would a cat snuggle up with their human?,D,A,C,C,0.0,0.0,0.0,0.0,False,False,False,False,0.0,0.0,0.0,1.0,0.0,0.0,0.0,0.0,1.0,0.0,1e-08
fb64149cf01c5b496d986f56852273e9,What is a place that has large cable hanging overhead?,D,C,D,D,0.99999952,0.0,0.99978035,0.00012338,False,False,False,True,0.00012338,0.0,0.0,0.0,0.99999952,5e-07,2.4e-07,0.0,0.00012338,0.99978035,9.609e-05
2ac72eaf30a633c410b1bd658bbef0ba,Where do cars usually travel at very high speeds?,C,B,C,C,0.99999952,0.0,0.995926,3.71e-06,False,False,False,True,3.71e-06,5e-07,0.0,0.99999952,0.0,0.0,0.00407012,3.71e-06,0.995926,3e-08,1.1e-07
22fc45d9e6d0baea4a5b0526504225b8,What might a person be watching if they see a man with a suitcase full of money?,B,D,B,D,0.90454945,0.09533882,0.0,0.99999988,True,True,False,False,0.90466106,1.3e-07,0.90454945,3e-08,0.09533882,0.00011163,2e-08,0.0,0.0,0.99999988,1.4e-07
4ef3d70648ee3cea028bc5ed0fdfda28,Eating breakfast in bed while seeing a homeless person shivering outside your window may cause you to what?,C,D,C,C,1.0,0.0,0.99999988,1e-08,False,False,False,True,1e-08,0.0,0.0,1.0,0.0,0.0,0.0,0.0,0.99999988,1e-08,7e-08
059155c50d1b04da7373e309868e67d2,"If I put in my key and open a hinged door, where am I likely entering?",C,D,C,D,1.0,0.0,0.0,1.0,True,True,False,True,1.0,0.0,0.0,1.0,0.0,0.0,0.0,0.0,0.0,1.0,3e-08
33d023a6806390eb8195380331e17404_1,"If somebody is working at a reception desk, they are located at the front entrance of the what?",C,A,C,C,0.97702049,2.1e-07,0.73098089,7.026e-05,False,False,False,True,7.005e-05,2.1e-07,1.72e-06,0.97702049,0.02297732,2.6e-07,7.026e-05,3.319e-05,0.73098089,0.26891284,2.72e-06
63f7ad481a63fc8c6dffe00519d4a167,If you're reading a newspaper from another country what are you doing?,A,C,A,C,1.0,0.0,2.9e-06,0.99999702,True,True,False,True,0.99999702,1.0,0.0,0.0,0.0,0.0,2.9e-06,1.1e-07,0.99999702,0.0,3e-08
a2daf73d33541af0846673afd8e49abe,"They wanted to recognize his accomplishment, where should they put his name?",A,C,A,A,1.0,3e-08,0.98145997,0.00054283,False,False,False,True,0.00054281,1.0,0.0,3e-08,1e-08,2e-08,0.98145997,4.7e-06,0.00054283,1.639e-05,0.01797607
7d70208061ae3185bcfc9e912ee9e141,What is it called when a person tends to leave things to the last minute?,A,C,,A,0.00317268,3e-07,0.93987973,0.0600845,True,False,True,False,0.0600842,0.00317268,1.8e-07,3e-07,8e-08,3e-08,0.93987973,2.588e-05,0.0600845,1.29e-06,2.41e-06
9003c4748b08d5a734747e499599ff20,What will you do if you do not want to settle in one place?,C,E,C,C,0.9998416,0.0,0.99999988,7e-08,False,False,False,True,7e-08,0.0,0.0,0.9998416,0.0,0.0,1e-08,1e-08,0.99999988,0.0,7e-08
28aac6d39cdd270d2a6a28e1985484cb,Where would a person live that isn't in the metro area but still has good schools?,C,B,C,C,0.99999714,3e-08,1.0,1e-08,False,False,False,True,-2e-08,0.0,3e-08,0.99999714,1e-08,0.0,0.0,1e-08,1.0,0.0,0.0
8bdbb8caefcc607a9ec7579aa0c87cba,"Jane works for the government as a senator, where does she spend a lot of time?",A,C,A,A,1.0,0.0,0.77729896,0.22269988,False,False,False,True,0.22269988,1.0,0.0,0.0,0.0,0.0,0.77729896,1.07e-06,0.22269988,6e-08,2e-08
95a85df48902d23eb3fda25a99fca1a0,What is it called when two people in love have children?,B,A,B,B,0.99998939,2.9e-06,0.99997985,2.26e-06,False,False,False,True,-6.4e-07,2.9e-06,0.99998939,2.1e-07,1.9e-07,1.07e-06,2.26e-06,0.99997985,3.1e-07,8.3e-07,1.67e-05
79c3378b7660d328902d7c0ad442a37f,What did the policemen do when they heard a cry from a distance?,E,D,E,E,1.0,0.0,1.0,0.0,False,False,False,True,0.0,0.0,0.0,0.0,0.0,1.0,0.0,0.0,0.0,0.0,1.0
8c12e5864463cfcd03f4d0ab67949d01,"It takes ambition to complete a job, but the first step is to what?",B,E,B,E,1.0,0.0,1e-08,0.99999952,True,True,False,True,0.99999952,1e-08,1.0,0.0,0.0,0.0,5e-07,1e-08,0.0,0.0,0.99999952
e145618c2062eb9ea8928fdb0d42185e,Where would I not want a fox?,A,D,D,D,0.00848383,0.98059766,4e-08,1.0,False,False,False,False,0.01940234,0.00848383,3.65e-06,2.3e-07,0.98059766,0.01089345,4e-08,0.0,0.0,1.0,1e-08
35872be88df5f6c4a6600020266a5458,What type of building has the most top floor?,C,E,C,E,0.99999702,2.26e-06,1.4e-07,0.99998319,True,True,False,True,0.99998093,5e-07,1.1e-07,0.99999702,8e-08,2.26e-06,1.67e-05,1e-08,1.4e-07,1e-08,0.99998319
055817d8d703d3c2802545e3fccdcde3,What do humans do to other humans after death?,B,E,B,E,0.44248841,0.20901673,0.0,1.0,True,True,False,False,0.79098327,0.00382827,0.44248841,4.819e-05,0.34461032,0.20901673,0.0,0.0,0.0,0.0,1.0
5ef6cdb85468df482e3aa6fa339d6e41,Where can you find a restaurant's phone number?,A,B,A,A,1.0,0.0,0.9959299,0.00407014,False,False,False,True,0.00407014,1.0,0.0,0.0,0.0,0.0,0.9959299,0.00407014,0.0,2e-08,0.0
1e939cc6fef999953d692b57caab254b,What would you put coins into to make it work?,B,C,B,C,0.99998689,1e-08,2.9e-06,0.99995327,True,True,False,True,0.99995327,1.1e-07,0.99998689,1e-08,1.013e-05,2.9e-06,1.013e-05,2.9e-06,0.99995327,6.14e-06,2.754e-05
3a3b5d4a517ef70d25eb558f1a622937,"A patriotic guy with a camera is looking for a bald eagle, what is he likely to do with the eagle if he finds one?",E,D,E,E,1.0,0.0,1.0,0.0,False,False,False,True,0.0,0.0,0.0,0.0,0.0,1.0,0.0,0.0,0.0,0.0,1.0
a943522f7d407cef369d5d3f1bf48589,Where can you go to use a piano in your neighborhood if you don't have one?,C,E,A,A,0.0,0.0,4.79e-06,2.4e-07,False,False,False,False,2.4e-07,1.0,0.0,0.0,0.0,0.0,0.99999452,3.1e-07,4.79e-06,1.4e-07,2.4e-07
57a343d72031b668e5eb91868420e915,Where would you get a shower curtain if you do not have one?,A,B,A,A,0.99999964,0.0,0.99997211,3.1e-07,False,False,False,True,3.1e-07,0.99999964,0.0,0.0,3.9e-07,0.0,0.99997211,3.1e-07,0.0,2.754e-05,1e-08
c4b1a57e7880b9cb367f9c67abf5605f,Kissing is normally an activity reserved for your romantic what?,B,E,B,B,1.0,0.0,1.0,0.0,False,False,False,True,-0.0,0.0,1.0,0.0,0.0,0.0,0.0,1.0,0.0,0.0,0.0
e313d7967f72c2b880213daaaf4b7181,What does a child learn to do before school?,C,E,B,E,2.26e-06,0.00150035,0.0,0.99999928,True,True,False,False,0.99849893,0.00055195,0.99794537,2.26e-06,1e-08,0.00150035,6.5e-07,3e-08,0.0,0.0,0.99999928
3c7992df7fda23bcdeacb1f1f6b73448,"He was getting advice for the job interview, they told him when talking to the interviewer always make what?",C,A,C,C,1.0,0.0,0.99999988,0.0,False,False,False,True,0.0,0.0,0.0,1.0,0.0,0.0,0.0,1.1e-07,0.99999988,0.0,0.0
d6644eacdb543a60545d2eb1ac7e6dbd,According to what book did an apple tree lead to the downfall of man?,A,D,A,A,0.9999994,0.0,0.99987604,5e-07,False,False,False,True,5e-07,0.9999994,6.5e-07,0.0,0.0,4e-08,0.99987604,1.4e-07,0.0,5e-07,0.00012339
d1ad9b79f54205b6b9ac19a27f9c2be5,"The neighborhood had a great sense of community, there was always a crowd at the landing of the what?",E,C,A,A,0.0,0.0,1.37e-06,1e-08,False,False,False,False,1e-08,0.99999201,7e-08,0.0,7.89e-06,0.0,0.99928811,8.3e-07,1e-08,0.00070967,1.37e-06
f116ee6620c0f171e5db54bc03a5f2e2,What might a kind person do?,C,E,C,C,1.0,0.0,0.99999154,6.14e-06,False,False,False,True,6.14e-06,0.0,0.0,1.0,0.0,0.0,2.26e-06,1e-08,0.99999154,1e-08,6.14e-06
ea82f9e938cbfce85fb498ce46264253,What will a person do at work?,C,E,C,E,1.0,0.0,0.00669284,0.99330527,True,True,False,True,0.99330527,0.0,0.0,1.0,0.0,0.0,1.06e-06,1e-08,0.00669284,8.3e-07,0.99330527
edbb57ac2f476679ae547f75ec2bef3e,John saw a fox running along the beach and was glad to be on the east coast.  Where might he have been?,B,C,E,C,6.04e-06,1.35e-06,3.6e-06,0.85189237,True,True,False,False,0.85189102,0.01402922,6.04e-06,1.35e-06,7.2e-07,0.98352423,6.377e-05,3.6e-06,0.85189237,3.6e-06,0.14803669
07a99d5f2ca7028febeb9f09604b36c8,Name a location where you would not want to find mice.,B,E,C,E,0.05464028,8.215e-05,0.0,1.0,True,True,False,False,0.99991785,0.0900866,0.05464028,0.85471778,0.00047273,8.215e-05,0.0,0.0,0.0,0.0,1.0
b42ef8be1748c19fa5938de5396f8fad,"The man started to learn jogging, what was he hoping to do?",B,C,B,C,0.90464203,0.09534857,3.72e-06,0.99928085,True,True,False,False,0.90393228,3.37e-06,0.90464203,0.09534857,4.6e-07,5.56e-06,2.9e-06,3.72e-06,0.99928085,2.9e-06,0.00070966
236691d38665d7bcdd0c9b9834252a51,Where do most people turn to get information on their phones?,D,C,A,A,3.73e-06,0.0,0.09533298,0.00014333,False,False,False,False,0.00014333,0.9999963,1e-08,0.0,3.73e-06,1e-08,0.90449415,9.16e-06,0.00014333,0.09533298,1.94e-05
8ef78abb86fc282ccb02bbc495f13030,What happens to a body after death?,D,E,D,D,1.0,0.0,1.0,2e-08,False,False,False,True,2e-08,0.0,0.0,0.0,1.0,0.0,4e-08,0.0,0.0,1.0,2e-08
313d033c33ec475e04e628f87c5686bd,What type of non-vegetarian soup is one likely to find a potato?,C,E,A,A,0.0,0.0,3e-08,5e-08,False,False,False,False,5e-08,0.99999523,4.79e-06,0.0,2e-08,0.0,0.99999571,2.9e-06,3e-08,1.37e-06,5e-08
d581e0ad6a4c89465dc1a527bd2d3f77,"Though she had a disability, what did her encouraging and positive coach see in her?",E,A,B,E,0.49999845,6e-08,0.9999975,6e-08,True,False,True,False,0.0,6e-08,0.49999845,2e-08,3.07e-06,0.49999845,6e-08,2.26e-06,0.0,1.1e-07,0.9999975
f232bfea2a7611999688a252e476c040,"They had a theory of what they could do in t he big game, so over and over they would what?",B,E,B,E,1.0,0.0,2.754e-05,0.99996996,True,True,False,True,0.99996996,4e-08,1.0,0.0,0.0,0.0,2.26e-06,2.754e-05,1e-08,2.4e-07,0.99996996
91756d8e475d8d59fa0a4e35f408e366,"When you see something rise, you are where in relation to it?",D,C,D,D,0.99999988,0.0,0.99799476,0.00192658,False,False,False,True,0.00192658,0.0,1.1e-07,0.0,0.99999988,2e-08,1.667e-05,3.72e-06,0.00192658,0.99799476,5.818e-05
866ea9c668c0b42df19fa20865e31f77,"They were getting ready for a really long hike, he put the food can in his what?",D,E,D,D,1.0,0.0,1.0,0.0,False,False,False,True,0.0,0.0,0.0,0.0,1.0,0.0,0.0,0.0,0.0,1.0,0.0
22015315e7ff79386877828b4fa27799,Where would you keep a rug near your front door?,D,B,A,A,2e-08,0.0,0.00240014,2.666e-05,False,False,False,False,2.666e-05,0.99999964,0.0,0.0,2e-08,1e-08,0.96828463,2.666e-05,1.03e-06,0.00240014,0.02923966
484f6e4fb8e6431b010c299490b72e3c,When you slip from a ladder propped on anything what will you do?,B,E,B,E,0.99999928,1.9e-07,2.4e-07,0.99999964,True,True,False,True,0.99999946,3.1e-07,0.99999928,0.0,5e-08,1.9e-07,7e-08,2.4e-07,0.0,7e-08,0.99999964
7322d0dcf2e27c7032626a3639f5696b,What do you do when you need to get food?,E,B,D,E,6.14e-06,0.0,0.99999988,0.0,True,False,True,False,0.0,0.0,0.0,0.0,0.9999938,6.14e-06,1e-08,0.0,0.0,5e-08,0.99999988
0519b0b0869681c2884f53dbfa43e538,"Brad tried to arise from bed but he could not.  Instead, he just continued to do what?",C,A,C,C,1.0,0.0,0.99997234,2e-08,False,False,False,True,2e-08,0.0,0.0,1.0,0.0,0.0,2e-08,3e-08,0.99997234,1.1e-07,2.754e-05
1ab04c0501b815b2a48f2581f04215a8,"If a heifer is really high quality, you might take her where?",C,E,C,E,0.99142119,1.06e-06,0.00669215,0.99320342,True,True,False,True,0.99320236,7e-08,0.00857747,0.99142119,1.8e-07,1.06e-06,9.546e-05,2.88e-06,0.00669215,6.1e-06,0.99320342
7776b10c7bb96f3fe5e026678673634d,What do people want to acquire from opening business?,B,A,E,E,0.02931223,0.0,0.0,0.0,False,False,False,False,-0.0,0.0,0.02931223,0.0,1e-08,0.97068777,0.0,0.0,0.0,0.0,1.0
f7c005244d406b9bde48dc8c22003af1,What has someone who had finished their undergraduate done?,A,B,,A,0.88079417,1.21e-06,0.99919622,0.00033519,True,False,True,False,0.00033399,0.88079417,1.21e-06,3e-08,1.55e-06,4.4e-07,0.99919622,0.00033519,1.1e-07,1.669e-05,2.143e-05
88501d528c855e2b533b3fea2f86183d,Where are bus stops more common in what parts?,D,E,D,E,1.0,0.0,1.301e-05,0.99998701,True,True,False,True,0.99998701,0.0,0.0,0.0,1.0,0.0,0.0,0.0,0.0,1.301e-05,0.99998701
3d9c3253e24fb108cea9083e8a853cf2,"Bill wanted to pick up a stranger, preferably a responsible one with kids.  Where might he look for one?",D,B,D,D,0.99999976,2e-08,0.98012562,0.01795163,False,False,False,True,0.01795161,1e-08,2e-08,1e-08,0.99999976,1.9e-07,0.00189209,0.01795163,3.65e-06,0.98012562,2.699e-05
9808782b2e2e1bfbfa27c41e605bfffe,Where might a lemur frolic in the market?,C,E,E,E,0.0,0.99999928,0.0,1.0,False,False,False,False,7.2e-07,1e-08,0.0,0.0,2.1e-07,0.99999928,0.0,0.0,0.0,0.0,1.0
c432b860fcd7297751ff5254ec4a7956,What might I place under the furniture?,A,C,A,A,0.98894742,4e-08,0.98058253,1.638e-05,False,False,False,True,1.634e-05,0.98894742,7.3e-07,4e-08,7.8e-06,1.6e-07,0.98058253,3.467e-05,1.638e-05,0.00114814,5.716e-05
732af155f677a51d05d0c9e080d598b6,Everybody began performing once their director stated what?,D,A,E,A,0.0,5e-08,0.0,0.99999988,True,True,False,False,0.99999983,5e-08,0.0,1e-08,0.0,0.99999988,0.99999988,0.0,0.0,0.0,9e-08
48abc2c113623fd72f758502529f93a5,"By learning about the world, many poor college students gain what?",C,D,B,B,0.0,0.0,3e-07,0.00069289,False,False,False,False,0.00069289,3e-08,0.99999976,0.0,0.0,2.4e-07,0.00069289,0.97566844,3e-07,0.00069289,0.02294552
03f06f77aaf80b5f5e296ffbd11e9d82,Where are required to carry books all day?,B,E,B,E,0.99999714,2.9e-06,3.9e-07,0.99999928,True,True,False,True,0.99999638,0.0,0.99999714,0.0,0.0,2.9e-06,2.4e-07,3.9e-07,0.0,3e-08,0.99999928
e7084c166ec67d0f983a26e055e845c6,where is seaweed from?,C,D,B,D,7.66e-06,4.9e-07,1.891e-05,0.6868786,True,True,False,False,0.68687811,0.02931033,0.97062499,7.66e-06,4.9e-07,5.658e-05,0.07239647,0.04391068,1.891e-05,0.6868786,0.19679401
c55c31b5a2aa996f3b75ad88c017a6b9,how can i store cooked steak?,B,C,C,C,0.0,1.0,1e-08,0.99999523,False,False,False,False,-4.77e-06,0.0,0.0,1.0,0.0,2e-08,1.07e-06,1e-08,0.99999523,3e-08,3.73e-06
463521a93ae71e93bea8b97cdf7a6792,John wanted to clean all of the dust out of his place before settling down to watch his favorite shows.  What might he hardest do dust?,D,E,D,D,0.97125455,1.263e-05,0.92292354,7.28e-06,False,False,False,True,-5.35e-06,0.01778915,0.01078966,0.00015391,0.97125455,1.263e-05,0.07575819,0.00065544,0.00065544,0.92292354,7.28e-06
c036ce033bc429ac1aba0a6ac8d057e1,"Something had the nerve to break into the garbage last night, what did it?",B,D,B,D,0.97895219,8.1e-07,0.0,0.99999857,True,True,False,True,0.99999776,0.01793013,0.97895219,1.05e-06,8.1e-07,0.00311579,3.9e-07,0.0,0.0,0.99999857,1.07e-06
db7f2bfdabcf53d6778fd7af80b603d2,Where would you go to get some pamphlets if you want to own them?,A,D,A,A,0.9999975,5e-08,0.56216973,2.69e-06,False,False,False,True,2.64e-06,0.9999975,1.07e-06,0.0,5e-08,1.37e-06,0.56216973,9.39e-06,2e-08,2.69e-06,0.43781823
8605fd2affc796d79073d0f3ef0761c9,"The audience cheered when a goal was scored, what were they spectating?",B,E,B,B,1.0,0.0,0.99999964,3.1e-07,False,False,False,True,3.1e-07,0.0,1.0,0.0,0.0,0.0,0.0,0.99999964,0.0,0.0,3.1e-07
ad37795fd9e3a65553683ff305b5113d,What western state has thousands of miles of shore?,D,C,D,D,0.99999678,3.5e-07,0.99999917,0.0,False,False,False,True,-3.5e-07,4e-08,0.0,3.5e-07,0.99999678,2.9e-06,0.0,0.0,0.0,0.99999917,8.3e-07
bcd51af35d691f5c3b6b548096ab1559,"Everybody seemed to be crying at the holy site, the tour guide explained that this was what?",D,E,A,E,1.1e-07,0.01798613,1e-08,0.9992899,True,True,False,False,0.98130377,0.98200939,2.22e-06,1e-08,1.1e-07,0.01798613,0.00070967,1.1e-07,0.0,1e-08,0.9992899
b5345f15d5b451562ab9e0851e7f394f,The smile gave away that the what was one of happiness?,C,D,B,D,0.00116772,0.00070826,0.0,1.0,True,True,False,False,0.99929174,0.00055159,0.99730422,0.00116772,0.00070826,0.00026055,3e-08,0.0,0.0,1.0,5e-08
6a884d5d8febfdd86fcf68ff1a904d9b,Where is a public monument likely to be erected by a city?,A,B,A,A,0.9999938,3e-08,0.99990345,2.4e-07,False,False,False,True,2.1e-07,0.9999938,3e-08,0.0,5e-08,6.14e-06,0.99990345,2.4e-07,0.0,1.9e-07,9.61e-05
a1303b5177df0a5b653c9abd7d5f5e08,Where would a person live if they wanted no neighbors?,D,E,C,C,7e-08,0.0,0.07323339,0.034593,False,False,False,False,0.034593,0.0,0.0,0.99999988,7e-08,0.0,7.04e-06,4e-07,0.89216536,0.07323339,0.034593
315baf79f8dd3673f67a90de0758240e,Where is the control room that controls a PWR located?,E,A,E,E,1.0,0.0,1.0,0.0,False,False,False,True,-0.0,0.0,0.0,0.0,0.0,1.0,0.0,0.0,0.0,0.0,1.0
01f01cc3ad152773ef42b30e926912bf,What happens to a dog before someone puts up posters of them?,A,B,D,B,3.1e-07,5e-08,1.013e-05,0.99997234,True,True,False,False,0.99997229,3.1e-07,5e-08,0.0,0.9999994,2.4e-07,1.013e-05,0.99997234,0.0,8.3e-07,1.67e-05
f192cfacbaa2f7e0e879f673c8e076a7,Where are the most famous BBQ steakhouses in america?,A,D,C,C,0.00150115,1.4e-07,0.0024724,7.466e-05,False,False,False,False,7.452e-05,0.00150115,2.141e-05,0.9984768,1.4e-07,3.5e-07,0.0024724,1.297e-05,0.99743857,7.466e-05,1.37e-06
ab8d5e21a2cf34b60a04768b01f1f8e9,"He kept plugging away in his cubicle, it seemed he was the only person not called into the what?",B,C,B,B,0.9999994,7e-08,0.99998164,3.9e-07,False,False,False,True,3.2e-07,1.9e-07,0.9999994,7e-08,1e-08,1.9e-07,4.79e-06,0.99998164,3.9e-07,2.4e-07,1.301e-05
5d1df1daa886efb78db2103ddc1398eb,If you're attending school and are falling asleep you're likely experiencing what?,A,B,A,B,0.99998331,1.67e-05,7.89e-06,0.99999213,True,True,False,True,0.99997543,0.99998331,1.67e-05,0.0,0.0,0.0,7.89e-06,0.99999213,0.0,0.0,0.0
2f8b35d352097cc9277599be49fab0b3,"I want to buy a gong, where should I look for one?",E,A,C,C,0.00033529,2.143e-05,0.0959723,0.33497625,False,False,False,False,0.33495482,2.143e-05,5e-07,0.99948445,0.00015838,0.00033529,0.33497625,8.752e-05,0.5522825,0.01667749,0.0959723
18eb6a3b54ccf4989e268cfb9ea90f9c,What would friends do if they need each others' help?,B,A,A,A,0.0,1.0,0.0,1.0,False,False,False,False,0.0,1.0,0.0,0.0,0.0,0.0,1.0,0.0,0.0,0.0,0.0
3e12400bc5a2038a747edf2605787fe8,"When people are playing a game, what is their motivation to play?",C,B,C,C,1.0,0.0,1.0,0.0,False,False,False,True,0.0,0.0,0.0,1.0,0.0,0.0,0.0,0.0,1.0,0.0,0.0
72baf6ca5c4daa01c2cc7fda22183db8,Where could there be a battle that involves words?,A,C,C,C,5e-08,0.99997246,3e-08,1.0,False,False,False,False,2.754e-05,5e-08,2.754e-05,0.99997246,1e-08,5e-08,3e-08,1e-08,1.0,0.0,2e-08
9bac07574c966cae34c85e9f25538cba,"John didn't mind getting in line.  It was what game after that he hated.  The time, the sore feet. He did not like doing what?",B,A,B,A,0.8493944,0.14760262,8.3e-07,0.99999869,True,True,False,False,0.85239607,0.14760262,0.8493944,1.419e-05,0.00028494,0.00270344,0.99999869,8.3e-07,1e-08,9e-08,3.9e-07
fe2a21ddb1bde76025a961126044a9a3,What is the process of going somewhere?,D,B,D,D,0.9975235,2e-08,0.99999261,1.4e-07,False,False,False,True,1.3e-07,8e-08,2e-08,3.9e-07,0.9975235,2.9e-06,3.1e-07,1.4e-07,3.9e-07,0.99999261,6.14e-06
d03e09b22927542d6b0d5ebe233e467c,"The old man needed to have rest multiple times a day, he would do what on the couch and catnap?",E,B,D,D,7.485e-05,0.0,0.49998778,1.13e-06,False,False,False,False,1.13e-06,0.0,0.0,0.0,0.99992514,7.485e-05,2.27e-05,1.13e-06,1.7e-07,0.49998778,0.49998778
e63a210053cf7f961ca0b5a7e6eb355d,The end of the barrel of what primitive firearm is bell shaped?,C,B,C,C,1.0,0.0,1.0,0.0,False,False,False,True,0.0,0.0,0.0,1.0,0.0,0.0,0.0,0.0,1.0,0.0,0.0
a4b4242fab25e86a9d7ffedcaecdcdbe,Where is a good place to store pamphlets in your home or office?,D,E,D,D,1.0,0.0,0.99997389,1.301e-05,False,False,False,True,1.301e-05,0.0,0.0,0.0,1.0,0.0,1.301e-05,5e-08,2e-08,0.99997389,1.301e-05
ec8797b12e3c6666ebe70b2a7680b66f,"Many humans enjoy fishing and enjoy another relaxing activity at the same time, what activity is it?",D,A,E,E,0.0,0.0,0.0,2.4e-07,False,False,False,False,2.4e-07,0.0,0.0,0.0,0.0,1.0,2.4e-07,0.0,0.0,0.0,0.99999976
4536489e5d8e02aadc3fcc7a55effe20,Where would you get some maps that you own?,D,B,D,D,1.0,0.0,0.87998856,0.11909349,False,False,False,True,0.11909349,0.0,0.0,1e-08,1.0,1e-08,0.0001086,0.11909349,6.94e-06,0.87998856,0.00080245
0854478d174c9127064f0d4b58df7e62,Where is a good place to put a hamburger?,C,E,B,E,0.01406175,2.23e-06,0.00691184,0.48455766,True,True,False,False,0.48455544,7.379e-05,0.98580476,0.01406175,5.747e-05,2.23e-06,0.37737389,0.06557775,0.00691184,0.06557775,0.48455766
4b7d1b70060cd1f1a7321795f62a7325,Where is a handy place to store a steel pen in your office?,B,D,B,B,0.9999994,0.0,0.99709606,0.00247155,False,False,False,True,0.00247155,0.0,0.9999994,0.0,0.0,6.5e-07,2.89e-06,0.99709606,1e-07,0.00247155,0.00042949
0e6a005eec5e6746f3facf4d608bfd8b,A story about World War II would be set when?,D,C,D,D,0.99999976,7e-08,0.99944229,0.00055278,False,False,False,True,0.00055271,1.1e-07,0.0,7e-08,0.99999976,0.0,4.78e-06,2e-08,0.00055278,0.99944229,1.1e-07
2d2b69ad187b7c40273ab13caab7dc19,What type of geographic area will you find a marmot?,A,C,A,A,1.0,0.0,0.9999994,2e-08,False,False,False,True,2e-08,1.0,1e-08,0.0,0.0,0.0,0.9999994,1.4e-07,2e-08,5e-07,4e-08
fde1f9bfc33da302449c0b950d16c0ea,Most people make stupid assumptions that are based on their prejudices.  What might they do instead to achieve better outcomes?,B,A,B,B,0.99997246,0.0,0.99998689,1e-08,False,False,False,True,1e-08,0.0,0.99997246,2.754e-05,0.0,1e-08,1e-08,0.99998689,9e-08,0.0,1.301e-05
3c90a632f46aeab11fbb73aa59a33892,What is something children can do while traveling in a car?,A,C,A,C,0.99999213,0.0,0.00317262,0.99680589,True,True,False,True,0.99680589,0.99999213,7.89e-06,0.0,1e-08,0.0,0.00317262,1.665e-05,0.99680589,1.1e-07,4.77e-06
1f3ccb722600da7d862531416934949a,Where would you hear a trumpet along with other instruments made from the same material?,C,D,C,D,1.0,0.0,7.483e-05,0.99965644,True,True,False,True,0.99965644,0.0,1e-08,1.0,0.0,0.0,6.14e-06,1.37e-06,7.483e-05,0.99965644,0.00026117
46ba5d2b8cfc6708e5e2618568d8730e,"The audience listened to the orchestra play, where were they watching the performance?",A,B,A,A,1.0,0.0,1.0,5e-08,False,False,False,True,5e-08,1.0,0.0,0.0,0.0,0.0,1.0,5e-08,0.0,0.0,0.0
f8a2cbc7189b92a809ce9cd857030621,Stabbing to death of a person is what sort of way to die?,B,A,B,B,0.99984112,1e-08,0.56216638,5.69e-06,False,False,False,True,5.69e-06,1e-08,0.99984112,0.0,1.9e-07,0.00015844,5.69e-06,0.56216638,6e-08,1.206e-05,0.43781562
225287e06c993feee34e0f06b25f6ba8,What are you getting from you boss at the end of the week?,B,D,B,D,0.99907377,1.3e-05,0.0,1.0,True,True,False,True,0.999987,0.00020328,0.99907377,3.1e-07,1.3e-05,0.00070952,0.0,0.0,0.0,1.0,0.0
e211b1a3f3401d164c8b0bfc10160caa,"If you have a ticket and you are planning to eat hot dogs, where would you go?",C,E,C,C,1.0,0.0,1.0,0.0,False,False,False,True,0.0,0.0,0.0,1.0,0.0,0.0,0.0,0.0,1.0,0.0,0.0
fce1c5d069758aea57a787fc98dcf7a9,Where is a great place to buy fresh fruit?,E,D,E,E,1.0,0.0,1.0,0.0,False,False,False,True,0.0,0.0,0.0,0.0,0.0,1.0,0.0,0.0,0.0,0.0,1.0
c0d75f9fbf30aa3a612f16edb20d6b8d,"The man took paperwork to other people to consult over it, where was he heading?",B,C,B,C,0.99966323,1.37e-06,1.1e-07,0.99966454,True,True,False,True,0.99966317,0.0,0.99966323,1.37e-06,1e-08,0.00033535,1e-08,1.1e-07,0.99966454,0.0,0.00033535
d07f149d8d953dcc45dda432194c375e,"Stark was just having fun, and he wasn't hurting anyone.  What might have he been doing?",B,A,B,B,0.77729859,8.3e-07,0.62243019,2.826e-05,False,False,False,False,2.743e-05,8.3e-07,0.77729859,3e-08,8.3e-07,0.22269978,2.826e-05,0.62243019,1.41e-06,1.714e-05,0.37752298
080a9cf2d6447a9a4d98b0af311e10da,"The church was giving assistance, what were they hoping to accomplish?",D,B,D,D,1.0,0.0,1.0,0.0,False,False,False,True,0.0,0.0,0.0,0.0,1.0,0.0,0.0,0.0,0.0,1.0,0.0
111501a49dd41ceed9c2073eed5d2b72,"I you believe in god, where will you go when you die?",A,B,A,E,0.99992502,0.0,0.26876202,0.00066619,True,False,True,True,0.00066619,0.99992502,0.0,0.0,0.0,8e-08,0.26876202,0.00066619,3e-08,3.7e-07,0.7305709
7bb87c6d8eab57d4e983f60025b1f0dc,What can eating hamburger cause immediately after eating it?,D,C,D,D,1.0,0.0,1.0,0.0,False,False,False,True,0.0,0.0,0.0,0.0,1.0,0.0,0.0,0.0,0.0,1.0,0.0
5c2bc4335c8860342ec2d568ceb6ac6b,Where is a shelf likely to be hidden behind a door?,C,A,C,E,0.99999964,0.0,1.175e-05,0.0952137,True,False,True,True,0.0952137,0.0,0.0,0.99999964,3e-08,3.1e-07,0.0952137,1.09e-06,1.175e-05,0.00105773,0.90336241
083861fc5ebb9226fff70544f3f83d2b,"The man got a pail to catch the draining motor oil, where was he likely doing this at home?",A,B,A,A,0.99999976,1e-08,1.0,1e-08,False,False,False,True,0.0,0.99999976,1e-08,0.0,2e-08,0.0,1.0,1e-08,0.0,0.0,0.0
520b0eea9148e3cb4d45aa69a55491eb,What kind of cold storage could you find in your house?,E,C,E,E,1.0,0.0,1.0,0.0,False,False,False,True,0.0,0.0,0.0,0.0,0.0,1.0,0.0,0.0,0.0,0.0,1.0
ef6ede0af827ddd1dc7bbeb36a6fdd22,Where could you go to between 1000 and 10000 restaurant?,A,E,A,E,0.99999964,3.9e-07,0.0,1.0,True,True,False,True,0.99999961,0.99999964,5e-08,0.0,5e-08,3.9e-07,0.0,0.0,0.0,0.0,1.0
d47986deb91d64b2b15d385da3d2f483,"The pitcher stepped on the mound ready to throw, where was he located specifically?",E,C,B,E,0.37057462,1.9e-07,0.99999213,0.0,True,False,True,False,-1.9e-07,1.08e-06,0.61097425,1.9e-07,0.01844982,0.37057462,0.0,0.0,0.0,7.89e-06,0.99999213
c3b7f4196b12714940ac1b9417194df4,Where is a statute found on a platform?,D,A,A,A,6.14e-06,0.99997485,0.0,1.0,False,False,False,False,2.515e-05,0.99997485,1.67e-05,1e-08,6.14e-06,2.26e-06,1.0,0.0,0.0,0.0,0.0
5d03ad171fd661a28da5b6eb79967a6b,If it's not used for hair a round brush is an example of what?,C,D,C,D,1.0,0.0,0.0,0.99999976,True,True,False,True,0.99999976,3e-08,0.0,1.0,0.0,0.0,2.4e-07,0.0,0.0,0.99999976,4e-08
7c95d753943c58757fe6e1ccff8aea14,"His parents thought he was suffering from boredom, but the teen loved to lay in bed and just do what?",C,A,C,E,0.99992514,0.0,0.11918731,1.889e-05,True,False,True,True,1.888e-05,0.0,0.0,0.99992514,1e-08,7.485e-05,1.889e-05,3.28e-06,0.11918731,0.00010868,0.88068183
88d8bfb9dc8e77ef642acbe1a129f3db,"At the picnic she was stuck eating hamburger, she was worried because she forgot her chewables to prevent what?",D,E,D,D,1.0,0.0,1.0,3e-08,False,False,False,True,3e-08,0.0,0.0,0.0,1.0,0.0,1e-08,0.0,1e-08,1.0,3e-08
b1a9b20793b46e46e1beedadbf852f84,"The electrode wouldn't spark, it turned out that the what hadn't been connected?",A,E,A,A,0.9999938,3e-08,0.99780506,0.00192622,False,False,False,True,0.00192619,0.9999938,6.14e-06,0.0,0.0,3e-08,0.99780506,0.00026069,9e-08,7.87e-06,0.00192622
81e016974d33fe383c848b6c819791cd,For what entity should the government work?,A,B,A,B,0.98817748,0.00070178,2.082e-05,0.97066755,True,True,False,True,0.96996577,0.98817748,0.00070178,0.00012195,2.119e-05,0.01097766,2.082e-05,0.97066755,2e-08,2e-08,0.02931162
7cf54544d54818d53e7088c0749a3eca,What must a student in engineering do?,C,E,E,E,4.79e-06,0.99999475,0.0,1.0,False,False,False,False,5.25e-06,3.1e-07,1.1e-07,4.79e-06,1e-08,0.99999475,2e-08,0.0,0.0,0.0,1.0
6acd88b9b5dd15e23bbcc3fd679100a8,"The teacher knew her students understood division, what was she hoping they would learn next?",A,D,A,D,0.99999964,1e-08,0.25692973,0.69840743,True,True,False,True,0.69840742,0.99999964,1.9e-07,0.0,1e-08,7e-08,0.25692973,1.498e-05,1.5e-07,0.69840743,0.0446477
c96a86957a9ab1d8ca0aeeb7f040d87a_1,"There were times where kids wanted to know a definition, so there was a nice big dictionary in the what?",B,E,D,D,0.0,0.0,0.0,4.54e-05,False,False,False,False,4.54e-05,0.0,0.0,0.0,1.0,0.0,1e-08,0.0,0.0,0.99995458,4.54e-05
6a1bf527af9ed0685ac5e2bf0bd76647,Riding a bike for a long time can cause what?,B,C,B,C,1.0,0.0,0.00407014,0.99592955,True,True,False,True,0.99592955,0.0,1.0,0.0,0.0,0.0,1.8e-07,0.00407014,0.99592955,5e-08,1.1e-07
094fe91b20b03c647325fa2ee94470b3,What could happen to a cat other than wanting food?,B,E,B,E,0.9999994,6.5e-07,0.0,0.99999976,True,True,False,True,0.99999911,4e-08,0.9999994,0.0,2e-08,6.5e-07,1e-08,0.0,0.0,0.0,0.99999976
bee2a6eadfaf7a4fa0a214e341ddbe5b,If you turn off the music in a room with no other noise that room would be what?,A,C,A,C,0.99999893,0.0,2.754e-05,0.99997246,True,True,False,True,0.99997246,0.99999893,0.0,0.0,0.0,0.0,2.754e-05,3e-08,0.99997246,0.0,0.0
2f97a77d155cb99092e8a7c055737b03_1,In what country are the most fast food restaurants?,D,C,D,D,0.99979548,0.0,1.0,0.0,False,False,False,True,-0.0,0.00020343,2e-08,0.0,0.99979548,1.07e-06,0.0,0.0,0.0,1.0,0.0
bc268cd19e2c95c78967fd6b9092fb90,"I want to use string to keep something from moving, how should I do it?",A,E,B,E,0.14312864,0.00123831,0.0085764,0.99129653,True,True,False,False,0.99005823,0.14312864,0.82364851,4.801e-05,0.03193632,0.00123831,0.0085764,4.74e-06,2e-08,0.00012234,0.99129653
060cad0d3c007ceb151db9907bfcb214,Where would walk through a central passage to catch an elevator?,D,E,C,E,7.89e-06,2.9e-06,5e-08,0.99994159,True,True,False,False,0.99993869,0.00020342,2.9e-06,0.99978297,7.89e-06,2.9e-06,5.829e-05,0.0,0.0,5e-08,0.99994159
29c2cc0ba85b4afb9c9d29801469a68f,"A potato is kept in the cellar, where is likely to be stored?",D,E,C,E,0.0,2e-08,0.0,1.0,True,True,False,False,0.99999998,0.0,0.0,1.0,0.0,2e-08,0.0,0.0,0.0,0.0,1.0
6cb895ce89995f6be422f7c4167c7638,What do people do when networking?,A,D,A,D,1.0,0.0,0.22215001,0.77537975,True,True,False,True,0.77537975,1.0,0.0,0.0,0.0,1e-08,0.22215001,2.25e-06,6e-08,0.77537975,0.00246786
839f3c37622c1ed5eebc9cd0b9d658e8,Where can you store you spare linens near your socks?,D,C,D,D,1.0,0.0,1.0,0.0,False,False,False,True,0.0,0.0,0.0,0.0,1.0,0.0,2e-08,0.0,0.0,1.0,1e-08
3957ac6bab96fc9d4f173ada4692d16b,What do people do when they think too quickly?,A,C,A,A,1.0,0.0,0.90464641,0.09534903,False,False,False,True,0.09534903,1.0,0.0,0.0,0.0,0.0,0.90464641,3.37e-06,0.09534903,6e-08,1.09e-06
a4f5e5412f0f8ac9190db1730db07a90,What is someone likely to want as a result of sex?,D,A,D,D,0.99999964,0.0,0.99999952,3.9e-07,False,False,False,True,3.9e-07,0.0,0.0,0.0,0.99999964,3.9e-07,3.9e-07,0.0,0.0,0.99999952,1.1e-07
cb5b39878be0e05a3ffe783801adbc3b,What might someone do after they finish creating art?,B,D,B,D,0.98831894,0.00070188,1e-08,0.99999213,True,True,False,True,0.99929025,1e-08,0.98831894,0.0,0.00070188,0.01097923,3e-08,1e-08,0.0,0.99999213,7.89e-06
985a4f1a3f31f1ba6654f4fc48f504df,To get clean clothes you to what to them?,D,E,D,D,1.0,0.0,1.0,0.0,False,False,False,True,0.0,0.0,0.0,0.0,1.0,0.0,0.0,0.0,0.0,1.0,0.0
5d687fe9c95436ce84230c996d34382d,"The person tried to reduce his weight with a shrink ray, but he got it backwards and only did what?",C,B,B,B,1.68e-06,0.95165073,2e-08,0.99471728,False,False,False,False,0.04306655,0.0473799,0.95165073,1.68e-06,4.32e-05,0.00067584,0.0052198,0.99471728,2e-08,4.76e-06,5.799e-05
af11faa29097b71141fe192ad019d1dd,"Christine couldn't be having a baby at her age, she thought to herself. What was Christine?",A,E,C,E,0.00192645,0.00012315,3.1e-07,0.99999964,True,True,False,False,0.99987649,0.00192645,1.37e-06,0.99792732,2.14e-05,0.00012315,3.1e-07,0.0,0.0,0.0,0.99999964
07fd8b0aed06406fedb137d11b07a890,Joe plays a percussion instrument in something.  What might be play in?,D,E,C,C,0.0,0.0,7e-08,5e-07,False,False,False,False,5e-07,0.0,0.0,1.0,0.0,0.0,1.76e-06,7e-08,0.99999762,7e-08,5e-07
7044d82a456d0fa6f0210abb03cbf2c4,"If I'm playing ball, I'm mostly trying to do what?",C,D,C,D,1.0,0.0,0.0,1.0,True,True,False,True,1.0,0.0,0.0,1.0,0.0,0.0,0.0,0.0,0.0,1.0,0.0
e53ba4c7d2a818bdb6001e6924bc8896,What do the terms need to be in order to compete against someone?,B,A,B,B,0.99999988,5e-08,0.99965977,0.00033535,False,False,False,True,0.0003353,5e-08,0.99999988,0.0,0.0,9e-08,0.00033535,0.99965977,7e-08,3e-08,4.78e-06
ecbc1ab06ad1ed6c53e5293d7a90ebd3,"If you wanted to show off silk, what item could it be on?",D,E,C,E,3.536e-05,1.37e-06,1e-08,0.99999988,True,True,False,False,0.99999851,1e-08,3.9e-07,0.99996281,3.536e-05,1.37e-06,1.1e-07,0.0,0.0,1e-08,0.99999988
9a356ff463c042d04ba45bfd627bac20,Where is known to be a wealth of information?,D,C,D,D,1.0,0.0,0.99999988,0.0,False,False,False,True,0.0,0.0,0.0,0.0,1.0,3e-08,0.0,0.0,0.0,0.99999988,9e-08
0a5c069836784c3d574828d85a20a074,"I saw the receptionist carelessly toss my resume into the drawer, where did I want it to end up?",D,B,A,A,0.0,0.0,2.24e-06,0.01098662,False,False,False,False,0.01098662,1.0,0.0,0.0,0.0,0.0,0.98898391,0.01098662,1e-08,2.24e-06,2.723e-05
f996430ce208606452868fd2e739d409,What will happen if you inject water into yourself?,B,E,E,E,0.29380718,0.62198977,0.0,1.0,False,False,False,False,0.37801023,0.08417717,0.29380718,2.98e-06,2.199e-05,0.62198977,2e-08,0.0,0.0,0.0,1.0
26c854d933d2115e7636fdcde57eb463,Athletes soak in hot tubs to relieve what after playing baseball?,E,B,C,E,0.0,0.0,0.99999988,0.0,True,False,True,False,0.0,0.0,0.0,1.0,0.0,0.0,0.0,0.0,1.1e-07,1e-08,0.99999988
83c25b9a5db5f9b3fd1ff6c7453d23d0,What does a gambler do that causes him or her to be unhappy?,C,D,C,C,1.0,0.0,0.99998987,1.013e-05,False,False,False,True,1.013e-05,0.0,0.0,1.0,0.0,0.0,2e-08,0.0,0.99998987,1.013e-05,0.0
a0d02fc32878efdf0b0d420972943492,"There's one obvious reason to eat vegetables, they're plain what you?",B,D,B,D,1.0,0.0,0.0,0.99999356,True,True,False,True,0.99999356,1e-08,1.0,0.0,0.0,1e-08,1.9e-07,0.0,0.0,0.99999356,6.14e-06
73fbd2caac2c3786ca810adfe7030273,"John was a bit think in the head, but he knew that he never saw the lady before.  They were what?",C,D,C,C,1.0,0.0,1.0,0.0,False,False,False,True,0.0,0.0,0.0,1.0,0.0,0.0,0.0,0.0,1.0,0.0,0.0
6c515b068b4d3aa88a5382224d9b866d,Where would you hear a violin along side many string and wind instruments?,C,D,C,C,0.99999988,0.0,0.99999905,2e-08,False,False,False,True,1e-08,0.0,9e-08,0.99999988,0.0,1e-08,0.0,1.1e-07,0.99999905,2e-08,8.3e-07
0af371b94fb414860b13eea6009ccc31,What is the sun ultimately responsible for?,D,C,D,D,0.99999976,0.0,0.99982861,2.9e-06,False,False,False,True,2.9e-06,3e-08,0.0,0.0,0.99999976,1.9e-07,1.013e-05,1e-08,2.9e-06,0.99982861,0.00015843
38e61d4be0da46b3cbbd76dc20bce677,Mandy lived in a train station.  She longed to see distant places. Where might she imagine going?,D,A,D,D,0.99998987,0.0,0.999089,2e-08,False,False,False,True,2e-08,0.0,0.0,0.0,0.99998987,1.013e-05,2e-08,0.0,0.0,0.999089,0.00091105
cebc07bd5080cc72862cb333b10d782d,"Joe is a  squirrel, which is an animal. He probably lives in what sort of place.",C,B,C,B,0.92414181,0.07585817,2.144e-05,0.99997854,True,True,False,False,0.92412037,4e-08,0.07585817,0.92414181,3e-08,0.0,4e-08,0.99997854,2.144e-05,0.0,0.0
de0386024f32cdf277a785a851b97544,Where could a personal ficus live?,C,A,C,C,0.99995446,2e-08,0.98898612,7.8e-06,False,False,False,True,7.78e-06,2e-08,5e-08,0.99995446,4.54e-05,4e-08,7.8e-06,2.87e-06,0.98898612,0.01098664,1.652e-05
9b62cd7f89716f393239e6c6ff3e11d5,"The shark actually counted as evidence, so where did the legal team bring it?",A,C,A,C,1.0,0.0,0.00055278,0.99944455,True,True,False,True,0.99944455,1.0,0.0,0.0,0.0,0.0,0.00055278,2.26e-06,0.99944455,2e-08,3.1e-07
8b25332de2894ab38784235838d38cec,"If the president wanted to ban snakes, where would he issue such a decree?",E,D,E,E,1.0,0.0,1.0,0.0,False,False,False,True,0.0,0.0,0.0,0.0,0.0,1.0,0.0,0.0,0.0,0.0,1.0
dd4a811d18549f1ae1954cf938b28536,"They were searching for rocks, so they missed the birds overhead as they stared at the what?",A,E,A,A,0.99956948,0.0,0.99999106,4.79e-06,False,False,False,True,4.78e-06,0.99956948,2e-08,0.0,1e-08,0.0,0.99999106,6.5e-07,0.0,2.9e-06,4.79e-06
e2ff952c17faf1c56a970502630d4c86,"Her son scraped his knee, she fetched a bottle of peroxide from the what?",E,B,E,E,1.0,0.0,1.0,0.0,False,False,False,True,0.0,0.0,0.0,0.0,0.0,1.0,0.0,0.0,0.0,0.0,1.0
3a6140e475cbbd3ee1da5ba9a6953597_1,Where would you expect to find a dictionary along side other writings you can borrow?,E,D,E,E,1.0,0.0,1.0,0.0,False,False,False,True,0.0,0.0,0.0,0.0,0.0,1.0,0.0,0.0,0.0,0.0,1.0
e75e0c11e2d5a7b634455a1b4b76856c,What would be necessary for getting in shape?,B,E,B,B,0.99997819,1.67e-05,0.87796299,0.0561263,False,False,False,True,0.0561096,2.9e-06,0.99997819,5e-08,2.26e-06,1.67e-05,0.0561263,0.87796299,3.104e-05,0.00975329,0.0561263
3b9ccdcb1c932c46a38e040d3e6c7f5b,A statue that shoots liquid is called a what?,A,E,A,A,0.99999857,2.4e-07,0.99681276,0.00317264,False,False,False,True,0.0031724,0.99999857,2e-08,0.0,2e-08,2.4e-07,0.99681276,1.21e-06,3e-08,1.297e-05,0.00317264
6a29b657b29e1506284d8328dffbbd21,If you have a child who gets in trouble for being hyperactive you may need to teach them how to what down?,B,A,B,B,0.99998975,7e-08,0.99882764,0.00091081,False,False,False,True,0.00091074,7e-08,0.99998975,1.013e-05,0.0,0.0,0.00091081,0.99882764,0.00026095,6.5e-07,3e-08
96cb628fb7ed2f53245598f707ed2b80,John loved to paint houses.  How did he usually do it?,B,A,B,B,1.0,0.0,0.99999988,7e-08,False,False,False,True,7e-08,0.0,1.0,0.0,0.0,0.0,7e-08,0.99999988,0.0,0.0,0.0
bd4e80fa6642a76c064d0bc924411fb0,When you wipe you feet on the door mat and walk through the door where do you enter?,C,D,D,D,0.0,1.0,0.0,1.0,False,False,False,False,0.0,0.0,0.0,0.0,1.0,0.0,0.0,0.0,0.0,1.0,0.0
05490e6c191fbc3c2fe0033ed0bd8aa0,What can you use to store a book while traveling?,D,B,D,D,0.9998764,0.00012339,0.99999595,2.9e-06,False,False,False,True,-0.00012049,4e-08,0.00012339,2e-08,0.9998764,1e-07,8.3e-07,2.9e-06,3e-08,0.99999595,2.4e-07
6abd34442438509b4a00c69d6fd24764,Where would you find gazelle under a G?,E,D,D,D,3.1e-07,0.9999994,0.0,1.0,False,False,False,False,6e-07,0.0,0.0,1e-08,0.9999994,3.1e-07,0.0,0.0,0.0,1.0,0.0
e58eb0ec4197c29e961a7bdd4d67de4e,"Competing can lead to great highs, and also great lows when suffering what?",D,B,D,D,1.0,0.0,1.0,0.0,False,False,False,True,0.0,0.0,0.0,0.0,1.0,0.0,0.0,0.0,0.0,1.0,0.0
597d2a1c9df7962218d8b807df1f8212,What blocks sunshine?,E,C,E,E,1.0,0.0,0.99883038,0.00116951,False,False,False,True,0.00116951,0.0,0.0,0.0,0.0,1.0,1e-08,0.0,0.00116951,5e-08,0.99883038
68f6ac445cc008d93f931b999b44b0ba,When you feel too much heat in your home you can turn on what?,E,C,E,E,0.99998331,0.0,1.0,0.0,False,False,False,True,-0.0,0.0,1.67e-05,0.0,2e-08,0.99998331,0.0,0.0,0.0,0.0,1.0
aa4c5d2d348796b8d7fa324f27f4c34f,Where would you store a pillow case that is not in use?,D,E,D,E,1.0,0.0,1.67e-05,0.99998331,True,True,False,True,0.99998331,0.0,0.0,0.0,1.0,0.0,0.0,0.0,0.0,1.67e-05,0.99998331
7400e9c4a2c8e600a0f7e2d162a07837,"If the kitten was going to grow up to be a mouser like it's mother, where should it spend most of it's time?",D,C,B,C,0.00116747,6.5e-07,7e-08,0.99997604,True,True,False,False,0.99997539,0.00149906,0.99708468,6.5e-07,0.00116747,0.00020288,2.144e-05,9e-08,0.99997604,7e-08,2.26e-06
fad197409a977126c9587eccd240ceea,Where is that man buying silk from?,C,E,C,C,1.0,1e-08,0.99849606,0.00150118,False,False,False,True,0.00150117,0.0,0.0,1.0,0.0,1e-08,2.26e-06,5e-08,0.99849606,5e-07,0.00150118
f09038444aeb1a048f04dedd5b97b769,Where is a teacher likely to keep her clavichord?,D,C,D,D,0.99981347,1.4e-07,0.78711721,0.06461051,False,False,False,True,0.06461036,3.9e-07,0.00015843,1.4e-07,0.99981347,2.753e-05,0.10652472,0.03051984,0.06461051,0.78711721,0.01122763
0aa23ad1ba9f28bc3e0185237a7ce1cc,Where are you if your bieifcase is going through an x-ray machine?,C,D,C,C,1.0,0.0,1.0,0.0,False,False,False,True,0.0,0.0,0.0,1.0,0.0,0.0,0.0,0.0,1.0,0.0,0.0
06be29539ad3e1fbd7b53b05243f4bd7,"They were kissing each other good bye, they had no worries because their relationship had a strong foundation of what?",B,E,B,B,1.0,0.0,1.0,4e-08,False,False,False,True,4e-08,0.0,1.0,0.0,0.0,0.0,0.0,1.0,0.0,0.0,4e-08
bbe0a1ad733e5699f991ff91b3712a6f,Why would you take a bus to work?,A,D,A,D,1.0,0.0,3e-08,1.0,True,True,False,True,1.0,1.0,1e-08,0.0,0.0,0.0,3e-08,0.0,0.0,1.0,4e-08
9e5ce2b7d9eb404cdf8c7317dd0b5a59,"If you are hungry and going fishing, why would you be going fishing?",C,D,C,D,0.99999881,3e-08,0.0,0.99998593,True,True,False,True,0.9999859,1.07e-06,1.4e-07,0.99999881,3e-08,3e-08,1.07e-06,0.0,0.0,0.99998593,1.301e-05
ffde211723f55e9744f94cbc14488a23,"Dogs are very loyal if they have a good owner, they will always what them?",D,C,D,D,1.0,0.0,1.0,0.0,False,False,False,True,0.0,0.0,0.0,0.0,1.0,0.0,0.0,0.0,0.0,1.0,0.0
5ff8b0deed53b9ff91d58bd5b6f85bdf,What does a farmer need to do to make  a maze on his farm in the fall?,D,B,B,B,1e-08,0.99997854,0.0,0.9999963,False,False,False,False,1.776e-05,2.144e-05,0.99997854,2e-08,1e-08,3e-08,3.73e-06,0.9999963,0.0,0.0,1e-08
36f1ceeecde7abf99dab635239e12442,"For many males hair is a concern as they get older, it begins to what, causing a receding hairline?",C,A,A,A,2.26e-06,0.99999738,0.0,1.0,False,False,False,False,2.62e-06,0.99999738,3.1e-07,2.26e-06,3e-08,0.0,1.0,0.0,0.0,0.0,0.0
e3c9e83c0c62d842de2dfe229f5e6d41,What happens someone who is bad play poker?,E,B,E,B,0.99982789,0.00015843,5e-07,0.99992467,True,True,False,True,0.99976623,1.013e-05,0.00015843,6e-08,1.76e-06,0.99982789,7.485e-05,0.99992467,1e-08,4e-08,5e-07
c0e4d0118c9cdfe2edc49ef954572b31,"John loved his snake.  It was the only ting he loved. He hated everyone else and was abrasive to most people, but he loved his snake.   How might you describe the snake?",C,D,C,D,1.0,0.0,0.00116868,0.99811837,True,True,False,True,0.99811837,0.0,0.0,1.0,0.0,0.0,0.00070884,3.9e-07,0.00116868,0.99811837,3.72e-06
4423c006f2a43f222d4c4e97360c25d3,"The fresh herbs, flowers, and vegetables will shrivel up if people don't do this?",A,B,A,A,1.0,0.0,0.93991333,0.06008665,False,False,False,True,0.06008665,1.0,0.0,0.0,0.0,0.0,0.93991333,0.06008665,0.0,1e-08,0.0
9382bc51ba092f55a494eff8615899de,"I picked from an apple tree outside of Fort Wayne, where am I?",C,B,C,C,0.99999177,0.0,0.99997342,4.78e-06,False,False,False,True,4.78e-06,0.0,0.0,0.99999177,0.0,3.1e-07,1.9e-07,4.78e-06,0.99997342,2e-08,2.144e-05
dec1c42628a7448aa364cdada6e82f98,"The janitor never had much to clean after services, but there was still always a paper or two to pick up where?",A,C,A,C,0.99999678,0.0,0.00522005,0.99476505,True,True,False,True,0.99476505,0.99999678,3.1e-07,0.0,0.0,4e-08,0.00522005,1.008e-05,0.99476505,1.3e-07,4.76e-06
07ea8ff6ee916f2bf9aceab1e19ff99a,If you're celebrating with too many cocktails what may you have in the morning?,D,B,D,D,1.0,0.0,0.99999332,3e-08,False,False,False,True,3e-08,0.0,0.0,0.0,1.0,1e-08,3.9e-07,3e-08,6.14e-06,0.99999332,1.4e-07
a328285c6212c899e335c45db3c49ffd,Danny found an old film in a sealed what?,D,E,D,E,0.99999952,1.9e-07,3.1e-07,0.99999881,True,True,False,True,0.99999862,1e-08,0.0,1.9e-07,0.99999952,1.9e-07,0.0,0.0,0.0,3.1e-07,0.99999881
e248968fec422e1fab0f0561fedff76e,Where are you likely to find much more than a drop of blood on the floor?,D,C,A,C,0.14803141,3.3e-07,0.00071778,0.61302512,True,True,False,False,0.61302479,0.851862,1.17e-06,3.3e-07,0.14803141,0.00010513,0.37181853,2.168e-05,0.61302512,0.00071778,0.01441697
2067720531fc03c017af941cec2f6f40,Where is the first place someone leaving the planet ends up?,C,D,C,D,0.58763965,0.00838223,0.0,0.99999893,True,True,False,False,0.9916167,0.00053586,0.02925685,0.58763965,0.00838223,0.35642146,2.4e-07,0.0,0.0,0.99999893,8.3e-07
70d3ebc00b165d9d08f9491a1dd85034,"The town house went right to the curb, a slot effectively made a mailbox of the what?",B,A,E,A,0.00026804,0.37743539,7.5e-07,0.90464973,True,True,False,False,0.52721434,0.37743539,0.00026804,4e-07,1.039e-05,0.62228576,0.90464973,7.5e-07,1e-08,1.2e-07,0.09534939
41bab71fea3fa04e5a4e10a2f86996df,"The architect thought that a mezzanine would look good, but the planning committee rejected it.  They told the architect that they felt it was a potential hazard given the ages of the people who would be using it.  What might they be designing?",E,B,E,E,0.98593638,0.01406363,0.90465042,0.09534946,False,False,False,False,0.08128583,0.0,0.01406363,1e-08,3e-08,0.98593638,5e-08,0.09534946,1e-08,2e-08,0.90465042
e18dd9ffc7b7934c39f2b5e9dee5a8c2,"The person wasn't bothered by the weather, she had remembered to bring her what?",E,C,E,E,1.0,0.0,1.0,0.0,False,False,False,True,0.0,0.0,0.0,0.0,0.0,1.0,0.0,0.0,0.0,0.0,1.0
449de58e919975867255218484a9fc89,"If you want to learn about the world and understand the real reasons behind cultural norms and mores, you have achieved a sense of what?",A,C,A,A,0.99998701,0.0,0.99999821,0.0,False,False,False,True,0.0,0.99998701,0.0,0.0,0.0,1.301e-05,0.99999821,1e-08,0.0,0.0,1.76e-06
9698232e3599157431c9dc8f2fe179cd,What is the hopeful result of going to see a play?,B,D,B,E,0.93991333,0.0,9e-08,0.00055278,True,False,True,False,0.00055278,0.0,0.93991333,0.0,0.0,0.06008665,4e-08,9e-08,0.0,0.00055278,0.99944706
0b5d0c3bafbe06dd5334c20cd8ea7fe2,A person would join a trade school for finding information related to what?,D,B,D,B,0.89194538,0.09401036,0.00019376,0.9522905,True,True,False,False,0.85828015,0.0046805,0.09401036,0.0046805,0.89194538,0.0046805,0.01057899,0.9522905,1.239e-05,0.00019376,0.03692431
7fe53bf68ec57a52a508611acf5b279e,"Joan was a baby, so there were many things she couldn't do, which caused problems for her parents.  Name one thing that makes raising a baby difficult.",E,C,B,C,3e-08,1e-08,3.73e-06,0.99998605,True,True,False,False,0.99998605,3e-08,0.99999988,1e-08,7e-08,3e-08,7.89e-06,2.26e-06,0.99998605,7e-08,3.73e-06
68c41ec8415eab50620eb9ecf6f35a6a,Where would you put some ham if you want to cook it?,B,A,C,C,0.0,0.0,0.0,3.1e-07,False,False,False,False,3.1e-07,0.0,0.0,1.0,0.0,0.0,3.1e-07,0.0,0.99999964,5e-08,1e-08
6c4b2c93a4bdafb6cbf2b2ef2439b06f,Running errands with screaming kids will likely cause what?,C,B,C,C,1.0,0.0,0.99905485,2.751e-05,False,False,False,True,2.751e-05,0.0,0.0,1.0,0.0,0.0,4.78e-06,2.751e-05,0.99905485,1.76e-06,0.00091102
51e2da7396ab7045533e885dbb98a424,"Sam wasn't lying, but he left out important details. He was being what?",B,D,D,D,0.0,1.0,0.0,1.0,False,False,False,False,0.0,0.0,0.0,0.0,1.0,0.0,0.0,0.0,0.0,1.0,0.0
3f6157968fcf50d257ec3d8c729b7443,what does someone have that causes them committing murder?,A,B,A,B,0.99879636,0.00116947,0.00015841,0.999683,True,True,False,True,0.99851353,0.99879636,0.00116947,5e-07,1.668e-05,1.668e-05,0.00015841,0.999683,1e-08,1.9e-07,0.00015841
4768aa28fa14569d830f8947565296c1,What kind of place has a leader?,D,A,D,D,0.99999988,1e-08,0.96264026,0.03732562,False,False,False,True,0.0373256,1e-08,0.0,0.0,0.99999988,1.1e-07,0.03732562,2e-08,3e-08,0.96264026,3.404e-05
5516b1c93f94aaa0bf9a4c7b124788d4,How is a person likely to communicatewith others?,A,D,A,D,1.0,0.0,0.01098685,0.98900466,True,True,False,True,0.98900466,1.0,3e-08,0.0,0.0,0.0,0.01098685,6.4e-07,2e-08,0.98900466,7.8e-06
96ea2c3174229c4a6a0e2ffaed2df378,Where may you be if you're buying pork chops at a corner shop?,E,B,B,B,0.00019213,0.94427759,2e-08,0.99999952,False,False,False,False,0.05572194,0.0081696,0.94427759,5.8e-06,0.04701281,0.00019213,1.4e-07,0.99999952,0.0,3e-08,2e-08
7905b9f4ba503b0ce13b576808e99c42,Where is a well used toy car likely to be found?,A,E,D,E,0.00522013,3e-08,0.01795217,0.76334547,True,True,False,False,0.76334544,0.00522013,5e-08,0.0,0.9947798,3e-08,0.01795217,2.3e-07,1e-08,0.21870214,0.76334547
e0a7d1df3ce14b27888e785e6636d5f0,Where can fisherman store their rods when on a fishing trip?,C,A,E,E,1.37e-06,0.0,0.0,1e-08,False,False,False,False,0.0,0.0,0.0,1.37e-06,0.0,0.99999857,1e-08,0.0,0.0,0.0,1.0
3eb397b96b6c3a245c81ab30205943f1,Danny is having fun just dancing and singing with his friends. He wasn't concerned with things that weren't fun. For him having fun is the same as what?,C,A,C,C,1.0,0.0,0.67917034,5e-08,False,False,False,True,5e-08,0.0,0.0,1.0,2e-08,0.0,5e-08,9.3e-07,0.67917034,0.32081737,1.134e-05
536c9af0fae0aa75b32874dfcac66353,Where would you find an office worker gossiping with their colleagues?,A,D,A,A,1.0,0.0,1.0,0.0,False,False,False,True,0.0,1.0,0.0,0.0,0.0,0.0,1.0,0.0,0.0,0.0,0.0
dc36293f603cf230f8059fc6f2e5660d,Where would you put nails if they are already packaged?,C,E,B,B,0.0,0.0,3e-08,3.536e-05,False,False,False,False,3.536e-05,0.0,1.0,0.0,0.0,0.0,7.89e-06,0.99995446,3e-08,2.26e-06,3.536e-05
1510f5183095466e4fe41b82501a9dd0,What is a person who is good at sports considered?,C,E,C,C,1.0,0.0,1.0,0.0,False,False,False,True,0.0,0.0,0.0,1.0,0.0,0.0,0.0,0.0,1.0,0.0,0.0
1fcc547e4e6813afc1a66717248d6c62,"The man acted ridiculous at the funeral, what attitude should he have taken?",C,E,C,E,0.99475479,3.71e-06,0.03504606,0.54821261,True,True,False,True,0.5482089,1.8e-07,0.00521999,0.99475479,2.133e-05,3.71e-06,0.01004086,0.07419251,0.03504606,0.33250775,0.54821261
68a911b64dc943b5f81c0f8dec7faed7,"The pencil sharpener was broken in the classroom, where did the teacher recommend the student go?",B,D,C,D,7e-08,0.0,6.03e-06,0.98084979,True,True,False,False,0.98084979,4e-08,7e-08,0.99999988,0.0,0.0,0.00514703,6.03e-06,0.01399107,0.98084979,6.03e-06
92f423de9a556a66c3eb73e9ddf9399a,Where does a child likely sit at a desk?,B,C,B,B,1.0,0.0,0.99987485,3e-08,False,False,False,True,3e-08,0.0,1.0,0.0,0.0,3e-08,1.37e-06,0.99987485,3e-08,3.1e-07,0.00012339
1cd94405124031e8681cd12bd25e2d61,"He was trying to procreate with many individuals, this led to a what?",D,A,D,A,0.99929037,2e-08,0.04679007,0.9398037,True,True,False,True,0.93980369,2e-08,0.0,0.0,0.99929037,0.00070967,0.9398037,1.4e-07,6e-08,0.04679007,0.01340558
64ab884bd870f6f68146636b4cce921c,What does playing soccer and winning lead to?,A,D,E,D,0.18240026,2.89e-05,7.89e-06,0.9999466,True,True,False,False,0.99991769,0.18240026,8.28e-06,0.00010088,2.89e-05,0.81746121,7.89e-06,3e-08,5e-08,0.9999466,4.54e-05
66275550d64d16339c944e6a6d63eb5b,What attraction is sometimes so large that you need a map to find your way around?,A,E,A,A,1.0,0.0,0.99999988,9e-08,False,False,False,True,9e-08,1.0,0.0,0.0,0.0,0.0,0.99999988,0.0,0.0,2e-08,9e-08
9b26329d74a6159ab9af4f899303de39,"If my husband never helps me doing housework, what might that lead to?",B,A,B,B,0.99999964,3e-08,0.99996913,2.26e-06,False,False,False,True,2.23e-06,3e-08,0.99999964,0.0,1e-08,3.9e-07,2.26e-06,0.99996913,1e-08,1.07e-06,2.754e-05
f74b7f268d3c190a13f99ede6d2359e1,"The advertisement came in the form of a pop-up, where did it appear?",A,B,A,A,1.0,5e-08,0.99998903,6.14e-06,False,False,False,True,6.09e-06,1.0,5e-08,0.0,0.0,0.0,0.99998903,6.14e-06,0.0,4.79e-06,0.0
22458fdcead20e2def0df0d92d5806f6,WHere do people live?,E,D,E,E,0.98901283,1.8e-07,0.99142248,0.00857748,False,False,False,True,0.0085773,0.01098694,0.0,0.0,1.8e-07,0.98901283,3e-08,0.0,0.0,0.00857748,0.99142248
f7b96f195a7adfe0c74924a165cfd055,People are what when you're a stranger?,B,E,C,E,0.0,0.0,0.0,0.99997127,True,True,False,False,0.99997127,0.0,0.0,0.99999976,0.0,0.0,7e-08,0.0,1.07e-06,0.0,0.99997127
9b631734e72a0e559da153492c1e7894,"The juror was quite bored and zoning out but wanted to convey he was hearing testimony, so he just sat there doing what?",B,A,B,E,0.9999969,2.4e-07,0.18241846,3.712e-05,True,False,True,True,3.688e-05,2.4e-07,0.9999969,0.0,0.0,2.9e-06,3.712e-05,0.18241846,1e-07,1.44e-06,0.81754279
caccaa51ee960a92d44e5b949fc35a66,"They wanted to try blowfish, so they went to get some where?",E,A,D,A,0.0,5e-07,8.3e-07,0.77729903,True,True,False,False,0.77729853,5e-07,0.0,0.0,0.99999952,0.0,0.77729903,1.4e-07,4e-08,0.22269991,8.3e-07
def936fda9f6ccee01f57c0f804fabd0,When a main artery is used to expedite travel what would it be referred to as?,D,B,D,D,1.0,0.0,1.0,0.0,False,False,False,True,0.0,0.0,0.0,0.0,1.0,0.0,0.0,0.0,0.0,1.0,0.0
761b0f6c68b1540949b70f76a9e67c78,If someone rules the universe of what are they in charge?,C,B,C,C,1.0,0.0,0.99999976,3e-08,False,False,False,True,3e-08,0.0,0.0,1.0,0.0,0.0,1.1e-07,3e-08,0.99999976,0.0,1.1e-07
8c11546468a2595b29a1297e73334fc4,"The butt was bare, and Sam couldn't stop staring at it.  It was very what?",B,D,B,D,0.98753254,6.07e-06,2e-08,0.9999969,True,True,False,True,0.99999083,0.00148469,0.98753254,6.07e-06,6.07e-06,0.01097049,2.9e-06,2e-08,0.0,0.9999969,1.9e-07
a5dcac512870e79f5aa2b22dbd662404,Where can many stores with clothing be found?,B,A,B,B,0.99998093,6.5e-07,0.97307454,5.98e-06,False,False,False,True,5.33e-06,6.5e-07,0.99998093,3.9e-07,4.79e-06,1.301e-05,5.98e-06,0.97307454,5.673e-05,0.00397673,0.02288452
870b07a1c5af2e956673a9680da99852,"After working on the car, what did it end up doing?",E,B,E,E,1.0,0.0,1.0,0.0,False,False,False,True,0.0,0.0,0.0,0.0,0.0,1.0,0.0,0.0,0.0,0.0,1.0
f48528156632b9c5b18af9ce2095509b,"When an elderly person needs help performing daily tasks, who might they call?",C,A,C,C,1.0,0.0,1.0,0.0,False,False,False,True,0.0,0.0,0.0,1.0,0.0,0.0,0.0,0.0,1.0,0.0,0.0
5496c7293f653120e5a5213db2d7b103,Where is beer drank by people watching sticks and pucks?,C,E,C,E,1.0,0.0,0.0,1.0,True,True,False,True,1.0,0.0,0.0,1.0,0.0,0.0,0.0,0.0,0.0,0.0,1.0
9d97e2bb458d93a8bafe4380b08727e3,Where is there a telephone book in almost every room?,A,C,B,C,1.013e-05,2e-08,0.00012165,0.98577707,True,True,False,False,0.98577705,1.013e-05,0.99997282,2e-08,3.9e-07,1.301e-05,0.00012165,0.01095099,0.98577707,1.282e-05,0.00313751
26d7d59ef7b9f2e0c2d47419fa5bca91,Where might you see a green field while driving?,D,E,A,A,8e-08,1.7e-07,8.3e-07,0.00091055,False,False,False,False,0.00091037,0.93991301,1e-08,0.0,8e-08,1.7e-07,0.99853623,9e-08,1e-08,8.3e-07,0.00091055
c6f10fd07348bf2cf5488b0d9f38d806,"Some people got escorted out of the library, they were probably what?",B,E,B,B,1.0,0.0,0.99999642,2.9e-06,False,False,False,True,2.9e-06,0.0,1.0,0.0,0.0,0.0,6.5e-07,0.99999642,0.0,9e-08,2.9e-06
8ebf9d24719649a0b041aea02a6e46af,"If there is a pond with trees around it, where it it likely located?",C,E,C,E,1.0,0.0,3.1e-07,0.99999738,True,True,False,True,0.99999738,0.0,0.0,1.0,0.0,0.0,4e-08,0.0,3.1e-07,2.26e-06,0.99999738
c961578f4c5768b67b843e5d2ce18452,Blowfish require what specific thing to live?,A,D,D,D,1.07e-06,0.99999714,0.0,1.0,False,False,False,False,2.86e-06,1.07e-06,3e-08,0.0,0.99999714,1.76e-06,0.0,0.0,0.0,1.0,1e-08
cce1b59f7c4f540a84a1a7d6d88548c4,What is the least likely immediate side effect of eating hamburger?,B,E,B,E,0.49869137,0.49869137,0.0,0.99999988,True,True,False,False,0.50130851,0.00261689,0.49869137,1e-08,4.1e-07,0.49869137,9e-08,0.0,0.0,0.0,0.99999988
60848ce50295fc745756fbe960e78b88,What would I be doing while going to work and walking?,A,D,D,D,7.89e-06,0.99999213,1e-08,1.0,False,False,False,False,7.87e-06,7.89e-06,3e-08,1e-08,0.99999213,2e-08,1e-08,0.0,0.0,1.0,0.0
3fdc0c422c524c994b9911a17f1f1834,"A showroom feature washers and refrigerators, where is this showroom located?",A,B,A,A,1.0,0.0,1.0,0.0,False,False,False,True,0.0,1.0,0.0,0.0,0.0,0.0,1.0,0.0,0.0,0.0,0.0
cc8eac9956f645533b8d7b99702e3507,"The man often made smart remarks, like that any restaurant is a mexican restaurant where?",E,A,E,A,0.97802951,0.01791324,0.0,1.0,True,True,False,False,0.98208676,0.01791324,3.458e-05,2.097e-05,4.68e-06,0.97802951,1.0,0.0,0.0,0.0,0.0
c0e7fa3e39a2d9af2c323416015729dc,"I am looking for honey right from the source, where should I look?",B,C,B,B,0.99990381,2e-08,0.99997735,1.07e-06,False,False,False,True,1.05e-06,1e-08,0.99990381,2e-08,0.0,9.61e-05,7e-08,0.99997735,1.07e-06,3e-08,2.144e-05
335b51bd3a8ada014bbe6754dcbd425f,Where are there likely to be a variety of flats to choose from?,C,B,A,B,0.0,3e-08,0.0,0.99973876,True,True,False,False,0.99973873,0.99973864,3e-08,0.0,1.1e-07,1e-08,0.00026119,0.99973876,0.0,0.0,4e-08
c7327a1a7d12b6cc0740fc9446270e02,A weasel has a thin body and short legs to easier burrow after prey in a what?,E,C,E,E,1.0,0.0,1.0,0.0,False,False,False,True,0.0,0.0,0.0,0.0,0.0,1.0,0.0,0.0,0.0,0.0,1.0
2729d8502208c25d8e9293cd4e8ecbb5,What can disease destroy?,C,A,C,C,1.0,0.0,0.99999964,9e-08,False,False,False,True,8e-08,0.0,0.0,1.0,0.0,0.0,9e-08,7e-08,0.99999964,1e-08,2.4e-07
7ea57ee4580042b0a6a40479c8ace3e4,What does a person from Avalon live in?,C,B,B,B,0.20197434,0.70495969,3e-08,0.99998951,False,False,False,False,0.29502982,0.03509788,0.70495969,0.20197434,8.7e-05,0.05786662,3.1e-07,0.99998951,3e-08,0.0,1.013e-05
65432eb6e617514d863a465f38865fde,Where is one likely to find a fan for their stove?,A,C,A,A,1.0,0.0,0.99999952,2e-08,False,False,False,True,2e-08,1.0,0.0,0.0,0.0,0.0,0.99999952,9e-08,2e-08,4e-08,3.9e-07
316a8dee8a4dde7d95cf503a715104be,Jodie felt a tightness in her chest. She was worried but didn't want to go to the hospital. Where might she go instead?,C,B,C,C,0.9988305,0.00116951,0.85174247,0.14801065,False,False,False,True,0.14684113,0.0,0.00116951,0.9988305,1e-08,0.0,2.345e-05,0.14801065,0.85174247,0.00022253,9.1e-07
520972425aed0e532fa28a91c9b55b30,If you're buying beer for a float trip what are you preparing to do?,B,A,B,A,0.99999988,0.0,3.9e-07,0.99999964,True,True,False,True,0.99999964,0.0,0.99999988,0.0,3e-08,1.1e-07,0.99999964,3.9e-07,0.0,1e-08,3e-08
4d67cdb4ba1b0058e383c212303a9f4e,Piece of land in Canada where you can find marmot?,C,B,C,C,1.0,0.0,0.99999332,3e-08,False,False,False,True,2e-08,0.0,0.0,1.0,0.0,1e-08,3.9e-07,3e-08,0.99999332,4e-08,6.14e-06
95d1d968ee66b6054cbb16b58a7c6455,"The surgeon's clients had begun to reduce, it seemed girls no longer want to what?",C,A,C,C,1.0,0.0,0.99999619,3.73e-06,False,False,False,True,3.72e-06,0.0,0.0,1.0,0.0,0.0,3.73e-06,4e-08,0.99999619,0.0,3e-08
c43b60be106662de1863097ee3ddb4d2,"While waiting for this appointment, people often read magazines.",A,E,A,E,0.83045584,0.05308927,0.00033525,0.99936204,True,True,False,False,0.94627278,0.83045584,1.08e-05,0.00058977,0.11238998,0.05308927,0.00033525,4.4e-07,1.37e-06,9.605e-05,0.99936204
456f2fb41cac8c028dcfe2f48637e473,Where would you find a fox that is made up?,A,E,A,E,0.99999976,7e-08,0.07585741,0.92413244,True,True,False,True,0.92413237,0.99999976,7e-08,0.0,0.0,7e-08,0.07585741,5.68e-06,5e-08,4.42e-06,0.92413244
a5d853d1c2fb3ef160218fb91110fbe5,"In basic training they build you up only to do what, all in hopes of building you up even stronger the next time?",B,E,A,E,0.00054115,0.0031141,0.0,1.0,True,True,False,False,0.9968859,0.9784225,0.00054115,1.34e-06,0.01792043,0.0031141,0.0,0.0,0.0,0.0,1.0
3df1b88da6a90c9526be2c8a6cc736dc,Billy saw a dog running from him and did his best to get away from it.  The leaped up to where the dog couldn't reach and was stuck.  Where might he have been trapped?,B,D,B,D,0.99663547,0.00149838,2e-08,0.99999928,True,True,False,True,0.9985009,0.00042929,0.99663547,0.00116694,0.00149838,0.00026038,6.5e-07,2e-08,0.0,0.99999928,4e-08
f912bcd7479b76db9b1c57a612b90f00,"John and Judy were parents.  They had two wonderful kids who weren't always well behaved.  They were light tough, though.  They felt it was a parent's job to do what?",B,A,B,A,0.99999213,7.89e-06,0.01798526,0.9819618,True,True,False,True,0.98195391,7.89e-06,0.99999213,1e-08,1e-08,4e-08,0.9819618,0.01798526,6.4e-07,7.75e-06,4.458e-05
94f34cc1e6aa9eefe06563cce8225658,What are you playing if you're fiddling on a violin?,A,C,B,C,0.09413136,1.915e-05,2e-08,0.99999988,True,True,False,False,0.99998073,0.09413136,0.89309346,1.915e-05,7.05e-06,0.0127393,2e-08,2e-08,0.99999988,9e-08,5e-08
bb503ece4eac41dfe608a1dcb654e6bf,"If somebody buys something and gives it to me as a free gift, what is the cost status of the gift?",C,D,C,D,1.0,0.0,1.301e-05,0.99998593,True,True,False,True,0.99998593,0.0,0.0,1.0,0.0,0.0,1e-08,0.0,1.301e-05,0.99998593,1.07e-06
5502dc807d4921679ae1abd0dc9570d6,Why does someone flirt with many people at once?,D,C,D,D,1.0,0.0,1.0,3e-08,False,False,False,True,2e-08,0.0,0.0,0.0,1.0,0.0,0.0,0.0,3e-08,1.0,0.0
a7e3de0719fe30e7048f67426e29fdd1,James tore the antenna off of his boat due to bad reception as he was crossing the channel from France.  Where was he going?,D,E,D,E,0.9999994,6.5e-07,0.00857748,0.99142248,True,True,False,True,0.99142183,0.0,0.0,0.0,0.9999994,6.5e-07,0.0,0.0,0.0,0.00857748,0.99142248
d6107d454181b701ddcaa449a1e422a3,Why would a band be performing when there are no people nearby?,A,B,B,B,2.572e-05,0.93394333,0.00090017,0.9871595,False,False,False,False,0.05321617,2.572e-05,0.93394333,0.00629286,3.302e-05,0.059705,0.00090017,0.9871595,0.00090017,7.389e-05,0.01096635
ab2eb930b29bb6d5e94a6cd3b04ba01e,The dogs were protecting their own when they decided to what the bad man?,E,B,E,E,0.99999881,5e-08,0.99999201,7.89e-06,False,False,False,True,7.84e-06,1.07e-06,5e-08,0.0,3e-08,0.99999881,5e-08,7.89e-06,0.0,0.0,0.99999201
92869fc0be5dc45f407700692ffd80a0,What is used to grind wheat for bread?,E,C,E,E,0.9998416,0.0,0.99999988,0.0,False,False,False,True,0.0,0.0,0.0,0.0,0.0,0.9998416,0.0,0.0,0.0,0.0,0.99999988
6a0177586d506cb7b741f4207b428e42,If you have a large satchel with you when you fly you'll be asked to store it where?,B,C,B,C,0.99883026,7e-08,2.9e-06,0.99998057,True,True,False,True,0.9999805,0.00116951,0.99883026,7e-08,1.1e-07,3e-08,6.14e-06,2.9e-06,0.99998057,2.4e-07,1.013e-05
584188da9a429f1bc319abda5e5c7a76,Where would someone keep their nylon leggings?,E,D,D,D,0.0,1.0,1e-08,1.0,False,False,False,False,0.0,0.0,0.0,0.0,1.0,0.0,0.0,0.0,0.0,1.0,1e-08
e480d4a672af0194e0a6ccdb8c37499b,If you spend a long time running after a ball how are you likely to feel?,E,A,B,D,0.00346966,5e-08,0.31678723,0.00028887,True,False,True,False,0.00028882,5e-08,0.8489968,2e-08,0.14753352,0.00346966,0.00028887,0.01228317,1.52e-06,0.67063855,0.31678723
275c859994f7d3acd3c8863be591ab2c,When you need to rest it's often because you have been doing what?,E,B,C,B,0.0178809,0.00310723,6.14e-06,0.99999201,True,True,False,False,0.99688478,0.0003275,0.00310723,0.97626434,0.00241992,0.0178809,1.76e-06,0.99999201,0.0,1e-08,6.14e-06
32758ab86d888be680845b0dfe7de35e,Boredom and hunger led to a wandering waste of time and a cart full of unhealthy snacks during her trip to where?,E,B,E,B,0.99999499,1e-08,0.02296141,0.97634422,True,True,False,True,0.97634422,4.79e-06,1e-08,0.0,1e-08,0.99999499,0.00069337,0.97634422,4e-08,1.04e-06,0.02296141
69335eb9bc5b7b5df840c38a086bf8b2,"He was beginning to worry they wouldn't get on the ride before closing, they had been standing in queue for a long what?",D,C,D,D,1.0,0.0,1.0,0.0,False,False,False,True,0.0,0.0,0.0,0.0,1.0,0.0,3e-08,0.0,0.0,1.0,0.0
4396cb65629672723c7b184424e139bb,This is an unavoidable physiological consequence of running.  What is it?,B,C,E,C,0.17681977,5e-08,2.4e-07,0.99999726,True,True,False,False,0.99999721,0.03072667,0.17681977,5e-08,2.3e-06,0.79245121,2.26e-06,2.4e-07,0.99999726,0.0,2.4e-07
2a58e81a9c4ce095d099e0d785fc2da4,"Sometimes a person has a fear of water or a dislike of being wet, it is still important to make sure they are having a bath why?",E,A,B,E,0.00247211,3.72e-06,0.93953161,0.00024546,True,False,True,False,0.00024174,3.72e-06,0.99732022,0.00020292,1.06e-06,0.00247211,0.00024546,0.06006224,9.03e-05,7.033e-05,0.93953161
07f108d5321a66f460685f5c7499ecb2,Where would there be an auditorium with only a single person speaking?,C,A,D,D,3e-07,2.1e-07,0.00028518,0.00127808,False,False,False,False,0.00127787,2.1e-07,0.00857746,3e-07,0.99141978,2.24e-06,0.00127808,0.14772625,0.00028518,0.85010583,0.00060372
69bef3eb55463d040bdf98e2c97bfe1f,"To get out of there the person had to keep on walking, they had to keep on what?",A,C,A,A,0.99999821,0.0,0.99977987,2.26e-06,False,False,False,True,2.26e-06,0.99999821,1.76e-06,0.0,0.0,0.0,0.99977987,5.828e-05,2.26e-06,1.07e-06,0.00015843
912676495cceefadccbbf8c604486f97,What very large group of western citizens has bees everywhere?,A,D,A,D,0.99998534,4e-08,5e-08,1.0,True,True,False,True,0.99999996,0.99998534,3.73e-06,1e-08,4e-08,1.013e-05,5e-08,0.0,0.0,1.0,2e-08
bdf92566f14599f1606109677206001f,Miss Grady took a stick from Bob because he was playing with it during class.  She wanted to make sure that he couldn't get to it so she put it where?,A,D,A,D,0.9999963,3.73e-06,0.0019259,0.99764284,True,True,False,True,0.99763911,0.9999963,3e-08,1e-08,3.73e-06,1e-08,0.0019259,1.07e-06,3.9e-07,0.99764284,0.00042973
0df042743128b57e874bd5d79b7aae7a,How does a person begin reproducing?,B,E,B,B,1.0,0.0,1.0,3e-08,False,False,False,True,3e-08,0.0,1.0,0.0,0.0,0.0,1e-08,1.0,0.0,0.0,3e-08
866ef7266d34c11e5a1b3df49fab96a4,Joe and Jill didn't want their children to be sedentary.  They might limit the time they children spend doing what?,D,A,D,D,1.0,0.0,0.99929037,0.00070967,False,False,False,True,0.00070967,0.0,0.0,0.0,1.0,0.0,0.00070967,0.0,0.0,0.99929037,1e-08
67ffcb4c3f2c6a1155e356f8a15ed250,"They were making sauerkraut, the instructor explained the liquid should be above the cabbage in the what?",A,E,D,D,2.144e-05,3e-08,0.01406139,0.00015621,False,False,False,False,0.00015618,2.144e-05,0.0,1e-08,0.99997854,3e-08,0.01406139,1.35e-06,1.05e-06,0.98577997,0.00015621
87a133afae5d9d29d634f3384f28ef24,From where would you normally take a cup when you're about to get a drink?,E,C,E,E,0.99999976,0.0,1.0,0.0,False,False,False,True,-0.0,0.0,2.4e-07,0.0,0.0,0.99999976,0.0,0.0,0.0,0.0,1.0
4779be55f47a301debfc472e4fc2c7b6,What are you using if there are speakers strapped on your ears?,B,E,B,E,0.99962582,0.00033534,0.0,1.0,True,True,False,True,0.99966466,2.144e-05,0.99962582,5e-07,1.67e-05,0.00033534,0.0,0.0,0.0,0.0,1.0
7a28d31e66d870370642de3be47b9ef9,Because of his anger he couldn't clearly explain or what?,D,C,D,D,1.0,0.0,0.99969206,4.539e-05,False,False,False,True,4.539e-05,3e-08,0.0,0.0,1.0,0.0,0.00026118,5e-07,4.539e-05,0.99969206,8.3e-07
042898e0c71adac5d123aaa6221c9754,Where is likely to not just have a kosher restaurant?,D,E,C,E,0.26828481,2.72e-06,2.4e-07,0.99999964,True,True,False,False,0.99999692,0.00011556,0.00232112,0.72927373,0.26828481,2.72e-06,9e-08,0.0,0.0,2.4e-07,0.99999964
93bbaccb1c46d22124a846b8514de5bc,The bald eagle flew from Mount St Helen's to the Puget Sound and all over what?,A,E,A,A,0.99999785,3.1e-07,0.99999511,4.79e-06,False,False,False,True,4.48e-06,0.99999785,1.1e-07,3e-08,2e-08,3.1e-07,0.99999511,1.4e-07,1e-08,2e-08,4.79e-06
ef889edd1b57d8d0c81e43f73c98c8e9,Where could you get some knives if you are planning to bring them outside with you?,C,A,A,A,0.0,1.0,0.0,1.0,False,False,False,False,0.0,1.0,0.0,0.0,0.0,0.0,1.0,0.0,0.0,0.0,0.0
f4bb8ecacb9ce89e040f5f76bc79afb3,How can people fulfill their own calorie requirements?,B,A,B,B,1.0,0.0,0.99999332,2.9e-06,False,False,False,True,2.9e-06,0.0,1.0,0.0,0.0,1e-08,2.9e-06,0.99999332,2e-08,1.4e-07,3.73e-06
ec2e18fd8c18a4ebe5a091e0c8b94462,What does a stove do to the place that it's in?,B,E,B,B,1.0,0.0,0.99997902,2.9e-06,False,False,False,True,2.9e-06,0.0,1.0,0.0,0.0,0.0,1.67e-05,0.99997902,2e-08,1.37e-06,2.9e-06
07b51b231a9d6a143d8a73e69121e1b1,What is the best way to begin going into trance?,B,D,B,D,0.99330456,6.4e-07,0.0,0.99999964,True,True,False,True,0.999999,0.00669283,0.99330456,6.4e-07,6.4e-07,1.36e-06,3.9e-07,0.0,0.0,0.99999964,5e-08
e1744fc698cffb574e5cf4b29a81ce76,A computer user working on an important work assignment is located in what structure?,A,D,A,D,0.99999559,2.26e-06,3.536e-05,0.99995673,True,True,False,True,0.99995447,0.99999559,1.07e-06,6.5e-07,2.26e-06,3.1e-07,3.536e-05,2e-08,2e-08,0.99995673,7.89e-06
27604394ccee83e089f9ffae1883cf07,The music was festive but why are the horses dancing in circles,A,B,A,A,0.99984136,1e-08,0.9993599,0.00012333,False,False,False,True,0.00012332,0.99984136,1e-08,0.00015844,5e-08,2.4e-07,0.9993599,0.00012333,0.00012333,0.00033525,5.826e-05
1272e693cf9152e7ac71095c643676b5,In the building where James worked there was a small mezzanine in the auditorium to make more space for seats.  Where might James work?,A,B,A,A,0.8799365,0.00048668,0.99950243,0.0003353,False,False,False,False,-0.00015138,0.8799365,0.00048668,0.11908645,2.55e-06,0.00048668,0.99950243,0.0003353,2.9e-06,1.07e-06,0.00015838
7bff23f6c12e9136f0961514bebb8cd3,If you aren't well rested and it's a rainy day what might you do?,D,B,D,D,1.0,0.0,0.99996066,3.73e-06,False,False,False,True,3.73e-06,4e-08,0.0,0.0,1.0,3e-08,3.536e-05,3.73e-06,1e-08,0.99996066,2.4e-07
20ae70b9b157b298569cd761787833e7,Where would you have a stove if you don't live in a detached dwelling?,E,A,C,E,0.00012332,1.012e-05,0.99956912,0.00043056,True,False,True,False,0.00042043,1.012e-05,0.0005527,0.99930597,7.88e-06,0.00012332,0.00043056,1.4e-07,9e-08,3e-08,0.99956912
bdd29d7c12e3d795b78ffc048631e7e7,What kind of place has a revolving door and has things to buy in it?,D,C,D,D,1.0,0.0,1.0,0.0,False,False,False,True,0.0,0.0,0.0,0.0,1.0,0.0,0.0,0.0,0.0,1.0,0.0
cc1a547bdfdcc95e4d632453af14bc96,Where can books be read?,C,A,C,A,0.98104526,0.00042258,9e-08,0.99999988,True,True,False,True,0.9995773,0.00042258,2.104e-05,0.98104526,0.0005426,0.01796847,0.99999988,0.0,9e-08,0.0,0.0
896b25dc41f84357add1c798d4a96cd8,Where is seaweed usually found alive?,C,B,,A,5e-08,1.9e-07,6e-08,6.14e-06,True,False,True,False,5.96e-06,0.7772934,1.9e-07,5e-08,7.87e-06,1.4e-07,0.99995184,6.14e-06,6e-08,6.14e-06,3.1e-07
1ca3cd9475d7e9da2ddb74911ee2bb68,"If a lizard is fed by people every day, what has happened to it?",E,D,E,E,1.0,0.0,0.98593626,0.01406363,False,False,False,True,0.01406363,0.0,0.0,0.0,0.0,1.0,5e-08,0.0,1e-08,0.01406363,0.98593626
129ec46cc2541b73198d774ee632c8d7,What will happen to someone if his or her spirits cannot elevate?,C,E,C,E,0.99999988,3e-08,0.0109861,0.98893681,True,True,False,True,0.98893678,0.0,0.0,0.99999988,1.1e-07,3e-08,2.87e-06,1.8e-07,0.0109861,7.402e-05,0.98893681
0e5c7c0cec5b693e52f74f5f879d84fb,"If you wanted a license to catch crabs, what government office would you go to?",B,D,B,D,0.99999988,0.0,3e-08,0.99999583,True,True,False,True,0.99999583,0.0,0.99999988,0.0,0.0,7e-08,3.9e-07,3e-08,0.0,0.99999583,3.73e-06
af035b75b6f7a1927b1648963f281c5e,What furniture will you normally find near a side chair?,B,C,B,B,1.0,0.0,0.99805804,5e-07,False,False,False,True,5e-07,3e-08,1.0,0.0,0.0,0.0,0.0019267,0.99805804,5e-07,1.76e-06,1.298e-05
32d5b7fcae24f0d4871cfb219c5a4b47,Metal is used to make what?,C,E,C,E,0.99999809,1.76e-06,0.0,1.0,True,True,False,True,0.99999824,1.4e-07,1e-08,0.99999809,0.0,1.76e-06,0.0,0.0,0.0,0.0,1.0
87505da761eaa5c3c4703d02a12d46bc,What is the word added to Manchester that signifies what county it is in?,D,E,C,E,3e-08,0.0,0.00089468,0.98113373,True,True,False,False,0.98113372,0.0,0.0,1.0,3e-08,0.0,9.2e-07,2.6e-07,0.01797009,0.00089468,0.98113373
ef3d5d35128678937c36438466e0fc93,"The program kept getting errors, the amateur end user began to what?",E,A,E,A,0.99999821,1.76e-06,7.485e-05,0.99992514,True,True,False,True,0.99992338,1.76e-06,0.0,0.0,0.0,0.99999821,0.99992514,0.0,0.0,0.0,7.485e-05
4f1d8007b446b0e10f07fd63cbd31b6f,"John knew that the sun produced a massive amount of energy in two forms.  If you were on the surface of the sun, what would kill you first?",B,E,B,E,1.0,0.0,1e-08,1.0,True,True,False,True,1.0,0.0,1.0,0.0,0.0,0.0,0.0,1e-08,0.0,0.0,1.0
4c30d5eed4137cba89747510973f37a3,Lawyers often talk in front of an audience where?,B,D,B,B,0.99999988,0.0,0.98901131,8.2e-07,False,False,False,True,8.2e-07,0.0,0.99999988,0.0,0.0,9e-08,8.2e-07,0.98901131,6e-08,8.2e-07,0.01098692
515834727e23e30ab7c8fe5ba7e9a765,James bought a new set of tire chains and put them somewhere he could find them.  Where would he put them?,B,E,B,B,1.0,0.0,0.9999938,6.14e-06,False,False,False,True,6.14e-06,0.0,1.0,0.0,0.0,0.0,2e-08,0.9999938,1e-08,0.0,6.14e-06
34ec6393db5a01f689c11fac153e31c1,"If I wanted to eat something that is made from plants and needs to be washed, what would it be?",A,D,D,D,0.11920283,0.8807964,5e-07,0.99999952,False,False,False,False,0.11920312,0.11920283,5.7e-07,2.1e-07,0.8807964,5e-08,5e-07,0.0,0.0,0.99999952,4e-08
0f0e339412f719a019bf373e6daf2530,"Ficus can be planted in a yard to make summer more bearable, what sort of areas do they create?",A,D,A,A,1.0,0.0,0.9999994,1.9e-07,False,False,False,True,1.9e-07,1.0,0.0,0.0,0.0,0.0,0.9999994,3.1e-07,0.0,1.9e-07,2e-08
489a082aab43dd1a53f3f1f89c2365ed,Children's behavior is a direct reflection of their what?,A,B,A,A,1.0,0.0,0.9998416,0.00015844,False,False,False,True,0.00015844,1.0,0.0,0.0,0.0,0.0,0.9998416,0.00015844,0.0,0.0,2e-08
7c45033e9fd9f1a759923971b14390ed,Most people who are family like to greet each other with a what?,E,B,E,E,1.0,0.0,1.0,0.0,False,False,False,True,0.0,0.0,0.0,0.0,0.0,1.0,0.0,0.0,0.0,0.0,1.0
061f326d2a87a10da6316b55bd5522bd,John bought a new water hose.  But he found his old one near his car.  Where did he find the old one?,D,C,D,D,1.0,0.0,1.0,0.0,False,False,False,True,0.0,0.0,0.0,0.0,1.0,1e-08,0.0,0.0,0.0,1.0,1e-08
d747c4e463b80bfcc49b874063f9fae1,Where is a control room needed to prevent wide spread disaster?,D,E,D,D,1.0,0.0,1.0,2e-08,False,False,False,True,1e-08,0.0,0.0,0.0,1.0,0.0,0.0,0.0,0.0,1.0,2e-08
df3d27338bcf86b341b8b02d4309daf5,Where do you keep your pizza slice before you eat it?,B,E,B,E,0.9998416,3e-08,0.00497282,0.94765244,True,True,False,True,0.94765241,0.00015844,0.9998416,0.0,2e-08,3e-08,0.04718084,0.00497282,7e-07,0.00019282,0.94765244
db63bf66a8bfd16e5103cbdd350f5202,"Everybody was changing into costumes in the dressing room, it was almost time to take the what stage?",A,D,A,,0.98200318,9.3e-07,0.54074499,0.25542984,True,False,False,True,0.25542892,0.98200318,4.7e-06,9e-08,9.3e-07,4.7e-06,0.54074499,8.569e-05,1.023e-05,0.25542984,0.00467836
f8a9208665a4f2d64986940456b4b964,"The homeowner frowned at the price of gas, what did he have to do later?",D,E,B,E,0.0,2.26e-06,1.37e-06,0.99805519,True,True,False,False,0.99805293,0.0,0.99999774,0.0,0.0,2.26e-06,1.667e-05,0.0019267,2e-08,1.37e-06,0.99805519
1bf4c6b5bd870b1a079106e1e97e5d09,"A thoroughfare meandered through fields and woods, where was it passing though?",C,A,C,C,1.0,0.0,1.0,0.0,False,False,False,True,0.0,0.0,0.0,1.0,0.0,0.0,0.0,1e-08,1.0,0.0,4e-08
c1c73ef0ff662a76cd42c3500240974a,"If I want a new ottoman, where should I go?",A,E,A,E,1.0,0.0,0.3208041,0.67914228,True,True,False,True,0.67914228,1.0,0.0,0.0,0.0,0.0,0.3208041,2.53e-06,3e-08,5.084e-05,0.67914228
aefa60233f3c5c4966f8ac22e901a1c7,Sean was leaving work and took the roadway that led to his what?,A,B,D,B,0.16516399,0.00067499,0.00015837,0.99941562,True,True,False,False,0.99874063,0.16516399,0.00067499,0.12862983,0.57647897,0.12862983,0.00015837,0.99941562,0.00033527,4.537e-05,4.537e-05
9221962ed3a6094e5c8f33785ce048cd,What can you use to get a jellyfish?,C,D,C,D,0.99999893,0.0,1.4e-07,0.99999332,True,True,False,True,0.99999332,1.07e-06,0.0,0.99999893,0.0,0.0,4.79e-06,0.0,1.4e-07,0.99999332,1.76e-06
8c8052980e357545398d27d1c3c832d8,What has a shelf that does not allow you to see what is inside of it?,A,D,D,D,0.0,1.0,0.0,1.0,False,False,False,False,0.0,0.0,0.0,0.0,1.0,1e-08,0.0,0.0,0.0,1.0,0.0
418913999c665ae9527fd14a6132da39,What will likely happen after stabbing to death a person?,B,D,E,E,3e-08,0.0,3.1e-07,0.00012339,False,False,False,False,0.00012339,1e-08,3e-08,0.0,0.0,1.0,1.76e-06,3.1e-07,1e-08,0.00012339,0.99987449
2634468d21fa33a88cefe28a5d613f59,"The boat passenger was explaining his fear of blowfish, but the captain figured he meant piranhas since they were on a river in the what?",E,A,E,E,1.0,0.0,0.99999762,9e-08,False,False,False,True,9e-08,0.0,0.0,0.0,0.0,1.0,9e-08,0.0,0.0,3e-08,0.99999762
66bfb6e209c94e6be5b0d04b0c7e2064,Where could you find only a few office?,C,E,E,E,0.00116951,0.99882907,0.0,1.0,False,False,False,False,0.00117093,8.3e-07,5e-07,0.00116951,5e-08,0.99882907,0.0,0.0,0.0,0.0,1.0
3163910d665c139a1f6f07d85803baba,Where can I go to be a religious gentleman?,E,A,E,E,1.0,0.0,1.0,0.0,False,False,False,True,0.0,0.0,0.0,0.0,0.0,1.0,0.0,0.0,0.0,0.0,1.0
0e52659484f2f6d763cf0d38d4c5999d,"I want to see a prepared slide up close, what would I use to help?",A,E,A,A,1.0,0.0,0.97701468,0.02297718,False,False,False,True,0.02297718,1.0,0.0,0.0,0.0,0.0,0.97701468,1.72e-06,1.8e-07,6e-06,0.02297718
167d2cfa04bfaea0e0b5bac3598d5769,"Where can you buy a magazine, paper or gum?",D,E,D,D,1.0,0.0,1.0,1e-08,False,False,False,True,1e-08,0.0,0.0,0.0,1.0,0.0,0.0,0.0,0.0,1.0,1e-08
39572e0ba1db51fa74f7fc2d90c5ec7f,Where would you get some wood if you do not have any?,D,A,D,D,1.0,0.0,1.0,0.0,False,False,False,True,0.0,0.0,0.0,0.0,1.0,0.0,0.0,0.0,0.0,1.0,0.0
2a32b1e541b1daae04690d0d3a4b3310,"The pitcher felt stress and tension on the mound, what did he feel like?",C,B,C,C,1.0,0.0,1.0,2e-08,False,False,False,True,2e-08,0.0,0.0,1.0,0.0,0.0,1e-08,2e-08,1.0,1e-08,1e-08
71cbfeb995b06b21e890c91040722252,What negative effect can competing in a chess game on a cold day have?,D,C,D,D,1.0,0.0,1.0,0.0,False,False,False,True,0.0,0.0,0.0,0.0,1.0,0.0,0.0,0.0,0.0,1.0,0.0
a15d564d0be6996251b5d523ac62db2a,Why is it hard for a young child to read a long book?,E,D,E,E,0.99998689,9e-08,0.62245862,0.37754024,False,False,False,True,0.37754015,1.301e-05,1e-08,0.0,9e-08,0.99998689,1.1e-06,0.0,0.0,0.37754024,0.62245862
6bd170c8d3d99d3c47b3e96427bacaeb,On a hot day what can you do to enjoy something cool and sweet?,E,D,E,E,1.0,0.0,1.0,0.0,False,False,False,True,0.0,0.0,0.0,0.0,0.0,1.0,0.0,0.0,0.0,0.0,1.0
7bc1198664b376f79d584725ad7f874b,What is likely to be found in a book that is not a foreword?,E,A,D,D,2.4e-07,1.1e-07,5e-07,1.37e-06,False,False,False,False,1.26e-06,1.1e-07,2.4e-07,0.0,0.9999994,2.4e-07,1.37e-06,9e-08,0.0,0.99999809,5e-07
d6c002d46d9bfa466637cec4a134f332,How many hours are in a day?,D,B,D,D,1.0,0.0,1.0,0.0,False,False,False,True,0.0,0.0,0.0,0.0,1.0,0.0,0.0,0.0,0.0,1.0,0.0
8cb45b421375243e788cfc64bd77b051,Why is religion so hard to understand?,E,C,E,E,0.99999976,0.0,0.56217486,0.43782222,False,False,False,True,0.43782222,7e-08,1.4e-07,0.0,0.0,0.99999976,2.69e-06,1e-07,0.43782222,1.5e-07,0.56217486
d6ff2d749494d89e9c7a53f587c519f4,"The couple explained they were having trouble communicating, it seemed every conversation took great what?",B,C,B,B,0.99944717,0.0,0.98710456,2.117e-05,False,False,False,True,2.117e-05,4e-08,0.99944717,0.0,0.0,0.00055278,0.00190556,0.98710456,2.117e-05,2.86e-06,0.01096574
6974d215428a974641c1df18678522f5,What would a person need to do if his or her captain dies at sea?,E,C,E,E,1.0,0.0,1.0,0.0,False,False,False,True,0.0,0.0,0.0,0.0,0.0,1.0,0.0,0.0,0.0,0.0,1.0
b94a9764acff078b52a9cbae04661dc9,What do children require to grow up healthy?,A,E,A,A,1.0,0.0,0.99928978,0.00070967,False,False,False,True,0.00070967,1.0,0.0,0.0,0.0,0.0,0.99928978,5e-07,0.0,1.4e-07,0.00070967
80930e9df9ac4ad752749a54e7fc124f_1,I house outside the center of a community is said to be where?,B,E,B,E,0.97054245,9.328e-05,0.0,0.99999809,True,True,False,True,0.99990481,4.406e-05,0.97054245,7.66e-06,0.02930784,9.328e-05,9e-08,0.0,0.0,1.76e-06,0.99999809
3310b5b24f03d67179fababf9ae95144,"The field general began to write out a letter to the king, he was told to send what when the enemy was near?",C,A,E,A,2.4e-07,1.07e-06,1e-08,0.99997151,True,True,False,False,0.99997044,1.07e-06,5e-07,2.4e-07,0.00026119,0.99973697,0.99997151,5e-07,1e-08,3.9e-07,2.754e-05
846bc47ced7119ad2ee19a8780d7fe18,What will you put on a pen to prevent it from drying out?,D,A,B,B,0.0,0.0,9e-08,1.76e-06,False,False,False,False,1.76e-06,0.0,1.0,1e-08,0.0,2e-08,1.76e-06,0.99999547,3.1e-07,9e-08,2.26e-06
fd5a34e94303d7fd343de2a8f36943d5,"After climbing the mountains, the explored found the cave, what was the general goegraphy of the region he found it in?",E,B,E,B,0.77563155,0.00055083,0.00033533,0.99960641,True,True,False,False,0.99905557,0.22222216,0.00055083,0.00116611,0.00042899,0.77563155,5.827e-05,0.99960641,3e-08,5e-08,0.00033533
4e87db4771f2d6423034935446e3fff1,"They dealt with combustible mixtures in their experiments, this is why they kept a fire extinguisher where?",B,C,B,B,1.0,0.0,1.0,0.0,False,False,False,True,0.0,0.0,1.0,0.0,0.0,0.0,0.0,1.0,0.0,0.0,0.0
a585df0818180ce3c06f963a4c3c810a,"If someone mean wanted to insult somebody by calling them a fruit, where is probably not the smartest place to do it?",A,D,D,D,4.78e-06,0.99996543,2e-08,1.0,False,False,False,False,3.457e-05,4.78e-06,1.1e-07,1.9e-07,0.99996543,7.89e-06,2e-08,0.0,0.0,1.0,0.0
c9f7d07e6d363a99f5fadd68a4dfa35a,Where would you get a toothpick if you do not have any?,B,A,B,A,0.9999938,6.14e-06,0.0,1.0,True,True,False,True,0.99999386,6.14e-06,0.9999938,1e-08,0.0,3e-08,1.0,0.0,0.0,0.0,0.0
c7cb327fa4c0008efaa7741081a365d4,What would you be building if you designed a place for an annoying critter to stay?,E,D,D,D,5e-07,0.99999952,0.0,1.0,False,False,False,False,4.8e-07,0.0,0.0,0.0,0.99999952,5e-07,0.0,0.0,0.0,1.0,0.0
c54ddc0f9d170ba65d9f4f2e0bb41d1c,"The man working in the attic swatted away a bee, but soon the single bee was an entire what?",A,B,,A,0.06008642,2.9e-07,0.99214467,0.00116168,True,False,True,False,0.00116139,0.06008642,2.9e-07,0.0,0.0,1e-08,0.99214467,0.00116168,6.4e-07,8.2e-07,6.91e-06
1729c737ff92cf558efecde2c6cafc5e,What do you need to wear when hiking?,C,B,D,D,0.0,0.0,2e-08,1.06e-06,False,False,False,False,1.06e-06,9.61e-05,0.0,0.0,0.99989773,6.14e-06,0.00070742,1.06e-06,2e-08,0.99612113,0.00317044
19dfd55e967dacd6f5700a62c1e14eee,What type of store would have lots of sports equipment?,D,A,D,D,1.0,0.0,1.0,0.0,False,False,False,True,0.0,0.0,0.0,0.0,1.0,0.0,0.0,0.0,0.0,1.0,0.0
b9bed83138901f4a45041b02c5b242c1,"The business man was promoted recently, to celebrate he went where to buy an expensive wristwatch?",B,E,B,B,1.0,0.0,0.99999833,1.37e-06,False,False,False,True,1.37e-06,0.0,1.0,0.0,0.0,0.0,1.9e-07,0.99999833,1e-08,2e-08,1.37e-06
b9d22425a3d5810be9528a55245c8f09,How is a child eager to be going to play likely to get there?,B,A,B,A,1.0,1e-08,0.49645024,0.49645024,True,True,False,True,0.49645023,1e-08,1.0,0.0,0.0,0.0,0.49645024,0.49645024,5.3e-07,1.755e-05,0.00708148
2af70107e04e61e3c7884bc743901c02,There's some new buying products designed to get you money if you have none. The first step is that it will show you how to declare what?,B,C,A,A,8.3e-07,1e-08,1.67e-05,0.00012339,False,False,False,False,0.00012338,0.99999619,8.3e-07,1e-08,2.9e-06,7e-08,0.99981407,1.67e-05,0.00012339,4.539e-05,5e-07
be2cb9c96069ac355a7ccef262743d14,Where can you buy a replacement ax handle?,B,E,B,B,1.0,0.0,0.99999869,8.3e-07,False,False,False,True,8.3e-07,0.0,1.0,0.0,0.0,0.0,3.1e-07,0.99999869,2e-08,1.1e-07,8.3e-07
799e48ec7fb16415c8f82828c5761ed1,Is that person acting as silly as a clown?,B,D,B,D,0.84507582,0.00731134,0.0,0.99999964,True,True,False,False,0.9926883,0.14685216,0.84507582,2.054e-05,0.00731134,0.00013391,1.9e-07,0.0,0.0,0.99999964,1.1e-07
a5db1e9677af118deb8e4add8bc18db2,Which group of states is Louisiana part of?,D,C,D,C,0.99999261,1e-08,0.00012339,0.99987151,True,True,False,True,0.9998715,6.14e-06,1e-08,1e-08,0.99999261,1.07e-06,2.26e-06,2e-08,0.99987151,0.00012339,2.9e-06
28357ebf85f8bb82b6a3210c4397e0aa,Where would you put a plate immediately after eating from it?,D,E,C,C,0.0,0.0,9e-08,3e-08,False,False,False,False,3e-08,0.0,0.0,1.0,0.0,0.0,6.14e-06,7e-08,0.99999368,9e-08,3e-08
7b95825a19d6930d6aed35c7c57a2d82,James couldn't get comfortable.  There was too much dirt.  He needed to clean out what?,D,E,D,D,1.0,1e-08,0.99997199,2.754e-05,False,False,False,True,2.753e-05,0.0,0.0,0.0,1.0,1e-08,3.9e-07,3e-08,0.0,0.99997199,2.754e-05
6b270159bd402ddd498a38153f9d1efe,"The rats were hiding in the house, where were they?",E,D,C,E,1e-08,0.0,0.87230797,0.0716034,True,False,True,False,0.0716034,0.0,0.0,1.0,0.0,1e-08,0.00029263,3.084e-05,0.05576479,0.0716034,0.87230797
eae0e03773365064ce915603c7addc91,What do people do when they don't understand something?,A,C,A,A,1.0,0.0,0.99999988,1e-08,False,False,False,True,1e-08,1.0,0.0,0.0,0.0,0.0,0.99999988,3e-08,1e-08,1.1e-07,3e-08
a5ca7c89196e54938b5827814d0071d4,James saw a kite flying in the sky.  He traced the string back to its origin and found it.  Where did the string begin?,E,D,C,C,0.0,0.0,2.9e-06,5e-08,False,False,False,False,5e-08,0.0,0.0,1.0,0.0,0.0,3e-08,3e-08,0.99999714,5e-08,2.9e-06
ffc3461d437a1c6c22d1c4f6439ebd9c,What rubber toy filled with helium will make a child happy?,D,B,D,D,1.0,1e-08,1.0,1e-08,False,False,False,True,0.0,0.0,1e-08,0.0,1.0,0.0,0.0,1e-08,0.0,1.0,0.0
aa2dcd9bcce5e4445bd3bacbf0bb11d3,Where do people get beer after a bit of gambling?,C,E,C,C,1.0,0.0,0.99807289,0.00192673,False,False,False,True,0.00192673,0.0,0.0,1.0,0.0,0.0,1.4e-07,1.9e-07,0.99807289,5e-08,0.00192673
6cc797ec148c1fc74592957a55bd0951,What can happen to you when you are using television and it is not interesting?,E,B,E,E,0.99999213,0.0,0.99999976,3e-08,False,False,False,True,3e-08,7.89e-06,0.0,0.0,0.0,0.99999213,1.9e-07,3e-08,0.0,5e-08,0.99999976
64dbe5cb840ef4f1d25f8b68db8d5fed,"The business men left the discussion in the dressing room, now they just wanted to relax in the sauna of the what?",E,B,E,E,1.0,0.0,1.0,0.0,False,False,False,True,0.0,0.0,0.0,0.0,0.0,1.0,0.0,0.0,0.0,0.0,1.0
a74753bf249c1cbcff632c5c16b0397b,Where is a likely place for an ivy plant?,D,A,D,D,0.99994147,0.0,0.99584477,7.454e-05,False,False,False,True,7.454e-05,0.0,1e-08,5.829e-05,0.99994147,1.9e-07,7.454e-05,8.3e-07,0.00406979,0.99584477,1.009e-05
9190efbd77fe10b989fcaae35e208a0f,Where has the newest baseball stadium?,A,D,C,D,1.76e-06,3e-08,1e-08,1.0,True,True,False,False,0.99999997,1.76e-06,1e-08,0.99999797,3e-08,1.9e-07,1e-08,0.0,0.0,1.0,2e-08
ff0303db294a823d4138fb81a6ee6438,What type of residence has a ground floor with a stoop?,A,E,A,A,0.99992514,0.0,0.99999714,0.0,False,False,False,True,0.0,0.99992514,7.485e-05,0.0,0.0,0.0,0.99999714,2.9e-06,0.0,4e-08,0.0
63963c9c15835d451aac2e1e0b116388,If the wood texture is not smooth it is what?,B,D,B,B,1.0,0.0,0.99998689,1.301e-05,False,False,False,True,1.301e-05,0.0,1.0,0.0,0.0,0.0,3e-08,0.99998689,3e-08,1.301e-05,9e-08
cc8324b73ed9625e723ef041dfc77a37,What might happen if someone is not losing weight?,D,C,A,C,0.00116737,8.3e-07,5e-07,0.99996507,True,True,False,False,0.99996424,0.99700445,0.00149894,8.3e-07,0.00116737,0.00020286,2.144e-05,2.9e-06,0.99996507,5e-07,1.013e-05
684dbde19719e8224113433981d6e01e,"Billy lived in the capital of his country, then he moved.  Where might he move to?",A,B,A,A,0.99999845,6.5e-07,0.904639,0.09534825,False,False,False,True,0.09534761,0.99999845,6.5e-07,1e-08,8.3e-07,7e-08,0.904639,0.09534825,4e-08,5.56e-06,7.14e-06
21450618657881d8c5af73691f3423a7_1,"Making a schedule was easy to pick, the major called for knowledge that required a certain what?",B,D,B,D,0.84568164,1.412e-05,7e-08,0.92391198,True,True,False,False,0.92389785,2.99e-05,0.84568164,0.00731658,1.412e-05,0.14695743,4.42e-06,7e-08,2.37e-06,0.92391198,0.07583931
8b94b61b604ec0d7508804033eec6d23,"When getting in shape, this is something that does wonders?",E,C,E,E,1.0,0.0,0.99999928,5e-07,False,False,False,True,5e-07,0.0,0.0,0.0,1e-08,1.0,3e-08,0.0,5e-07,1.9e-07,0.99999928
52ecf169febc95a7f5ccb048fc85857d,What could prevent a driving car from continuing to drive?,A,E,A,E,0.99997854,2.144e-05,0.0,1.0,True,True,False,True,0.99997856,0.99997854,0.0,0.0,0.0,2.144e-05,0.0,0.0,0.0,0.0,1.0
e408a5a031caec33782cb3b3a005eecc,Where do you store a large container?,E,B,E,B,0.87543434,0.11847715,3.73e-06,0.99999416,True,True,False,False,0.88151701,0.00013872,0.11847715,0.00589863,5.103e-05,0.87543434,1.76e-06,0.99999416,4e-08,3.9e-07,3.73e-06
31bd05ba62a16ee35217224b98c6baea,What is a person likely to experience after they stop being married to a mean person?,C,E,D,D,0.0,1e-08,0.0,5e-08,False,False,False,False,4e-08,0.0,0.0,0.0,1.0,1e-08,0.0,0.0,0.0,1.0,5e-08
b4043bd1f65a8ad088e62042eca259c2,"Despite the large crowds, how did the depressed man feel?",C,E,B,E,6.14e-06,1.301e-05,2e-08,0.99983385,True,True,False,False,0.99982084,6.5e-07,0.99997985,6.14e-06,3.9e-07,1.301e-05,2.9e-06,0.00015844,2e-08,4.78e-06,0.99983385
4302e727e47f464511d4d04f22bed0d2,Where does a maid empty a trash can?,D,C,E,C,2.9e-06,1e-08,1.9e-07,0.99986984,True,True,False,False,0.99986983,0.00247262,2e-08,1e-08,2.9e-06,0.99752433,6.14e-06,3.9e-07,0.99986984,1.9e-07,0.00012339
f0d473701d52125dd055d23042de1b0d,"The dog curled up for a nap, it was tuckered out because it had just been what?",A,D,A,D,0.99999976,0.0,0.0474252,0.95256063,True,True,False,True,0.95256063,0.99999976,1.9e-07,0.0,0.0,0.0,0.0474252,1.68e-06,5e-08,0.95256063,1.239e-05
d35112a99ab3983fb51c3adae80bc2da,"He used an umbrella while tanning, where was he likely?",D,E,D,D,1.0,0.0,1.0,0.0,False,False,False,True,0.0,0.0,0.0,0.0,1.0,0.0,0.0,0.0,0.0,1.0,0.0
661474a1a0c29dd7a243b284535ac934,What do the feathers look like on birds found in the rainforest?,D,E,D,D,1.0,4e-08,0.81757443,0.1824255,False,False,False,True,0.18242546,0.0,0.0,0.0,1.0,4e-08,3e-08,0.0,0.0,0.81757443,0.1824255
6416dcdf9b8d7d2787f07e7426f86fe4,The ancient seafaring Norse tribesman brought pelts of weasel aboard his what?,E,C,D,D,2.4e-07,2e-08,0.00317268,0.0,False,False,False,False,-1e-08,0.0,0.0,2e-08,0.99999607,2.4e-07,1e-08,0.0,0.0,0.99682697,0.00317268
0f54a1ee30a0034a3d2db1bfdef9ca85,What is the opposite of an area of elevation?,C,B,C,C,1.0,0.0,1.0,0.0,False,False,False,True,0.0,0.0,0.0,1.0,0.0,0.0,0.0,0.0,1.0,0.0,0.0
7850beb1209c41fabe385cbedc96a61a,What do singers need to do before a show?,A,C,A,C,1.0,0.0,0.06008463,0.93988163,True,True,False,True,0.93988163,1.0,1e-08,0.0,0.0,0.0,0.06008463,3.323e-05,0.93988163,4.7e-07,6e-08
cdb06b28b9c4e7ef7e880d1f096fd409,"When a person with mental illness receives medication and therapy, what has happened?",C,E,C,C,0.99999976,2e-08,0.98176137,0.01798159,False,False,False,True,0.01798157,0.0,0.0,0.99999976,1.9e-07,2e-08,2.3e-07,1.8e-07,0.98176137,0.00025649,0.01798159
14309d9bd3c13d1c0efb625198f6304a,What type of feeling is performing for the first time likely to produce?,E,B,E,B,0.99999952,5e-07,0.32082127,0.67917864,True,True,False,True,0.67917813,0.0,5e-07,0.0,0.0,0.99999952,6e-08,0.67917864,0.0,1e-08,0.32082127
a00276c6db928900772c0320aeff77c0,"If someone is found to be committing murder, what did they do to someone?",B,E,B,B,1.0,0.0,1.0,5e-08,False,False,False,True,5e-08,0.0,1.0,0.0,0.0,0.0,5e-08,1.0,0.0,3e-08,5e-08
4706be6e24f1fafd9ff9fe63583acffd,"The computer was hooked up to the internet, what could it do as a result?",E,A,D,A,1.013e-05,3e-08,1.1e-07,0.99944706,True,True,False,False,0.99944703,3e-08,0.0,0.0,0.99998987,1.013e-05,0.99944706,2e-08,0.0,0.00055278,1.1e-07
ee8819b2da5453848c1cbb9d9c93403b,The planet Mercury is unsuitable for human life or what?,B,D,B,D,0.99999988,0.0,5.779e-05,0.99132043,True,True,False,True,0.99132043,7e-08,0.99999988,0.0,0.0,1e-08,4.501e-05,5.779e-05,9e-08,0.99132043,0.0085766
84ea43b967259814d939c62131f74df0,"Seeing idea become reality was a dream of hers for a long time, but as the time came to get on stage she had more what?",B,E,B,B,1.0,1e-08,0.99998689,9e-08,False,False,False,True,8e-08,5e-08,1.0,0.0,0.0,1e-08,1.301e-05,0.99998689,0.0,2e-08,9e-08
60e7338e9e6bfc746a15a161eb12706c,A creek could be located in the opposite for the city which is called what?,E,D,C,D,0.18240067,0.00012954,0.02297712,0.97701207,True,True,False,False,0.97688253,3.45e-06,6e-08,0.81746312,0.00012954,0.18240067,4.9e-07,1e-08,9.9e-06,0.97701207,0.02297712
a0f5414bf98e094f4d807abee28861a4,Where off the eastern U.S. would you find an anemone?,C,E,B,C,0.00020343,4e-08,0.96855294,0.00186975,True,False,True,False,0.00186971,0.0,0.99979655,0.00020343,0.0,4e-08,0.00032491,0.02924776,0.96855294,4.63e-06,0.00186975
44120a9443c619d98ce5bfe4bb219c43,Where are traveling clothes often kept?,A,C,A,C,1.0,0.0,3.73e-06,0.99999595,True,True,False,True,0.99999595,1.0,0.0,0.0,0.0,0.0,3.73e-06,4e-08,0.99999595,2e-08,1.9e-07
38ab26e29a0984b212006d39185c43f3,"If one needed the bathroom they needed a key, to get it they had to also buy something from the what?",B,E,B,B,1.0,0.0,0.67806598,0.32029568,False,False,False,True,0.32029568,0.0,1.0,0.0,0.0,0.0,0.00061832,0.67806598,5.6e-07,0.00101943,0.32029568
a5e207803684eea8a43ca6670c50b354,"Although the sun did rise, what did the pessimist warn everyone it would do?",B,A,B,A,0.99999797,1.76e-06,0.00055276,0.99941348,True,True,False,True,0.99941172,1.76e-06,0.99999797,1e-08,7e-08,9e-08,0.99941348,0.00055276,4e-08,6.14e-06,2.752e-05
af3b9a8b1962cd3bcd19e644d873e7bc,"The hardcovers were especially tall, so he removed a shelf on the what to make room?",E,B,E,E,1.0,0.0,1.0,0.0,False,False,False,True,0.0,0.0,0.0,0.0,0.0,1.0,0.0,0.0,0.0,0.0,1.0
43a91955fd0717997a16897c3324e095,If you're watching a comedy film what would you expect to hear from the audience?,D,C,D,D,1.0,0.0,1.0,0.0,False,False,False,True,0.0,0.0,0.0,0.0,1.0,0.0,0.0,0.0,0.0,1.0,0.0
7f7a6f2b3087bf37dadbe8aa8d358047,What can eating lunch cause that is painful?,C,A,C,C,1.0,0.0,0.99995458,4.54e-05,False,False,False,True,4.54e-05,0.0,0.0,1.0,0.0,0.0,4.54e-05,3e-08,0.99995458,1e-08,3e-08
37d88a9bb24913c1973cc26d4ce3394f,"The performer was ready to put on a show and stepped onto the launch platform, what was his job?",E,D,B,B,1.4e-07,0.0,0.49997723,5.06e-06,False,False,False,False,5.06e-06,0.0,0.99999988,0.0,0.0,1.4e-07,1.072e-05,0.49997723,6e-07,5.06e-06,0.49997723
001b0f5a841fd81d13fbe67c7c7179d6,"Eating is part of living, but your body doesn't use it all and the next day you will be doing what?",E,A,E,E,1.0,0.0,0.99998701,1.301e-05,False,False,False,True,1.301e-05,0.0,0.0,0.0,0.0,1.0,1.301e-05,0.0,0.0,0.0,0.99998701
9f9ca9bb06d6afc31b19c365fb29a1c9,Where are you if you've paid to get a pizza?,C,E,C,C,1.0,0.0,0.9999994,6.5e-07,False,False,False,True,6.5e-07,0.0,0.0,1.0,0.0,0.0,2e-08,0.0,0.9999994,2e-08,6.5e-07
d60c5a494539c66982c0f692afde9499,What would you use to find a place to stay?,B,A,B,B,1.0,0.0,0.85084659,0.0012792,False,False,False,True,0.0012792,0.0,1.0,0.0,0.0,1e-08,0.0012792,0.85084659,9.1e-07,1.825e-05,0.14785496
a6d3a2cb250a6310b8cabd31dbe2138c,"If you're seeking a connection for your laptop, what are you trying to hook up with?",A,C,A,A,0.90460086,2.04e-06,0.55593692,0.43296411,False,False,False,False,0.43296206,0.90460086,1.177e-05,2.04e-06,4.107e-05,0.09534423,0.55593692,0.0061759,0.43296411,0.00011312,0.0048098
27c523eb9099d2eec66296558eb4448e,"The child didn't know the problems his mother was going through, all he had was what for her?",C,E,C,C,1.0,3e-08,0.62233335,0.37746425,False,False,False,True,0.37746423,3e-08,0.0,1.0,0.0,3e-08,5.981e-05,2.32e-06,0.62233335,1.335e-05,0.37746425
2509fdd7d94afe9d0c021654ce0ba93f,To see new films you must?,B,C,B,B,1.0,0.0,0.99997175,4.78e-06,False,False,False,True,4.78e-06,0.0,1.0,0.0,0.0,0.0,1.013e-05,0.99997175,4.78e-06,3.1e-07,1.301e-05
75b8195e23c6bada574f1e41471b8f23,What can happen when you contemplate alone for a long time?,A,B,B,B,0.0702891,0.85629654,0.00317018,0.99604094,False,False,False,False,0.1397444,0.0702891,0.85629654,0.0702891,0.00100262,0.00212255,0.00317018,0.99604094,3.522e-05,0.00055089,0.00020266
df1bf6f3f87975aa0c1b6d6153d9ecef,"The pioneer went to the general store for storage measures, what was he looking for?",B,E,B,E,0.99999416,8.3e-07,1.9e-07,0.99999619,True,True,False,True,0.99999535,2.4e-07,0.99999416,2e-08,4.79e-06,8.3e-07,2.26e-06,1.9e-07,0.0,1.37e-06,0.99999619
e99d4cb2e69d3e020ee9e4e9a84ac45b,"I was apprehensive to buy the expensive equipment to play a game with so much walking and swinging around in grass, but now I understand why people what?",B,D,B,B,0.99999976,0.0,0.99983731,5e-07,False,False,False,True,5e-07,3e-08,0.99999976,0.0,0.0,1.4e-07,3.73e-06,0.99983731,3e-08,5e-07,0.00015844
b1274d6f5969dea4d46f43fbdc28fd97,What can a newspaper be used to do to an engagement?,A,D,A,D,1.0,3e-08,0.43782222,0.56217486,True,True,False,True,0.56217484,1.0,3e-08,0.0,3e-08,1e-08,0.43782222,1.63e-06,1e-08,0.56217486,1.27e-06
001cb999a61a5c8b4031ff53cf261714,"John needed a straight wire.  Unfortunately, this one had endured some abuse and had become what?",A,E,B,A,0.09477177,2e-08,0.88008236,6.94e-06,True,False,True,False,6.93e-06,0.09477177,0.89916954,0.00605856,8e-08,2e-08,0.88008236,0.11910618,0.00080253,1.99e-06,6.94e-06
18ee7a93410a6b4c9cec5d4894775991_1,Metal is taken from what which is pulled from the ground?,C,A,C,C,1.0,0.0,0.99998689,1.301e-05,False,False,False,True,1.301e-05,0.0,0.0,1.0,0.0,0.0,1.301e-05,3e-08,0.99998689,7e-08,4e-08
3b8be90fdd8c67571d8d692eaa6dd87b,When not in use where on your property would you store you bucket?,D,C,D,D,0.9997384,1e-08,0.96247404,9.75e-06,False,False,False,True,9.74e-06,3e-08,3.1e-07,1e-08,0.9997384,0.00026119,0.00015251,4.37e-05,9.75e-06,0.96247404,0.03731916
300bd7704ae8c5fcef618902f18fd01d,What does someone do to relax at night?,D,E,C,E,0.0,0.0,2.3e-07,0.97702151,True,True,False,False,0.97702151,0.0,0.0,1.0,0.0,0.0,8.1e-07,1.4e-07,0.02297735,2.3e-07,0.97702151
f18833ace65a54709377134168b457a9,Where might the stapler be if I cannot find it?,C,D,C,D,1.0,2e-08,0.0,0.99999774,True,True,False,True,0.99999772,0.0,0.0,1.0,2e-08,0.0,5e-07,0.0,0.0,0.99999774,1.76e-06
5bba03b425f5abc6e017f194cf074b06,Many homes in this country are built around a courtyard. Where is it?,B,E,B,B,0.99999988,1.1e-07,0.99752563,0.00247262,False,False,False,True,0.00247251,0.0,0.99999988,1e-08,0.0,1.1e-07,4.4e-07,0.99752563,6.5e-07,7.3e-07,0.00247262
78276a4eab6e8d6b9ae3749211816977,"Sean was a wreck.  He  loved to build houses, but in his current state, he couldn't do what?",C,A,C,C,1.0,0.0,0.97930121,7.33e-05,False,False,False,True,7.33e-05,0.0,0.0,1.0,0.0,0.0,7.33e-05,0.01396898,0.97930121,5.709e-05,0.00659848
cf33e0f5891ce53a716432be06a46ee1,What would be happening if you are pretending to be a police officer?,C,A,D,A,2.4e-07,1.013e-05,0.0,0.99990369,True,True,False,False,0.99989356,1.013e-05,7e-08,2.4e-07,0.99996686,2.144e-05,0.99990369,1e-08,0.0,9.61e-05,1.4e-07
3938d6e50d38b1f8774b4f00a89bdb39,Where would you buy a finely crafted writing instrument?,C,B,C,C,1.0,0.0,1.0,0.0,False,False,False,True,0.0,0.0,0.0,1.0,0.0,0.0,0.0,0.0,1.0,0.0,1e-08
cabefb7063a728e77abd44d97397a2a4,"The detective was finding information from witnesses, why would he do that?",C,D,C,C,1.0,0.0,0.99457741,0.00521906,False,False,False,True,0.00521906,0.0,0.0,1.0,0.0,0.0,1.06e-06,9e-08,0.99457741,0.00521906,0.00020237
60b909ad1d7956218a5d99954fdebecd,Joe found spiders in the place where he keeps his tools.  Where might that be?,D,B,D,B,1.0,0.0,0.49999237,0.49999237,True,True,False,True,0.49999237,0.0,0.0,0.0,1.0,0.0,1.377e-05,0.49999237,7e-08,0.49999237,1.45e-06
9fdebd1c2cf498f1d726a025b780a39a,"While on the fan boat he thought he'd see swamps and gators, but he was surprised to spot a bald eagle in what nature area?",A,B,A,A,1.0,0.0,1.0,0.0,False,False,False,True,0.0,1.0,0.0,0.0,0.0,0.0,1.0,0.0,0.0,0.0,0.0
f36027954e43cfd926451bdf7cb0c3ac,Where are you likely to find a supermarket?,B,E,D,D,0.0,1.301e-05,2.4e-07,0.00317266,False,False,False,False,0.00315965,1e-08,0.0,0.0,0.99998701,1.301e-05,7.86e-06,2.4e-07,1e-08,0.99681927,0.00317266
7ec14907622c6d5a6087cd59a22d8c9d,Where would you need to use a lantern?,D,A,D,D,1.0,0.0,1.0,0.0,False,False,False,True,0.0,0.0,0.0,0.0,1.0,0.0,0.0,0.0,0.0,1.0,2e-08
efe488f67b53a4b6e69782c01c84f06c,What area does a police officer patrol?,C,A,C,C,1.0,0.0,1.0,0.0,False,False,False,True,0.0,0.0,2e-08,1.0,0.0,0.0,0.0,2e-08,1.0,0.0,0.0
7c62637437ad7515452886074010a438,Why would a woman kill a stranger she met in a dark alley?,A,E,A,E,0.99999976,1e-08,0.00317268,0.99682721,True,True,False,True,0.9968272,0.99999976,1.9e-07,0.0,2e-08,1e-08,0.00317268,3e-08,0.0,7e-08,0.99682721
4f7be1c68654e2924c161c8eca652928,"The baby was cranky, it needed to eat breakfast but refused to what?",B,C,B,C,0.99999976,1e-08,3e-08,0.99999952,True,True,False,True,0.99999952,1e-08,0.99999976,1e-08,1e-08,1.9e-07,1.1e-07,3e-08,0.99999952,2e-08,3.9e-07
e4976ee741cf4b28b8a42780ffb15774,What is made up of people?,B,D,E,D,0.00398968,0.00188459,0.0,0.99999774,True,True,False,False,0.99811314,0.01788053,0.00398968,1.04e-06,0.00188459,0.97624367,5e-07,0.0,0.0,0.99999774,1.76e-06
14e75a42a416d32a24e2826cae34d2bf,"He was afraid he would die from his cold, so he wisely decided to what?",E,A,E,E,0.73105847,2e-08,0.99998701,0.0,False,False,False,False,-2e-08,2e-08,0.26894137,0.0,5e-08,0.73105847,0.0,1.301e-05,0.0,4e-08,0.99998701
004607228ad49b69eac932c1005d6106,Where would you get a pen if you do not have one?,C,A,D,D,0.0,0.0,0.0,8.3e-07,False,False,False,False,8.3e-07,0.0,0.0,0.0,1.0,0.0,8.3e-07,1e-08,0.0,0.99999869,5e-07
a7f54ee1866d5db34eacf40efa53c93e,Why would a small dog pant if it's hot outside?,C,D,C,D,1.0,0.0,0.0,0.99999976,True,True,False,True,0.99999976,0.0,0.0,1.0,0.0,0.0,0.0,0.0,0.0,0.99999976,2.4e-07
e56c56c3cfe50ba0c787c2bd67255be8,"She asked her little boy why, he replied that he didn't know and it was just what?",D,A,D,A,0.99585648,0.00070723,9.61e-05,0.99986591,True,True,False,True,0.99915868,0.00070723,0.00149721,0.00192245,0.99585648,1.663e-05,0.99986591,1.76e-06,3.535e-05,9.61e-05,8.3e-07
6f48ee564a48293eb501cc0d8197bdd9,Where would you display a picture on a horizontal surface?,C,D,B,E,0.0,7.89e-06,5e-08,0.0292995,True,False,True,False,0.02929161,0.0,0.99999166,0.0,7.89e-06,5e-07,1.621e-05,0.00041793,5e-08,0.0292995,0.97026618
13d2a103abbed930cabc9567a1ba12f2,What skill is needed for riding a bike?,E,C,D,C,2.4e-07,0.0,0.0085205,0.98483525,True,True,False,False,0.98483525,0.0,0.0,0.0,0.99999976,2.4e-07,7.77e-06,6.4e-07,0.98483525,0.00663577,0.0085205
0c1efb38e023ee9725486fbec4f2d797,"He looked at the field of pumps, all slowing churning oil out of the what?",D,C,D,D,1.0,0.0,1.0,0.0,False,False,False,True,0.0,0.0,0.0,0.0,1.0,0.0,0.0,0.0,0.0,1.0,0.0
b7ab4a5e0c19a98f41cd1ba3176f2dff,The department to where vendors deliver goods for sale is called what?,C,E,C,E,0.9999963,2e-08,0.00070935,0.99883418,True,True,False,True,0.99883416,0.0,0.0,0.9999963,4e-08,2e-08,4.78e-06,1e-08,0.00070935,0.00043024,0.99883418
8bcbb5098876940b2382db3a9a0b1beb,Where is the worst place to be in a ticket office?,D,B,D,B,0.99992478,7e-08,4.56e-06,0.95255803,True,True,False,True,0.95255796,7.485e-05,7e-08,4e-08,0.99992478,2.4e-07,0.04742507,0.95255803,1e-08,4.56e-06,1.239e-05
c7ce02d9365fe9275f88338ad51cbde6,"Exercise is very good for you, for faster recovery you should always do what afterwards?",A,C,A,A,1.0,0.0,0.93772212,0.00040392,False,False,False,True,0.00040392,1.0,5e-08,0.0,1e-08,0.0,0.93772212,0.00011572,0.00040392,0.00181023,0.05994656
fb54a118d46b2776e435d411ae3dd9c8,What happens when you go somewhere and forget something at home?,D,E,D,E,0.99999106,1.07e-06,9.61e-05,0.99990381,True,True,False,True,0.99990274,7.89e-06,0.0,0.0,0.99999106,1.07e-06,5e-08,0.0,0.0,9.61e-05,0.99990381
2c13e6d61e3733db90a9fd22d72b3337,Where would you acquire a wind instrument for you own use?,C,B,C,C,1.0,0.0,1.0,1e-08,False,False,False,True,1e-08,0.0,0.0,1.0,0.0,0.0,0.0,1e-08,1.0,0.0,1e-08
350292ae429060a00ff2cf64d71558e4,Where would a person light alcohol on fire to observe the reaction?,E,B,E,E,1.0,0.0,1.0,0.0,False,False,False,True,0.0,0.0,0.0,0.0,0.0,1.0,0.0,0.0,0.0,0.0,1.0
179fff4b5928e5ac3d3ae3e1db782547,"If a storey contained a panoramic view, what kind of structure would it be in?",D,B,D,D,1.0,0.0,1.0,0.0,False,False,False,True,0.0,0.0,0.0,0.0,1.0,0.0,0.0,0.0,0.0,1.0,0.0
81cc0d320488c7bacafb285cf7db5fbd,Where does lettuce arrive by large trucks?,B,A,B,A,0.99987365,2.26e-06,1e-08,0.99999714,True,True,False,True,0.99999488,2.26e-06,0.99987365,3.1e-07,3.9e-07,0.00012339,0.99999714,1e-08,0.0,2e-08,3e-08
26c8a7165d0ed7250b9328f90d83ba83,Why do people who are dying receive social security payments?,D,E,D,E,0.99999893,1.07e-06,0.0,1.0,True,True,False,True,0.99999893,2e-08,1e-08,1e-08,0.99999893,1.07e-06,0.0,0.0,0.0,0.0,1.0
636fc69dee35cd357b4191b47e64d0e5,What should I do with a jumping rope?,E,B,E,E,1.0,0.0,1.0,0.0,False,False,False,True,0.0,0.0,0.0,0.0,0.0,1.0,4e-08,0.0,0.0,0.0,1.0
f0c4622a082eb9ad0690dd36dcf61297,What do geese do every fall in fields?,E,D,B,D,0.00150118,4e-08,0.00091094,0.99897145,True,True,False,False,0.99897141,1.4e-07,0.99849855,0.0,4e-08,0.00150118,2.142e-05,9.601e-05,3e-08,0.99897145,0.00091094
4499ebd5e8188b0d5fdef6afd893017a,"I took my seat, the curtains drew back and I enjoyed the what?",E,B,D,B,0.03627223,0.02824884,0.00015844,0.99983373,True,True,False,False,0.97158489,1.13e-06,0.02824884,1.65e-06,0.9354732,0.03627223,3e-08,0.99983373,3e-08,7.89e-06,0.00015844
230cc491829307e8edb5423c8d09f945,What should everyone do who doesn't want to fight anymore?,C,B,C,C,0.99999774,0.0,0.9999975,1.1e-07,False,False,False,True,1.1e-07,1e-08,0.0,0.99999774,0.0,2.26e-06,1.4e-07,1.1e-07,0.9999975,0.0,2.26e-06
6163a897cd7eac1deddd4c002a1930ae,Where is the ideal location for a post office?,E,D,D,D,0.00012339,0.99985435,0.00012339,0.99987294,False,False,False,False,1.859e-05,2.144e-05,8.3e-07,2e-08,0.99985435,0.00012339,3.73e-06,2e-08,0.0,0.99987294,0.00012339
55478486079423907508a06be13ca536,Where outside of a city would a squirrel live?,C,D,C,C,1.0,0.0,0.99999964,3.9e-07,False,False,False,True,3.9e-07,0.0,0.0,1.0,0.0,0.0,0.0,0.0,0.99999964,3.9e-07,0.0
4fa0d61ec82eb1e238d8938d5f43f392,You should watch out for snakes if floating down what African body of water?,D,E,D,D,1.0,0.0,0.95257155,0.04742575,False,False,False,True,0.04742575,0.0,0.0,0.0,1.0,0.0,2.76e-06,0.0,0.0,0.95257155,0.04742575
b4f79ca5f3595248ee25292ab60ad105,"At the end of the day as he began to eat he paused and thanked her, it wasn't often she would what?",A,D,A,D,0.88073804,1.146e-05,0.0002034,0.99967312,True,True,False,False,0.99966166,0.88073804,2.425e-05,3.114e-05,1.146e-05,0.11919493,0.0002034,9e-08,5e-08,0.99967312,0.00012337
c39131d979c9205c11d0e109e18188e4,To what do trees roots cling?,E,A,E,A,1.0,0.0,0.37753988,0.62245803,True,True,False,True,0.62245803,0.0,0.0,0.0,0.0,1.0,0.62245803,3e-08,0.0,3.6e-07,0.37753988
bd773d64f4e22db2358c6e00cbdf2d83,What probably has a lot of dust in the back?,A,E,E,E,0.00115667,0.98786793,0.0,1.0,False,False,False,False,0.01213207,0.00115667,7e-08,0.01097422,1.05e-06,0.98786793,0.0,0.0,0.0,0.0,1.0
2b416120e2fbd84b44b5dcd4eb42ed5c,"At the new comic store he found himself making friends, it was nice to meet people with what?",D,C,D,C,0.99999869,7e-08,3.9e-07,0.99999809,True,True,False,True,0.99999802,1.1e-07,5e-07,7e-08,0.99999869,6.5e-07,5e-08,1e-08,0.99999809,3.9e-07,1.37e-06
cef855ec07c66a731741026c2839b0d3,"The student explained he had a clue what neuroepithelium was and got really nervous, he then lost his balance because a what issue?",C,B,C,C,1.0,0.0,1.0,3e-08,False,False,False,True,2e-08,0.0,0.0,1.0,0.0,0.0,1e-08,3e-08,1.0,0.0,0.0
0bbb82c1dc4bfd3b0e0c409a0afd248b,What could people do that involves talking?,A,B,A,A,0.99142224,5e-08,0.98659305,0.00244552,False,False,False,True,0.00244547,0.99142224,5e-08,2e-08,1.8e-07,0.00857748,0.98659305,0.00244552,3.9e-07,1.05e-06,0.01096006
67beae081a9b5ef56988f205f80cf129,If you're a child answering questions and an adult is asking them that adult is doing what?,C,E,C,C,1.0,0.0,1.0,0.0,False,False,False,True,0.0,0.0,0.0,1.0,0.0,0.0,0.0,0.0,1.0,0.0,0.0
3b4dcfcab4726496bdbe9535cc669082,"He has lactose intolerant, but was eating dinner made of cheese, what followed for him?",D,C,D,D,1.0,0.0,0.9998416,0.0,False,False,False,True,0.0,0.0,0.0,0.0,1.0,0.0,0.00015844,2e-08,0.0,0.9998416,1e-08
eebddf5f35d85e9fe2ecbd9b56c1db60,"The teacher played on the upright piano, she was explaining the song to all the students in the what?",A,D,A,A,1.0,0.0,0.99999881,8.3e-07,False,False,False,True,8.3e-07,1.0,3e-08,0.0,0.0,0.0,0.99999881,1.9e-07,0.0,8.3e-07,9e-08
5393ba1ce298bd1ac4744c07d7373a9c,"When you get an F, you fail. If you get A's you are?",D,E,D,E,0.60766548,0.36856775,0.0,1.0,True,True,False,False,0.63143225,0.01834991,0.00015876,0.00525734,0.60766548,0.36856775,0.0,0.0,0.0,0.0,1.0
fde48d43e27cefed6ed9c52514e0bb6d,What is the main purpose of having a bath?,A,D,E,E,5e-08,0.0,0.0,1e-08,False,False,False,False,1e-08,5e-08,0.0,0.0,0.0,1.0,0.0,0.0,0.0,1e-08,1.0
da83d85e28778c082d9a63f5b890b26d,The ball was hit over a boundary and struck an audience member.  What kind of game were they playing?,A,E,A,A,0.99999821,3.9e-07,0.93990574,0.06008616,False,False,False,True,0.06008577,0.99999821,1.37e-06,0.0,1e-08,3.9e-07,0.93990574,7.42e-06,6e-08,6.1e-07,0.06008616
cfa980561efe82e7ae7080d4f081b463,What is someone operating a vehicle likely to be accused of after becoming inebriated?,D,C,D,D,1.0,0.0,1.0,0.0,False,False,False,True,0.0,0.0,0.0,0.0,1.0,0.0,0.0,0.0,0.0,1.0,0.0
384b89e789e0f4b4796120394fb6303b,Where would you get jewelry if you do not have any?,D,B,D,D,0.99999964,0.0,0.9988274,1.9e-07,False,False,False,True,1.8e-07,0.0,0.0,0.0,0.99999964,3.9e-07,2.9e-06,1.9e-07,5e-08,0.9988274,0.00116951
0d66d33a17e41eaa3278ca7b3930c5ea,What is a philosopher waiting for to eventually gain through his studies?,E,D,E,E,1.0,0.0,1.0,1e-08,False,False,False,True,1e-08,0.0,0.0,0.0,0.0,1.0,0.0,0.0,0.0,1e-08,1.0
732183ead4206e51ed4df18b9c9f14fe,What do young boys do on the ice in the winter?,B,E,,B,0.04742522,7e-07,0.99719479,0.00042953,True,False,True,False,0.00042884,1.239e-05,0.04742522,3.7e-07,2e-07,7e-07,0.0011676,0.99719479,1.297e-05,2.746e-05,0.00042953
2632ff6c9b781d3aa74e8dd36b990871,"She loved spending money at the thrift store on knickknacks, this resulted in a lot of what on every shelf in her house?",B,A,B,B,1.0,0.0,0.99999988,1e-08,False,False,False,True,1e-08,0.0,1.0,0.0,0.0,0.0,1e-08,0.99999988,3e-08,7e-08,2e-08
63db79b940f36f0333377f85c19eacb2,"I listened to lecture intensely, what is my goal?",B,C,D,C,0.0,0.0,1e-08,0.9999348,True,True,False,False,0.9999348,0.0,0.0,0.0,0.99992514,7.485e-05,6.5e-07,1e-08,0.9999348,6.14e-06,5.829e-05
1520a8fd3116e7b856947c5e308d7ce5,"If a person is using a computer to talk to their granddaughter, what might the computer cause for them?",C,E,C,E,0.97068721,6.3e-07,0.0,0.9999994,True,True,False,True,0.99999878,0.0,0.02931221,0.97068721,0.0,6.3e-07,7e-08,3.9e-07,0.0,1.1e-07,0.9999994
bd780fea2d4dd262583446e64c0f314d,"Joe was there to meet a large number of people.  As he filed though the entrance hall, he saw many strangers who came from far away.  What sort of building is he probably in?",C,D,C,C,1.0,0.0,0.99999964,7e-08,False,False,False,True,7e-08,0.0,0.0,1.0,0.0,0.0,2e-08,1.1e-07,0.99999964,7e-08,7e-08
99e0b2ddf88ebed98b977043b7c2331b,John wanted scatter his wife's remains in a lake in the wilderness.  He had to delay before of where he lived.  Where did he live?,E,C,D,A,0.00406402,1.3e-07,0.03033297,0.13594295,True,False,True,False,0.13594282,0.00149507,7.85e-06,1.3e-07,0.99443298,0.00406402,0.60925403,0.00033697,0.13594295,0.22413203,0.03033297
eb0e0c4eaf19c1e9b4df3b4d3a11be3d,Many towns and cities have trash cans where on sidewalks?,C,D,B,C,0.18242237,1.2e-07,0.96261309,0.03732456,True,False,True,False,0.03732444,6.45e-06,0.81756032,0.18242237,1.2e-07,3e-08,5.91e-06,5.612e-05,0.96261309,0.03732456,2.3e-07
467a3b464b08b3ffc9922e2a726554f6,"The family wanted to adopt for enviro-ethical reasons, what did they abhor?",B,A,B,A,0.99996328,1.07e-06,2.144e-05,0.99997377,True,True,False,True,0.99997271,1.07e-06,0.99996328,1e-08,2.4e-07,3.536e-05,0.99997377,2.144e-05,1e-08,3e-08,4.78e-06
dea70fe40fac9ad03bf319bf8a480efa,What happens when airplane engines cut off and are unable to be restarted in flight?,D,E,D,E,0.81757403,4.1e-07,0.0229746,0.97690489,True,True,False,False,0.97690447,0.18242542,4e-08,8e-08,0.81757403,4.1e-07,0.00012056,1e-08,0.0,0.0229746,0.97690489
2f1680da0d388a8453150ff3637e4689,Where would you be concerned about finding a cavity?,E,C,C,C,0.0,0.99999821,1e-08,1.0,False,False,False,False,1.79e-06,0.0,0.0,0.99999821,1.76e-06,0.0,0.0,0.0,1.0,0.0,1e-08
8369adc4b4710d00f917d80a75d844d7,Human beings learn about current events from what print item?,C,A,C,C,1.0,0.0,0.99999905,1e-08,False,False,False,True,1e-08,0.0,0.0,1.0,0.0,0.0,1e-08,0.0,0.99999905,1.1e-07,8.3e-07
20a3bb788cf408d9a3e25e610fe60905,In what kind of environment does an anemone live?,D,A,D,D,1.0,0.0,0.99999893,1.07e-06,False,False,False,True,1.07e-06,0.0,0.0,0.0,1.0,0.0,1.07e-06,0.0,0.0,0.99999893,4e-08
36c1f50eec01c287b8ef6ffe69fe0528,"He wanted lodging in the actual what, so that he was already where he needed to be?",B,E,A,E,3.535e-05,4.78e-06,5.23e-06,0.85175709,True,True,False,False,0.8517523,0.99987842,3.535e-05,4.78e-06,7.484e-05,4.78e-06,0.14801319,5.23e-06,1.5e-06,0.00022253,0.85175709
5f4825137a27f369fe859e85dfe1793f,"If I am suffering from boredom, and I want to see something beautiful, what should I do?",A,D,A,A,1.0,0.0,0.9999994,3.9e-07,False,False,False,True,3.9e-07,1.0,0.0,0.0,0.0,0.0,0.9999994,9e-08,0.0,3.9e-07,7e-08
b3dc6d6a5e2f9d7da8eb72816c80b3f8_1,"The goal was to hit the target, but a projectile ball can't hit anything if it isn't in what?",A,C,A,A,1.0,0.0,0.99999988,1e-08,False,False,False,True,1e-08,1.0,1e-08,0.0,0.0,0.0,0.99999988,1e-08,1e-08,7e-08,0.0
63bb6128026ce24209583d0eea75fc27,Where is a good place to set a cup of coffee while relaxing?,D,C,D,D,1.0,0.0,0.99999738,1e-08,False,False,False,True,1e-08,1e-08,0.0,0.0,1.0,1e-08,1.76e-06,2e-08,1e-08,0.99999738,8.3e-07
e8a9142d2402f818273dd62cf5a7b559_1,"If a fried egg was runny and there was no toast to sop it up, after the meal there'd be a messy what?",C,B,C,C,1.0,0.0,1.0,0.0,False,False,False,True,0.0,0.0,0.0,1.0,0.0,0.0,0.0,0.0,1.0,0.0,0.0
ead9c9744aee08678759158efe005175,"If I want to behave with proper aplomb, what manners should I avoid?",A,C,C,C,3e-08,1.0,5e-08,1.0,False,False,False,False,0.0,3e-08,0.0,1.0,0.0,0.0,5e-08,0.0,1.0,0.0,1e-08
ab8bf60f76bc6119459271140ccae781,"Before lifting weights he liked to warm up on the squash court, he really enjoyed the facilities of the what?",D,C,D,C,1.0,0.0,5.829e-05,0.99994171,True,True,False,True,0.99994171,0.0,0.0,0.0,1.0,1e-08,0.0,0.0,0.99994171,5.829e-05,1e-08
3c6e2d95a63316b31986e8c7979582c9,What will happen to animals after eating food?,C,B,B,B,0.0,1.0,0.0,1.0,False,False,False,False,0.0,0.0,1.0,0.0,0.0,0.0,1e-08,1.0,0.0,0.0,0.0
5c171b9837af49211891ce40e4a10204,"If I wanted to grow plants, where could I put a lot of dirt?",D,A,D,D,1.0,0.0,1.0,0.0,False,False,False,True,0.0,0.0,0.0,0.0,1.0,0.0,0.0,0.0,0.0,1.0,0.0
56d0fc282a144565f2c852415c6fa92c,What does a person often feel about someone judging them guilty?,C,A,C,E,1.0,0.0,1e-08,0.0,True,False,True,True,0.0,0.0,0.0,1.0,0.0,4e-08,0.0,0.0,1e-08,0.0,1.0
5b8a3081c3235d62bc77e2d15f3ad454,A town between two mountains is located in a what?,A,D,A,A,1.0,0.0,0.77729558,0.22269893,False,False,False,True,0.22269892,1.0,0.0,0.0,0.0,0.0,0.77729558,6.5e-07,2e-08,0.22269893,4.78e-06
e43c4eaa04243ddee30f29171718eb92,James need to use a toilet but there were no public ones in sight.  Eventually he broke down and did something very expensive so that he could get a toilet.  Where might he have gone?,A,E,A,E,0.9998764,1e-08,0.02297659,0.97698953,True,True,False,True,0.97698953,0.9998764,0.00012339,1e-08,1.1e-07,1e-08,0.02297659,1.271e-05,2e-08,2.095e-05,0.97698953
84a736d4b702a6869d8fa8523aee6f1b,Why did the heavy metal band need electricity at the stadium?,A,B,A,A,1.0,0.0,0.99806707,6.13e-06,False,False,False,True,6.13e-06,1.0,0.0,0.0,3e-08,0.0,0.99806707,6.13e-06,0.0,0.00192672,4e-08
72611791cdcb040f2d699827fb9cebc4,What is a person looking for when completing puzzles or riddles?,C,D,C,C,1.0,0.0,1.0,0.0,False,False,False,True,0.0,0.0,0.0,1.0,0.0,0.0,0.0,0.0,1.0,0.0,0.0
4477fb61fde4bb8695c241dfc366b554,"If someone was making breakfast, they'd probably put two slices of bread in the what?",D,B,D,D,1.0,0.0,1.0,0.0,False,False,False,True,0.0,0.0,0.0,0.0,1.0,0.0,0.0,0.0,0.0,1.0,0.0
ce246bc94a54431b9c0530e71d2456b5,"His house was a mess, he began doing housework to get what?",E,A,D,D,0.0,0.0,1.37e-06,9.61e-05,False,False,False,False,9.61e-05,0.0,0.0,0.0,1.0,0.0,9.61e-05,0.0,0.0,0.9999025,1.37e-06
2eef2d255fe629414f4d24ade8590102,Where would a corpse be covered by a blanket?,C,D,B,D,1.07e-06,0.0,0.0,0.9999994,True,True,False,False,0.9999994,0.0,0.99999893,1.07e-06,0.0,2e-08,5e-08,1.9e-07,0.0,0.9999994,3.1e-07
2f85d53721ccc8b3fa4cfc184186d124,"The man  tried to break the glass in order to make his escape in time, but he could not.  The person in the cat, trying to kill him, did what?",A,D,A,D,0.72516157,0.00230803,3.535e-05,0.99986829,True,True,False,False,0.99756026,0.72516157,0.0048861,0.00084908,0.00230803,0.26677202,3.535e-05,7e-08,5e-08,0.99986829,9.61e-05
2192c5c2145a6e03755ad89a02e64055,"The trucker plopped on the bench with a sense of relief, where did he arrive?",B,E,B,B,1.0,0.0,1.0,5e-08,False,False,False,True,5e-08,0.0,1.0,0.0,0.0,0.0,2e-08,1.0,0.0,4e-08,5e-08
bea07406aaadeef50110883b6932d86a,What is part of a republic like the USA?,A,C,B,C,0.01098683,2e-08,4.528e-05,0.99740252,True,True,False,False,0.99740249,0.01098683,0.98900315,2e-08,1.002e-05,2e-08,4.528e-05,0.00247231,0.99740252,7.466e-05,4.77e-06
7a58e7e7bf76658751e850f790922aba,Where do you keep extra clothing on a hike?,E,B,E,E,1.0,0.0,1.0,0.0,False,False,False,True,0.0,0.0,0.0,0.0,0.0,1.0,0.0,0.0,0.0,0.0,1.0
76b2c6d254f9127b4fd66d90e1a330e7,What could an apple tree do?,B,C,B,B,1.0,0.0,1.0,0.0,False,False,False,True,0.0,0.0,1.0,0.0,0.0,0.0,1e-08,1.0,0.0,0.0,0.0
cdd3d074031fbd3efeb4f9408abef04e,What very cold area in the east can a crab be found?,C,D,C,D,0.9769372,3.454e-05,6e-07,0.9241301,True,True,False,True,0.92409556,0.0051265,7.71e-06,0.9769372,3.454e-05,0.01789323,1.202e-05,4e-08,6e-07,0.9241301,0.07585721
359aed918343d228e67cef329b693904,"The chef wanted to perfect his craft, what did he do?",C,D,C,C,0.99999857,0.0,0.96926829,0.02926937,False,False,False,True,0.02926937,0.0,1.37e-06,0.99999857,0.0,0.0,0.00088386,0.00025323,0.96926829,0.02926937,0.00032515
cf02cca40a47c2deefd8b2e5a5ff2f70,She wanted a kitten and puppy so why did she only get the puppy?,A,C,A,C,1.0,0.0,2.9e-06,0.99999702,True,True,False,True,0.99999702,1.0,1e-08,0.0,0.0,0.0,2.9e-06,3e-08,0.99999702,2e-08,5e-08
ac1abecdbbd7bcde6592ca645c2ecb1e,There was no shade for Jenny.  She was forced to lie there exposed to what?,A,D,A,E,0.9947345,4.516e-05,0.00055269,0.00015835,True,False,True,True,0.00011319,0.9947345,3.9e-07,1e-08,4.516e-05,0.00521989,0.00055269,2e-08,1e-08,0.00015835,0.99928895
2adbb4fc0d5249dc411dda433f378591,What could happen to you after you are cleaning house for a long time?,D,E,D,D,0.99999714,4e-08,0.99999607,3.73e-06,False,False,False,True,3.69e-06,0.0,2.9e-06,0.0,0.99999714,4e-08,0.0,1.9e-07,0.0,0.99999607,3.73e-06
5a1c8a9dbbb60e523cc1ba14a370729c,What is someone doing when scheduling when to go to party?,E,C,E,E,1.0,0.0,1.0,0.0,False,False,False,True,0.0,0.0,0.0,0.0,0.0,1.0,0.0,0.0,0.0,0.0,1.0
3665b329f93f7c84edeabe394140f8d2,What kind of path do comets tend to have?,B,D,E,D,0.18242542,6e-08,2e-08,0.99994135,True,True,False,False,0.9999413,5.3e-07,0.18242542,2e-08,6e-08,0.81757396,3.1e-07,2e-08,0.0,0.99994135,5.829e-05
dbcedaa6a6f1f68bc8f2bf7aef23294e,What do people feel after having sex that requires them to shower?,E,A,B,E,0.43782334,0.0,0.97004447,0.0292928,True,False,True,False,0.0292928,0.0,0.5621763,0.0,3.6e-07,0.43782334,0.0292928,0.00011971,3.8e-07,0.00053652,0.97004447
ba3a2b9ff289c106051163f840a6f5ba,"The vet found malignant tumors on the animals, what is their likely fate?",C,E,A,E,1.9e-07,0.00043055,4e-08,0.6791574,True,True,False,False,0.67872685,0.99955912,2e-08,1.9e-07,1.013e-05,0.00043055,0.32081125,4.4e-07,4e-08,3.083e-05,0.6791574
13fc28f53423a9b3a656c9431df1b3b5,What is the thing that is agitated in your head when kissing?,E,A,A,A,0.0,1.0,2e-08,1.0,False,False,False,False,0.0,1.0,3e-08,0.0,0.0,0.0,1.0,2e-08,0.0,0.0,2e-08
3f4b48708d08f8bf7bec796531023f9c,"Billy was reading the newspaper as he commuted to work, but once he got to his destination he balled it up and put it somewhere. Where did it put it?",A,C,A,C,0.99999833,1e-08,0.07547478,0.91947111,True,True,False,True,0.9194711,0.99999833,8.3e-07,1e-08,1.9e-07,1.4e-07,0.07547478,0.00482494,0.91947111,4.174e-05,0.00018708
c61790eb63ff6652b878ca051493c07d,Where do you keep a pail in your house?,C,B,C,A,0.99999857,1e-08,5.829e-05,1.67e-05,True,False,True,True,1.669e-05,1.37e-06,1e-08,0.99999857,0.0,0.0,0.99992312,1.67e-05,5.829e-05,5e-07,1.37e-06
e5ebbe0ea4097bb197ac525b49108362,what is printed with ink and distributed daily?,C,E,,E,0.43326891,0.01018951,0.00055277,0.99942943,True,True,False,False,0.98923992,8.2e-06,2.526e-05,0.43326891,8.816e-05,0.01018951,3e-08,8e-08,0.00055277,1.669e-05,0.99942943
029e36d8f65982b142c319064dc5e32f,What are people likely to do when an unexpected decent outcome occurs?,B,D,B,E,0.99973876,0.0,2.4e-07,0.0,True,False,True,True,0.0,0.0,0.99973876,0.0,0.0,0.00026119,0.0,2.4e-07,0.0,0.0,0.99999976
3d1a67f87b34303f97549ba83e5521c2,"The terrace had Kanji written on it, indicating that it was made where?",A,B,A,A,1.0,0.0,0.99908876,0.00091105,False,False,False,True,0.00091105,1.0,0.0,0.0,0.0,0.0,0.99908876,0.00091105,0.0,2e-08,2.4e-07
e050bce7048da1b3743a54153e91694e,"The company sent off many purchases, they used recycled cardboard as their what?",A,E,A,A,1.0,0.0,0.99999583,8.3e-07,False,False,False,True,8.3e-07,1.0,0.0,0.0,0.0,0.0,0.99999583,1.07e-06,1e-08,2.26e-06,8.3e-07
8233ccb60dd0c0ff3b7ca5d73e5681f2,Why might a person be known as a liar?,B,A,B,A,0.9992899,5e-07,1.1e-07,0.99999368,True,True,False,True,0.99999318,5e-07,0.9992899,0.0,1e-08,0.00070967,0.99999368,1.1e-07,0.0,0.0,6.14e-06
eb4b2cd0f2a69686e5a82250c5806b84,"The child was politely waiting for dessert, he was eventually rewarded for his what?",E,C,E,E,1.0,0.0,1.0,0.0,False,False,False,True,0.0,0.0,0.0,0.0,0.0,1.0,0.0,0.0,0.0,0.0,1.0
d0bda97a087904320216e4d0b8a08a8d,"The man was giving assistance to a pan handler in the streets, how did he give assistance?",D,A,E,A,5e-07,5e-07,0.0,0.99999952,True,True,False,False,0.99999902,5e-07,0.0,0.0,5e-07,0.99999905,0.99999952,0.0,0.0,0.0,5e-07
e216381e9f0ddd1d248ee25fccca2b1f,What do you call the caretakers of a child?,E,D,E,E,1.0,0.0,0.99999988,7e-08,False,False,False,True,7e-08,0.0,0.0,0.0,0.0,1.0,0.0,0.0,0.0,7e-08,0.99999988
b1fba9ad6193c6751ddb3f58f7f39b35,Where would you run in to a niece you only see every one and a while?,A,D,A,D,0.99329362,6.4e-07,7.89e-06,0.99986865,True,True,False,True,0.99986801,0.99329362,0.00669276,1.4e-07,6.4e-07,1.292e-05,7.89e-06,1e-08,1.4e-07,0.99986865,0.00012339
3ceae7a18073050bd2c0448abef1f393,"Working on the elaborate task was taxing, it require extreme what?",B,D,B,D,0.99999774,0.0,1.71e-06,0.97068272,True,True,False,True,0.97068272,0.0,0.99999774,4e-08,0.0,2.26e-06,1.04e-06,1.71e-06,2.19e-06,0.97068272,0.02931208
f1182e3a070f5a1be529843aa6e5c20c,What may you have after awaking after a night of heavy drinking?,D,E,D,D,0.99999988,1.4e-07,0.93991164,0.06008653,False,False,False,True,0.06008639,0.0,0.0,0.0,0.99999988,1.4e-07,1.65e-06,8e-08,5e-08,0.93991164,0.06008653
5799089c131e26473697afc54d5f6964,What uses a ribbon to put words on paper?,E,C,E,E,1.0,0.0,1.0,0.0,False,False,False,True,0.0,0.0,0.0,0.0,0.0,1.0,0.0,0.0,0.0,0.0,1.0
7ce1f99e8185489a7113e6d18c71abb0,Where are sheep likely to live?,D,A,D,D,0.99999988,0.0,0.99999988,2e-08,False,False,False,True,2e-08,0.0,9e-08,0.0,0.99999988,0.0,2e-08,1e-08,0.0,0.99999988,1.1e-07
69425fb4cd2dc034e9ff223d2d5676ec,"If I was watching TV on the couch and the air was stuffy, I might turn the fan on to make the what more comfortable?",B,C,B,E,0.99999988,0.0,1.301e-05,0.0,True,False,True,True,0.0,0.0,0.99999988,0.0,0.0,9e-08,3e-08,1.301e-05,0.0,3e-08,0.99998689
f75b22d5b88ac56ae7df030c1ebeded5,"While walking the student needed to store his writing insturment away, where did he put it?",E,D,E,D,0.50644444,0.1863105,0.00012339,0.99985518,True,True,False,False,0.81354468,0.30717408,8.46e-06,6.25e-05,0.1863105,0.50644444,2.144e-05,1e-08,2e-08,0.99985518,0.00012339
4eb3e69c0d42a2287692d2b9d2cb5979,Who watches a play in an auditorium?,B,A,B,B,0.99999917,2.4e-07,0.96167298,0.03728811,False,False,False,True,0.03728787,2.4e-07,0.99999917,2.4e-07,1.1e-07,1.9e-07,0.03728811,0.96167298,0.00041423,0.00053189,9.243e-05
7d937233b4a9043da0b976dbd42d141b,What is a possible outcome for committing murder?,D,C,B,C,3.526e-05,2.89e-06,7.3e-07,0.99940752,True,True,False,False,0.99940463,0.00090926,0.9971277,2.89e-06,3.526e-05,0.00192491,0.00015837,0.00043049,0.99940752,7.3e-07,2.9e-06
6bd176cc91a2a2088807ec446c008856,where is a good place to obtain new soap?,A,C,A,A,1.0,0.0,0.99999893,0.0,False,False,False,True,0.0,1.0,0.0,0.0,0.0,0.0,0.99999893,2e-08,0.0,1.07e-06,2e-08
c3890d43b84635d9e61c007ca2521d5b,What do people do for food?,D,A,D,A,0.99999893,8.3e-07,3e-08,0.99999988,True,True,False,True,0.99999905,8.3e-07,0.0,0.0,0.99999893,2.4e-07,0.99999988,0.0,0.0,3e-08,1.1e-07
6195ed74cf445cb5d991e1076a080dde,There was many a bottle to choose from behind the cashier where?,D,E,D,D,1.0,0.0,0.99999881,3.1e-07,False,False,False,True,3.1e-07,1e-08,0.0,0.0,1.0,0.0,8.3e-07,2e-08,0.0,0.99999881,3.1e-07
37644422df4bcd28b3f54bbf3fc2c0f8,"They had to know where to go, they got on the national highway after consulting the what?",B,D,B,E,0.9999938,0.0,0.22268427,1.298e-05,True,False,True,True,1.298e-05,0.0,0.9999938,0.0,0.0,6.14e-06,5.818e-05,0.22268427,8e-08,1.298e-05,0.7772445
23d97480fe45bace231503f8fc367a5b,What do professors primarily do?,E,D,D,E,0.00669285,0.99330715,0.81756479,0.18242337,True,False,True,False,-0.81088378,2e-08,0.0,0.0,0.99330715,0.00669285,5.69e-06,2.5e-07,2.2e-07,0.18242337,0.81756479
15556e26feaa5a8a29c9f30896e535d4,Where do you throw a ball at pins?,A,B,A,A,0.999089,0.00091105,0.99999774,2.26e-06,False,False,False,True,-0.00090879,0.999089,0.00091105,0.0,0.0,0.0,0.99999774,2.26e-06,0.0,1e-08,0.0
6be05d227f4f6fe727218fc8be9df340,What might you need to do cleaning?,E,B,E,E,1.0,0.0,0.99997473,7.89e-06,False,False,False,True,7.89e-06,0.0,0.0,0.0,0.0,1.0,1.67e-05,7.89e-06,1e-08,6.5e-07,0.99997473
3f3ba1d9a3bfe63df11247a968eaddce,If i were to spit a lot without noticing i may have extra what?,B,A,A,A,1.9e-07,0.99999833,0.0,1.0,False,False,False,False,1.67e-06,0.99999833,1.9e-07,1e-08,9e-08,1.07e-06,1.0,0.0,0.0,0.0,0.0
ca9a3ccfb140aa66816f96ac983b6d9f_1,"If student got a list of supplies from class like paper and pencils, their parent would have to go where?",C,A,C,C,1.0,0.0,1.0,0.0,False,False,False,True,0.0,0.0,0.0,1.0,0.0,0.0,0.0,0.0,1.0,0.0,0.0
487cabfcd776d89748ee7e7bb681ad59,Why do young people swallow semen ?,C,D,A,D,0.00087187,0.00184575,0.0,0.99999881,True,True,False,False,0.99815306,0.95612341,0.03707293,0.00087187,0.00184575,0.00390746,1.07e-06,0.0,0.0,0.99999881,1.4e-07
6915dfdefe3b1cd5fd8886c8bb84929a,"Sally was standing in queue.  The line was very, very slow.  What was she feeling?",A,E,A,A,1.0,0.0,0.9999907,7.89e-06,False,False,False,True,7.89e-06,1.0,0.0,0.0,0.0,0.0,0.9999907,1.07e-06,0.0,1.9e-07,7.89e-06
ec224c1dbfb569cce7ec317fe987ae68,What is the animal trying to accomplish?,B,A,E,A,0.01086646,0.00513295,0.0,1.0,True,True,False,False,0.99486705,0.00513295,0.01086646,0.00513295,0.00069467,0.97816773,1.0,0.0,0.0,0.0,0.0
0cba8ddda21e29c8c53482e131d741cd,"James and Holly went dancing together. As they danced, he  pressed himself against her what?",B,A,B,B,1.0,0.0,0.99994767,3.73e-06,False,False,False,True,3.73e-06,0.0,1.0,0.0,0.0,1e-08,3.73e-06,0.99994767,1.9e-07,3.536e-05,1.301e-05
e65559cd9f5d96b577caeb78d9033502,"If a house has a subscription, what likely shows up in the driveway every morning?",B,C,B,B,1.0,0.0,0.99999988,0.0,False,False,False,True,0.0,0.0,1.0,0.0,0.0,0.0,1e-08,0.99999988,0.0,0.0,1.1e-07
b8937a30f25093910c040f4e63e1d352,What does a person do when they feel dirty?,C,B,C,C,1.0,0.0,1.0,0.0,False,False,False,True,0.0,0.0,0.0,1.0,0.0,0.0,0.0,0.0,1.0,0.0,0.0
aabe8eb218468fc63b6c9aa6d428c951,"After the weight cut he was worried about his energy levels, but this was part of participating in a what?",B,E,B,B,0.99999917,8.3e-07,0.99999809,1.76e-06,False,False,False,True,9.3e-07,0.0,0.99999917,1e-08,0.0,8.3e-07,9e-08,0.99999809,2e-08,2e-08,1.76e-06
43ba9669564217f2f909f33acbedaf95,what does a person do to stay healthy?,B,E,B,B,1.0,3e-08,0.88067295,0.11918612,False,False,False,True,0.11918609,0.0,1.0,0.0,0.0,3e-08,0.00013955,0.88067295,5e-08,1.21e-06,0.11918612
2b9b625c788584b8d41f1a74d740e126,Who is the guard here for?,D,C,D,D,0.99999976,0.0,0.9999938,6.14e-06,False,False,False,True,6.14e-06,5e-08,0.0,0.0,0.99999976,2.4e-07,1e-08,0.0,6.14e-06,0.9999938,4e-08
eb6807290df71b040e2c7bcc5d11fdea,"If a person stutters when he experiences anxiety or excitement, he'll have difficult doing what?",A,E,A,A,0.99999988,1e-08,0.62245388,0.37753736,False,False,False,True,0.37753735,0.99999988,7e-08,0.0,0.0,1e-08,0.62245388,3.82e-06,2e-08,4.91e-06,0.37753736
f06852fb4bb2764dc208a991d037f211,Where can you keep letter opener when it likely to be needed soon?,C,B,D,B,0.00025944,1.1e-07,1e-07,0.92410617,True,True,False,False,0.92410606,1.006e-05,1.1e-07,0.00025944,0.99303928,0.00669105,3.267e-05,0.92410617,1e-07,5.68e-06,0.07585526
5efadabaf61b5174916e3ab659bcd283,"Danny found that the carpet did not ,match the drapes, which was disappointing, because this place was expensive.  But it was the only place in town that wasn't booked solid for the week and he needed it while he was in town, so he couldn't complain.   Where might this place be?",E,D,E,E,1.0,0.0,1.0,3e-08,False,False,False,True,2e-08,0.0,0.0,0.0,0.0,1.0,0.0,0.0,0.0,3e-08,1.0
e9d4c747018ff81b8c0aefb5abc3c539,What do people need to do to change their lives?,A,B,B,B,7e-08,0.99999988,3.9e-07,0.99999952,False,False,False,False,-3.6e-07,7e-08,0.99999988,0.0,0.0,0.0,3.9e-07,0.99999952,0.0,0.0,7e-08
30a8cfd186f1aae5acd425a52d058863,Humans need shelter to survive.  They usually find shelter where?,B,E,B,E,1.0,0.0,0.14801405,0.8517621,True,True,False,True,0.8517621,0.0,1.0,0.0,0.0,0.0,0.00022253,0.14801405,1e-07,1.17e-06,0.8517621
9e7805871c8a276300a89fe910a90949,Someone who had a very bad flight might be given a trip in this to make up for it?,A,E,A,A,0.99995101,3.9e-07,0.991623,0.00520356,False,False,False,True,0.00520317,0.99995101,1.37e-06,1e-08,1.76e-06,3.9e-07,0.991623,1.656e-05,2.1e-07,0.00315612,0.00520356
047c2d8c65d297b39aa42821c1ca76a9,"Nature can be good and bad for the person who walks, what are some things?",B,D,B,D,0.96029225,7.58e-06,1e-08,0.99979548,True,True,False,True,0.9997879,0.02899831,0.96029225,0.01066788,7.58e-06,3.395e-05,0.00020343,1e-08,1e-08,0.99979548,1.07e-06
0bed77da54b6c54facd0ee6614aad72e,Jim decided to lose weight.  He thought that exercise is the best way to lose weight because you can't get rid of what?,A,B,A,B,1.0,4e-08,2.4e-07,0.9999975,True,True,False,True,0.99999746,1.0,4e-08,0.0,0.0,5e-08,2.4e-07,0.9999975,0.0,0.0,2.26e-06
32e2adee67aace0a98c830fb39463015,Nature creates more beautiful structures than those that are what?,D,C,A,C,3.9e-07,0.0,0.00154055,0.62150022,True,True,False,False,0.62150022,0.99999964,0.0,0.0,3.9e-07,0.0,0.37695894,3.1e-07,0.62150022,0.00154055,3e-08
8272f08792b873885f93d4c148e307e5,The water in clouds turn in to what when it gets cold?,B,C,B,B,1.0,0.0,1.0,0.0,False,False,False,True,0.0,0.0,1.0,0.0,0.0,0.0,1e-08,1.0,0.0,0.0,4e-08
bc05bc6b4df7a3d25a361515fe8912ad,What southern U.S. state is know for having many swamps?,D,E,D,D,1.0,0.0,0.99999964,3.1e-07,False,False,False,True,3.1e-07,0.0,0.0,0.0,1.0,0.0,0.0,0.0,0.0,0.99999964,3.1e-07
b893a6e7a2b172bd71f03c9dbee4f960,When going to sleep what happens to your body?,D,E,D,E,0.99999988,9e-08,0.0,1.0,True,True,False,True,0.99999991,0.0,0.0,0.0,0.99999988,9e-08,0.0,0.0,0.0,0.0,1.0
cf8e30dd6956d03e3f0f0397112a8696,Where is a monkey likely to enjoy being?,A,C,A,C,0.99999917,0.0,4.79e-06,0.99999464,True,True,False,True,0.99999464,0.99999917,8.3e-07,0.0,0.0,0.0,4.79e-06,7e-08,0.99999464,1e-08,5e-07
159d50e325b59c6d29ec371500e173b4,What is a form of anaerobic exercising?,E,C,E,E,1.0,0.0,0.96262921,0.03732519,False,False,False,True,0.03732519,0.0,1e-08,0.0,0.0,1.0,4.37e-05,1.6e-07,0.03732519,1.69e-06,0.96262921
17eafc807b198236faf06a66f4c05313,The earth is one planet in what?,C,A,C,C,1.0,0.0,1.0,0.0,False,False,False,True,0.0,0.0,0.0,1.0,0.0,0.0,0.0,0.0,1.0,0.0,0.0
24eebfa678112100803da16dde148b2d,Where would you put a container can after you buy it?,E,C,A,A,0.0,0.0,7.466e-05,0.00247236,False,False,False,False,0.00247236,1.0,0.0,0.0,0.0,0.0,0.99742256,2.89e-06,0.00247236,2.139e-05,7.466e-05
ec882fc3a9bfaeae2a26fe31c2ef2c07,Where did you meet your best friend since Kindergarten?,B,D,B,D,0.99752694,1.4e-07,3.8e-07,0.97049574,True,True,False,True,0.97049559,0.00247262,0.99752694,2e-08,1.4e-07,3.9e-07,0.00019747,3.8e-07,0.0,0.97049574,0.02930643
0a006d16d9042e0c170935e5fbf7f9af,James was below the balloon.  He watched it rise.  What direction did he look in?,E,A,B,E,1.37e-06,0.0,0.62244473,2.201e-05,True,False,True,False,2.201e-05,0.0,0.99999857,0.0,0.0,1.37e-06,2.201e-05,0.3775318,0.0,1.41e-06,0.62244473
d33a81660058e570a18fb2eafa284a78,John and Tim like playing. It makes them what?,A,E,A,E,0.99998331,1.67e-05,2.9e-06,0.99999702,True,True,False,True,0.99998032,0.99998331,4e-08,0.0,1e-08,1.67e-05,2.9e-06,0.0,0.0,3e-08,0.99999702
1e09c3136a743b862e783700b7667028,What could happen if someone is seeing new presents at a birthday party?,E,C,E,E,1.0,0.0,1.0,0.0,False,False,False,True,-0.0,0.0,0.0,0.0,0.0,1.0,0.0,0.0,0.0,0.0,1.0
5e851c47682bdf79ec7c139ecf124c9a,"Joe's cat smelled something delicious and jumped into this, causing him to panic and fear for its life. Where might it have jumped?",C,B,D,B,0.00055118,0.00042926,2.129e-05,0.99284195,True,True,False,False,0.99241269,3.9e-07,0.00042926,0.00055118,0.9965488,0.0024702,0.0011625,0.99284195,2.129e-05,0.00405752,0.00191664
b148f18fb8b5a504b67078ef6ac29717,Why would a person put flowers in a room with dirty gym socks?,D,A,D,D,1.0,0.0,1.0,0.0,False,False,False,True,0.0,0.0,0.0,0.0,1.0,0.0,0.0,0.0,0.0,1.0,0.0
b6bbe013995fdb5def3d504319af0791,The table wasn't level.  some parts were higher and some were lower with no rhyme or reason.   It was very what?,C,E,C,E,1.0,0.0,0.0,1.0,True,True,False,True,1.0,0.0,0.0,1.0,0.0,0.0,0.0,0.0,0.0,2e-08,1.0
