id,question,correct_answer,target_option,initial_prediction,attacked_prediction,initial_correct_prob,initial_target_prob,attacked_correct_prob,attacked_target_prob,changed,flipped_to_target,flipped_to_other,eligible,target_probability_lift,initial_A_prob,initial_B_prob,initial_C_prob,initial_D_prob,initial_E_prob,attacked_A_prob,attacked_B_prob,attacked_C_prob,attacked_D_prob,attacked_E_prob
1afa02df02c908a558b4036e80242fac,"A revolving door is convenient for two direction travel, but it also serves as a security measure at a what?",A,B,D,D,1.4e-07,1e-08,2.754e-05,2.4e-07,False,False,False,False,2.3e-07,1.4e-07,1e-08,0.0,0.99956936,0.00043056,2.754e-05,2.4e-07,0.0,0.99995923,1.301e-05
a7ab086045575bb497933726e4e6ad28,What do people aim to do at work?,A,B,A,B,0.99999774,2.26e-06,8.3e-07,0.9999963,True,True,False,True,0.99999404,0.99999774,2.26e-06,2e-08,0.0,0.0,8.3e-07,0.9999963,0.0,0.0,2.9e-06
b8c0a4703079cf661d7261a60a1bcbff,Where would you find magazines along side many other printed works?,B,D,B,D,1.0,0.0,5e-08,0.99999964,True,True,False,True,0.99999964,0.0,1.0,0.0,0.0,0.0,5e-08,5e-08,0.0,0.99999964,2.4e-07
e68fb2448fd74e402aae9982aa76e527,Where are  you likely to find a hamburger?,A,C,A,A,1.0,0.0,0.99995446,4.54e-05,False,False,False,True,4.54e-05,1.0,0.0,0.0,0.0,0.0,0.99995446,1.1e-07,4.54e-05,1e-08,1e-08
2435de612dd69f2012b9e40d6af4ce38,James was looking for a good place to buy farmland.  Where might he look?,A,C,D,C,0.00316485,8.3e-07,0.10588056,0.47452373,True,True,False,False,0.47452291,0.00316485,3.71e-06,8.3e-07,0.99436591,0.00246479,0.10588056,2.154e-05,0.47452373,0.05001444,0.36955946
a4892551cb4beb279653ae52d0de4c89,What island country is ferret popular?,C,B,C,B,0.99992502,3.73e-06,0.04549336,0.91375858,True,True,False,True,0.91375485,3.535e-05,3.73e-06,0.99992502,3.1e-07,3.535e-05,0.02759312,0.91375858,0.04549336,0.00011277,0.01303406
118a9093a30695622363455e4d911866,In what Spanish speaking North American country can you get a great cup of coffee?,B,A,,A,0.34234889,0.34234889,3e-08,0.99999857,True,True,False,False,0.65764968,0.34234889,0.34234889,0.00108962,0.0012347,0.04633188,0.99999857,3e-08,4e-08,4e-08,1.37e-06
05ea49b82e8ec519e82d6633936ab8bf,What do animals do when an enemy is approaching?,D,A,D,A,0.88079668,4.4e-07,4.78e-06,0.99989916,True,True,False,False,0.99989871,4.4e-07,1e-08,1e-08,0.88079668,0.11920286,0.99989916,0.0,0.0,4.78e-06,9.61e-05
c0c07ce781653b2a2c01871ba2bcba93,Reading newspaper one of many ways to practice your what?,A,E,A,A,0.99999976,1e-08,0.56212785,0.43778561,False,False,False,True,0.4377856,0.99999976,1e-08,0.0,0.0,1e-08,0.56212785,2.252e-05,4.7e-07,5.403e-05,0.43778561
1d24f406b6828492040b405d3f35119c,What do people typically do while playing guitar?,C,A,E,E,0.0,0.0,0.0,0.0,False,False,False,False,0.0,0.0,0.0,0.0,0.0,1.0,0.0,0.0,0.0,0.0,1.0
57f92025d860e32c4e780c0d51c1c20c,What would vinyl be an odd thing to replace?,E,A,B,A,2e-08,5e-08,0.01356934,0.95128424,True,True,False,False,0.95128418,5e-08,1.0,0.0,0.0,2e-08,0.95128424,0.02872629,9.64e-06,0.0064097,0.01356934
81eb4b2ee66edd8bc91ee944697c4e9f,"If you want harmony, what is something you should try to do with the world?",D,A,D,D,1.0,0.0,1.0,0.0,False,False,False,True,0.0,0.0,0.0,0.0,1.0,0.0,0.0,0.0,0.0,1.0,0.0
d807e7ae60976324920c8d29eb42dad6,Where does a heifer's master live?,A,C,A,C,0.99999475,0.0,0.0001582,0.99834039,True,True,False,True,0.99834038,0.99999475,1.1e-07,0.0,2.4e-07,1.07e-06,0.0001582,3.1e-07,0.99834039,1.1e-07,0.00150094
7ea9f721ffc662918bb0c0937a487f04,Aside from water and nourishment what does your dog need?,D,B,D,D,0.9999994,0.0,0.99998319,7e-08,False,False,False,True,7e-08,0.0,0.0,0.0,0.9999994,6.5e-07,3e-08,7e-08,0.0,0.99998319,1.67e-05
fc1d33a2301a30214523c12573f81aba,Janet was watching the film because she liked what?,C,A,C,E,0.9999634,7e-08,0.17774465,0.17774465,True,False,True,True,0.17774458,7e-08,1.07e-06,0.9999634,0.0,3.536e-05,0.17774465,0.02405512,0.17774465,5.963e-05,0.62038979
3b8e1d236f5169b6c833a994d6d9c39a,What are you waiting alongside with when you're in a reception area?,D,B,D,B,0.93928429,2.9e-07,5e-07,0.99999309,True,True,False,False,0.9999928,2.9e-07,2.9e-07,0.06004644,0.93928429,0.00066706,6.14e-06,0.99999309,2.4e-07,5e-07,0.0
c5c4166f2ed3c2b3517b79e6848e9ae2,When drinking booze what can you do to stay busy?,D,E,E,E,8.9e-07,0.83521666,0.0,1.0,False,False,False,False,0.16478334,0.1451389,0.01964241,1.15e-06,8.9e-07,0.83521666,0.0,0.0,0.0,0.0,1.0
6dc5b2884737e66543ce65f8dc40c992,A fencing thrust with a sharp sword towards a person would result in what?,E,B,E,E,0.9999994,0.0,0.99979619,3.9e-07,False,False,False,True,3.9e-07,6.5e-07,0.0,0.0,0.0,0.9999994,0.00020343,3.9e-07,0.0,0.0,0.99979619
8af63d58cc35061dec38e5448c325988,"Unlike a spider and his many sight seers, people only have what?",E,D,B,D,0.01797842,7.74e-06,3.536e-05,0.9999646,True,True,False,False,0.99995685,2.85e-06,0.98158825,0.00042281,7.74e-06,0.01797842,1e-08,0.0,0.0,0.9999646,3.536e-05
768fb09deab56046e1565b6a2556ad5c,Where do adults use glue sticks?,D,C,D,A,0.99806659,6.13e-06,0.07251747,0.04398407,True,False,True,True,0.04397793,0.00192672,7e-08,6.13e-06,0.99806659,5e-07,0.8834436,1.476e-05,0.04398407,0.07251747,4.011e-05
cd639cf3ff82f825ace7dd2b087562bd,What could go on top of wood?,D,A,C,A,0.2226727,5.818e-05,7e-08,0.99999988,True,True,False,False,0.99994171,5.818e-05,2.26e-06,0.77720411,0.2226727,3.529e-05,0.99999988,1e-08,1e-08,7e-08,0.0
8d79cc5e4eea11f50fab18fdea20fd4f,"The artist was sitting quietly pondering, then suddenly he began to paint when what struck him?",C,B,C,C,1.0,0.0,1.0,0.0,False,False,False,True,0.0,0.0,0.0,1.0,0.0,0.0,0.0,0.0,1.0,0.0,0.0
e5ad2184e37ae88b2bf46bf6bc0ed2f4,"Though the thin film seemed fragile, for it's intended purpose it was actually nearly what?",D,E,D,E,0.9997384,2e-08,0.22267875,0.77722521,True,True,False,True,0.77722519,0.00026119,3.9e-07,1e-08,0.9997384,2e-08,9.592e-05,1.1e-07,0.0,0.22267875,0.77722521
b8b287b6277fccd4b7c9c72577177328,Where could you find a toilet that only friends can use?,D,C,D,C,0.98593024,3e-08,0.00015843,0.99980025,True,True,False,True,0.99980021,6.06e-06,1.1e-07,3e-08,0.98593024,0.01406354,2.753e-05,8.3e-07,0.99980025,0.00015843,1.3e-05
f646f3e064f06423fc25b98500796cf0,"What is someone who isn't clever, bright, or competent called?",E,C,C,C,0.0,0.99999964,1e-08,1.0,False,False,False,False,3.6e-07,0.0,0.0,0.99999964,3.1e-07,0.0,0.0,0.0,1.0,0.0,1e-08
b0f7d7978ac41c465108a92660d70e84,When wildlife reproduce we often refer to what comes out as what?,D,B,D,D,1.0,0.0,1.0,0.0,False,False,False,True,0.0,0.0,0.0,0.0,1.0,0.0,0.0,0.0,0.0,1.0,0.0
54075de8b8b89ecef2e4eb4eaee2713d,"The weasel was becoming a problem, it kept getting into the chicken eggs kept in the what?",B,C,B,B,1.0,0.0,0.99999094,0.0,False,False,False,True,0.0,0.0,1.0,0.0,0.0,0.0,7.89e-06,0.99999094,0.0,6.5e-07,6.5e-07
65435b996ce9d1685bebb74b49c1ba7f,Blue read material outside of his comfort zone because he wanted to gain what?,A,D,A,D,0.99999964,0.0,0.26884159,0.73078718,True,True,False,True,0.73078718,0.99999964,3.9e-07,1e-08,0.0,2e-08,0.26884159,5.47e-05,1.65e-06,0.73078718,0.00031478
9889e5389917d812c09d6e5d382d333d,After he got hired he hoped for success at his what?,B,A,B,B,0.99998319,1.67e-05,0.9980698,0.00192673,False,False,False,True,0.00191003,1.67e-05,0.99998319,1e-08,1e-08,7e-08,0.00192673,0.9980698,1.6e-07,3.9e-07,2.9e-06
a651ffa44ac5febf0aede6748899b981,Committing perjury is a serious what?,B,A,B,B,1.0,0.0,1.0,0.0,False,False,False,True,0.0,0.0,1.0,0.0,0.0,0.0,0.0,1.0,0.0,0.0,3e-08
bdcfbe2132295d437e4c5701085f19c0,If you are prone to postpone work what will you have to do in order to finish on time?,B,E,D,E,9.61e-05,5e-08,0.0,0.99999988,True,True,False,False,0.99999983,3e-08,9.61e-05,0.0,0.99990393,5e-08,1e-08,0.0,0.0,5e-08,0.99999988
8d3dc21a53523850ec80771daaa5ff20,James wanted to find an old underground map from the 50s.  Where might he look for one?,A,B,A,A,0.99999535,5e-08,0.99999928,5e-07,False,False,False,True,4.5e-07,0.99999535,5e-08,1.76e-06,0.0,2.9e-06,0.99999928,5e-07,1.9e-07,0.0,4e-08
a80ee7775e934c423012fe98e20ba28b,"Sean was in a rush to get home, but the light turned yellow and he was forced to do what?",E,C,E,E,1.0,0.0,1.0,0.0,False,False,False,True,0.0,0.0,0.0,0.0,0.0,1.0,0.0,0.0,0.0,0.0,1.0
48a315cfa3ce11f7a9d615bc854331d5,Where would a person be doing when having to wait their turn?,D,C,D,D,0.99999988,0.0,0.99990726,7e-08,False,False,False,True,7e-08,4e-08,5e-08,0.0,0.99999988,1e-08,7.484e-05,1.301e-05,7e-08,0.99990726,4.78e-06
4acd496cc78d96c2431279a5fd87de7c,"She was always helping at the senior center, it brought her what?",E,C,E,E,0.90465051,0.0,0.99987663,0.0,False,False,False,False,0.0,0.09534946,1e-08,0.0,2e-08,0.90465051,0.00012339,1e-08,0.0,0.0,0.99987663
91e0f4ab62c9d2fd440d73a3f5308d96,"The lock kept the steering wheel from moving, but the thief still took his chances and began to work on the what?",C,A,C,C,1.0,0.0,1.0,0.0,False,False,False,True,0.0,0.0,0.0,1.0,0.0,0.0,0.0,0.0,1.0,0.0,0.0
b61e849e44db16a581f0b65e28ab95dc,Who is a police officer likely to work for?,C,E,C,C,1.0,0.0,0.99999976,9e-08,False,False,False,True,9e-08,0.0,0.0,1.0,0.0,0.0,7e-08,0.0,0.99999976,0.0,9e-08
ba6bd1bdef02d0ebfe5370f92365ae18,"If you have leftover cake, where would you put it?",B,A,B,B,1.0,0.0,0.99999917,4e-08,False,False,False,True,4e-08,0.0,1.0,0.0,0.0,0.0,4e-08,0.99999917,1e-08,4e-08,8.3e-07
dc55d473c22b04877b11d584f9548194,"A human wants to submerge himself in water, what should he use?",A,E,A,E,0.99999964,3.1e-07,3.9e-07,0.99999964,True,True,False,True,0.99999934,0.99999964,0.0,0.0,1e-08,3.1e-07,3.9e-07,0.0,0.0,1e-08,0.99999964
113aaea2b1a27a976547f54e531d99bb,Where is a doormat likely to be in front of?,B,A,B,B,0.99927514,0.00015835,0.99655306,0.0019238,False,False,False,True,0.00176545,0.00015835,0.99927514,3.72e-06,0.00055268,1.012e-05,0.0019238,0.99655306,2.89e-06,0.00149826,2.137e-05
ba640b9634ad6b4ad98b17b4f152e562,Bob the lizard lives in a warm place with lots of water.  Where does he probably live?,B,D,B,D,1.0,0.0,1.1e-07,0.99999189,True,True,False,True,0.99999189,0.0,1.0,0.0,0.0,3e-08,7e-08,1.1e-07,0.0,0.99999189,7.89e-06
750ebdf36a0b3b407be0fe2163e3700b,August needed  money because he was afraid that he'd be kicked out of his house.  What did he need money to do?,B,D,B,D,1.0,0.0,6.5e-07,0.99999917,True,True,False,True,0.99999916,0.0,1.0,0.0,0.0,0.0,1.9e-07,6.5e-07,0.0,0.99999917,3e-08
8f01273422a370a8dbda6bf473a395a0,"He needed more information to fix it, so he consulted the what?",E,B,E,E,1.0,0.0,1.0,0.0,False,False,False,True,0.0,0.0,0.0,0.0,0.0,1.0,0.0,0.0,0.0,0.0,1.0
e6586bba9fe96d38792e6e6d4f2703dc,Where can you put a picture frame when it's not hung vertically?,E,A,B,B,1e-08,0.0,0.00015843,3.9e-07,False,False,False,False,3.9e-07,0.0,1.0,0.0,2e-08,1e-08,3.9e-07,0.99981919,6.5e-07,2.144e-05,0.00015843
6e433471d0e2590b8c73ceef275022b1,James knew that he shouldn't have been buying beer for minors.  He didn't even get paid for it.  Why was this bad?,D,A,D,D,1.0,0.0,1.0,0.0,False,False,False,True,-0.0,0.0,0.0,0.0,1.0,0.0,0.0,0.0,0.0,1.0,0.0
1bc986f8aea88d6927d8a45367855a94,What is the result of applying for  job?,E,B,E,E,0.99929026,1e-08,0.96266368,0.03732652,False,False,False,True,0.03732652,5e-08,1e-08,0.00070967,0.0,0.99929026,7.59e-06,0.03732652,2.18e-06,1e-08,0.96266368
8d1563697d751a364d688d6701ebdb39,What must someone do before they shop?,A,D,B,D,7.89e-06,1e-08,7.485e-05,0.99992204,True,True,False,False,0.99992204,7.89e-06,0.99999213,0.0,1e-08,3e-08,7.485e-05,8.3e-07,0.0,0.99992204,2.26e-06
91f512273a2da7ae796919069b20d6cf,"Because John was first violin, he had to bring something important to work ever day. What did he need to bring to work?",E,A,E,E,1.0,0.0,0.99999988,1.4e-07,False,False,False,True,1.4e-07,0.0,0.0,0.0,0.0,1.0,1.4e-07,0.0,0.0,0.0,0.99999988
49cda7eedbf63b3f38e59ba72f1ee1f9,What is a place that usually does not have an elevator and that sometimes has a telephone book?,E,B,C,C,3.73e-06,2e-08,0.0011691,1.011e-05,False,False,False,False,1.01e-05,0.0,2e-08,0.99999523,1.07e-06,3.73e-06,4.78e-06,1.011e-05,0.99848108,0.00033495,0.0011691
a588407ecaecf0f30c2241c30b470fe2,Who is likely to be excited about a crab?,C,A,B,A,0.03601431,0.12570229,0.0,1.0,True,True,False,False,0.87429771,0.12570229,0.72336675,0.03601431,0.01701196,0.09789704,1.0,0.0,0.0,0.0,0.0
011096bcfff30fd38046cf9db3a411c5,Where can a human find clothes that aren't pants?,C,E,C,C,1.0,0.0,0.99999976,2e-08,False,False,False,True,2e-08,0.0,0.0,1.0,0.0,0.0,1.9e-07,9e-08,0.99999976,1e-08,2e-08
435a728f45d32faa4b3c4553c966fd6b,"If I was getting drunk, and people couldn't understand me, what might I be having?",B,D,B,B,1.0,0.0,0.99997389,2.9e-06,False,False,False,True,2.9e-06,1e-08,1.0,0.0,0.0,0.0,1.76e-06,0.99997389,1e-08,2.9e-06,2.144e-05
e953dee48c70159ad879143a319ec607,"When a person is beginning work, what are they building?",D,E,D,E,0.95189792,0.00067601,0.02009615,0.66549318,True,True,False,True,0.66481717,0.0473922,3.366e-05,2.9e-07,0.95189792,0.00067601,0.31435671,4.981e-05,4.09e-06,0.02009615,0.66549318
9c784727afd7176b54764055df7a7927,"A child wants to play, what would they likely want?",C,D,C,D,1.0,0.0,1.301e-05,0.99989904,True,True,False,True,0.99989904,0.0,0.0,1.0,0.0,0.0,7.484e-05,9e-08,1.301e-05,0.99989904,1.301e-05
b47d912136e3304cb5e5890b6b879551,Talking to the same person about the same thing over and over again is something someone can what?,D,B,D,D,1.0,0.0,1.0,0.0,False,False,False,True,0.0,0.0,0.0,0.0,1.0,0.0,0.0,0.0,0.0,1.0,0.0
49b4c9e1bd7946a819e173ce8fa4c7c9,The teacher doesn't tolerate noise during a test in their what?,E,C,E,E,1.0,0.0,1.0,0.0,False,False,False,True,0.0,0.0,0.0,0.0,0.0,1.0,0.0,0.0,0.0,0.0,1.0
950af0b765c298960ce3dada66df8db1,"The freeway had no traffic and few buildings, where is it?",B,D,B,D,0.99999893,0.0,3e-08,0.99999988,True,True,False,True,0.99999988,2.4e-07,0.99999893,6.5e-07,0.0,2.4e-07,5e-08,3e-08,0.0,0.99999988,3e-08
63cf1adb5fe302b9867ead8bc8103d0b,Where would you go if you wanted to have fun with a few people?,D,B,D,D,1.0,0.0,0.99999988,0.0,False,False,False,True,0.0,0.0,0.0,0.0,1.0,0.0,0.0,0.0,0.0,0.99999988,9e-08
ede4d302fc2ffe07703158f83c1493f2,"If there is a place that is hot and arid, what could it be?",B,D,C,C,0.0,0.0,5e-08,0.00033535,False,False,False,False,0.00033534,0.0,0.0,0.99999952,0.0,0.0,3.9e-07,5e-08,0.99965394,0.00033535,1.013e-05
74ad13a03634e79c85382f1b90969b74,What is likely to satisfy someone's curiosity?,A,B,B,B,0.00148009,0.98446886,1.37e-06,0.99944575,False,False,False,False,0.01497688,0.00148009,0.98446886,6.4e-07,7.77e-06,0.01404269,1.37e-06,0.99944575,0.0,0.0,0.00055278
49e466b1782aa4837dae53ff891fcdee,If you are in a bar in a glove shaped state where are you?,B,C,B,B,0.99999893,0.0,0.9999249,2e-08,False,False,False,True,1e-08,0.0,0.99999893,0.0,0.0,1.07e-06,1.3e-07,0.9999249,2e-08,1.4e-07,7.485e-05
a8a8ae7792901c7179ff5538c701af1f,Where would a computer user be using their own computer?,E,B,E,E,0.99999928,0.0,0.99999988,1.1e-07,False,False,False,True,1.1e-07,0.0,0.0,4e-08,3.9e-07,0.99999928,0.0,1.1e-07,0.0,1e-08,0.99999988
2ffa3808ce26181926990b454e429c85,Crabs live in what sort of environment?,C,B,C,C,1.0,0.0,0.93020054,0.05946573,False,False,False,True,0.05946573,0.0,0.0,1.0,0.0,0.0,0.01033359,0.05946573,0.93020054,3e-08,8e-08
4319eaa36d256a92b72445c0392f9c94,Where can you find a snake in tall grass?,D,E,E,E,7.485e-05,0.99992502,0.0,1.0,False,False,False,False,7.498e-05,0.0,0.0,0.0,7.485e-05,0.99992502,0.0,0.0,0.0,0.0,1.0
ec79ef747bb89281923edb89ba26786d,What is a place that has a bench nestled in trees?,A,E,A,E,1.0,0.0,0.00116951,0.9988299,True,True,False,True,0.9988299,1.0,0.0,0.0,0.0,0.0,0.00116951,7e-08,0.0,5e-07,0.9988299
2d33cde5e3987adc8fa2bca0af4dd3dd,Where is a human likely to go as a result of being hungry?,A,D,E,D,0.03732688,1.4e-07,0.08494892,0.80597291,True,True,False,False,0.80597278,0.03732688,1.8e-07,1e-08,1.4e-07,0.96267285,0.08494892,1.42e-06,1.5e-07,0.80597291,0.10907657
cc46d936bf69d69a3863b0cb85d75c17,He was beginning to regret taking the fight when he saw how what his opponent was?,D,B,D,B,0.9999975,5e-08,0.00015804,0.99732449,True,True,False,True,0.99732444,1.07e-06,5e-08,1.37e-06,0.9999975,2e-08,0.00247212,0.99732449,7e-08,0.00015804,4.528e-05
46bc1a50eeead10509a43a048e01194e,Where would you find a single shower curtain being used?,A,D,D,D,0.0,1.0,0.0,1.0,False,False,False,False,0.0,0.0,0.0,0.0,1.0,0.0,0.0,0.0,0.0,1.0,0.0
4336a8c55b7cb17275d1c60206cd2f18,Where is a good idea but not required to have a fire extinguisher?,C,A,E,A,5.463e-05,0.01336712,6.2e-07,0.95255554,True,True,False,False,0.93918843,0.01336712,0.2090969,5.463e-05,0.2090969,0.5683843,0.95255554,9.65e-06,6.2e-07,7.52e-06,0.04742495
a287575d3ba4b9f958536fc14a1f5b5a,What continent has the most castles?,D,B,D,D,0.9241412,1e-08,0.94983076,0.0023544,False,False,False,False,0.00235438,6.8e-07,1e-08,1e-08,0.9241412,0.07585814,0.00052534,0.0023544,1.8e-07,0.94983076,0.04728929
f481dc35b0a97a20dc5cdfe1a59746e2,If you have to read a book that is very dry and long you may become what?,E,A,E,E,1.0,0.0,1.0,0.0,False,False,False,True,0.0,0.0,0.0,0.0,0.0,1.0,0.0,0.0,0.0,0.0,1.0
c1c7a9efa379b8a7024a71cf364a144c,Sally used a clipboard to hold her papers while she read off names at the beginning of the day.  Where might she work?,E,C,E,E,1.0,0.0,1.0,0.0,False,False,False,True,0.0,0.0,0.0,0.0,0.0,1.0,0.0,0.0,0.0,0.0,1.0
821b32d39f57396979069b948030afe9,The kids didn't clean up after they had done what?,D,E,D,E,0.90405794,1.176e-05,1.37e-06,0.99999809,True,True,False,False,0.99998633,0.00064204,0.09528701,1.24e-06,0.90405794,1.176e-05,5e-07,0.0,0.0,1.37e-06,0.99999809
c68b4082a6872cf8198502651d0f3352,"Despite the name a pawn can be quite versatile, all the parts are important in a what?",A,D,A,D,1.0,0.0,0.02931215,0.97068508,True,True,False,True,0.97068507,1.0,5e-08,1e-08,0.0,1e-08,0.02931215,1.33e-06,1.1e-07,0.97068508,1.33e-06
dd11fea36d89aa09f9a6069545ba4c9c,What would not be true about a basketball if it had a hole in it but it did not lose its general shape?,C,A,C,E,0.99955174,1.07e-06,6.03e-06,0.01798588,True,False,True,True,0.01798481,1.07e-06,1.669e-05,0.99955174,1e-08,0.00043055,0.01798588,4.7e-06,6.03e-06,7.75e-06,0.98199559
7792b2c6518ecf9775efba6d41253312,"If you are awaking multiple times throughout the night because a lot is on your mind, what is a likely cause?",B,C,B,B,0.9999938,0.0,0.9875573,0.00025801,False,False,False,True,0.00025801,0.0,0.9999938,0.0,0.0,6.14e-06,0.00115631,0.9875573,0.00025801,5.757e-05,0.01097077
1feb4c2a0e8ed638259f5d27b16eae9a,Where does a wild bird usually live?,C,D,B,D,2.26e-06,0.0,1.76e-06,0.99998426,True,True,False,False,0.99998426,3e-08,0.99999774,2.26e-06,0.0,4e-08,1.37e-06,7.89e-06,1.76e-06,0.99998426,4.79e-06
2de08c7a518b7c226e19bdc8fc10ef1d,Where would you expect to find white mice?,E,B,E,E,1.0,0.0,1.0,0.0,False,False,False,True,0.0,0.0,0.0,0.0,0.0,1.0,0.0,0.0,0.0,0.0,1.0
ea8664e77205224154f8519f922220e1,John felt that his actions were fate.   Harry said that he could have always made a different what?,B,E,B,B,0.99682733,0.0,0.93960949,0.0003152,False,False,False,True,0.0003152,0.00317268,0.99682733,1e-08,0.0,0.0,0.06006723,0.93960949,6.1e-07,7.41e-06,0.0003152
a64d45cecde84fdcf5f0a79805a0c6fe,What could committing murder prevent someone from doing?,C,E,E,E,2.8e-07,0.9240166,0.0,1.0,False,False,False,False,0.0759834,0.0758479,5.68e-06,2.8e-07,0.00011403,0.9240166,5e-08,0.0,0.0,0.0,1.0
60e92cd2f35c345872d1a898e1718d55,"George didn't have a car, but he still had his two feet.   His socks were smelly and his soles were blistered, but that didn't matter.  He could still do what?",B,E,B,B,1.0,0.0,0.99999988,0.0,False,False,False,True,0.0,3e-08,1.0,0.0,0.0,0.0,9e-08,0.99999988,0.0,0.0,0.0
08f3c187908646997b9080c7e9ea7da4,A crane uses many a steel cable when working a what?,D,B,B,B,8.3e-07,0.99999869,2.144e-05,0.99996042,False,False,False,False,-3.826e-05,4e-08,0.99999869,1.4e-07,8.3e-07,3.9e-07,6.14e-06,0.99996042,1.76e-06,2.144e-05,1.013e-05
9aff72f0c480c2b4edde45bd2e7e4870,What is the main purpose of farmers?,E,C,E,E,1.0,0.0,1.0,1e-08,False,False,False,True,1e-08,0.0,0.0,0.0,0.0,1.0,0.0,0.0,1e-08,0.0,1.0
fd243c96edec5b1b8520d5bfeddc6622,Where can I put this penny to save for later?,A,C,A,A,0.99999893,0.0,0.99655413,0.00247021,False,False,False,True,0.00247021,0.99999893,2e-08,0.0,0.0,0.0,0.99655413,2.137e-05,0.00247021,4.524e-05,0.00090874
f5ec4fdfd0e37e733bfc1606b986f1e2,Where would you put uncooked crab meat?,E,B,E,E,1.0,0.0,0.99999678,2.9e-06,False,False,False,True,2.9e-06,0.0,0.0,0.0,0.0,1.0,3.1e-07,2.9e-06,0.0,0.0,0.99999678
e3c6d147f8a727d314046e70e9579ba0,"The man had a fear of illness, so he never visited friends who were a what?",A,D,A,D,0.99998415,1.76e-06,3.536e-05,0.9999609,True,True,False,True,0.99995914,0.99998415,7.89e-06,2e-08,1.76e-06,4.79e-06,3.536e-05,0.0,0.0,0.9999609,3.73e-06
8ce13c6e08bf38d4cd4af756b661e47c,Where would you put pans if you want to bring them with you?,D,E,D,D,1.0,0.0,1.0,0.0,False,False,False,True,0.0,0.0,0.0,0.0,1.0,0.0,0.0,0.0,0.0,1.0,0.0
0f4159e80f8dbf682819215bbf0f5b5a_1,"If you're remembering something, it's because of your what of it to begin with?",B,E,A,A,3.1e-07,0.0,4.501e-05,0.0085771,False,False,False,False,0.00857709,0.99995423,3.1e-07,0.0,0.0,0.0,0.99137749,4.501e-05,0.0,7e-08,0.0085771
1a8b3c2a46efabcbd506f9cf70886ed0,Which large land mass is home to the most monkeys?,E,C,E,E,0.99999964,0.0,1.0,0.0,False,False,False,True,0.0,3.9e-07,0.0,0.0,0.0,0.99999964,0.0,0.0,0.0,0.0,1.0
db0cfd52ca6b2bbfcf26d1a898fd929b,Friday was James's 5th Anniversary.  They planned on going to bed early so that they could spend a long time doing what?,C,B,C,C,1.0,0.0,1.0,0.0,False,False,False,True,0.0,0.0,0.0,1.0,0.0,0.0,0.0,0.0,1.0,0.0,0.0
400fb2e196e71abb70e5b3f9aab4b9ee,"The teens were trying to hide that they get drink, but when they walked in the door their what gave it away?",C,B,C,C,1.0,0.0,1.0,0.0,False,False,False,True,0.0,0.0,0.0,1.0,0.0,0.0,0.0,0.0,1.0,0.0,0.0
3fb36127a61903029a363911a1d2b1e9_1,You'll find a landing at the top of what?,C,E,D,E,0.0,3.9e-07,0.0,0.99999881,True,True,False,False,0.99999842,6.5e-07,0.0,0.0,0.99999905,3.9e-07,9e-08,0.0,0.0,1.07e-06,0.99999881
8494b0b95533dcedbd76ae2916c481d4,"Anybody could be hired in the kitchen, what was needed of them?",D,A,D,D,1.0,1e-08,0.99142189,0.00857748,False,False,False,True,0.00857747,1e-08,0.0,0.0,1.0,0.0,0.00857748,2e-08,1e-08,0.99142189,6.4e-07
1531f1523f5fd24bbdb42c311dbf90e8,Where can you find a number of wind instruments together in public?,E,A,E,E,1.0,0.0,0.99966466,0.00033535,False,False,False,True,0.00033535,0.0,0.0,0.0,0.0,1.0,0.00033535,0.0,0.0,0.0,0.99966466
716ce4404a84b42dd64e561390c4b53b,A mountie got off at a subway stop.  What city might he be in?,E,A,D,D,5e-07,0.0,0.14803505,8.188e-05,False,False,False,False,8.187e-05,0.0,0.0,0.0,0.99999952,5e-07,8.188e-05,1.8e-07,8e-08,0.85188285,0.14803505
5169f7ae0781b15161551de3a189ebef,What do you want someone to do when you illustrate point?,E,B,C,C,0.0,0.0,0.0,3e-08,False,False,False,False,2e-08,0.0,0.0,1.0,0.0,0.0,1e-08,3e-08,1.0,0.0,0.0
ef22ef7aeec70aaa688720f805c1cf38,Billy set aside a block of time for having fun after work. Why might he do this?,B,C,B,C,1.0,2e-08,0.18203296,0.81581517,True,True,False,True,0.81581515,1e-08,1.0,2e-08,1e-08,1e-08,0.0020222,0.18203296,0.81581517,2.885e-05,0.00010068
514310637fb43a252bfadc8cbf79b277,"The man in the white suit was very lazy.  He did nothing useful.  Meanwhile, the ban in the blue had put in effort and was very what?",D,E,D,D,0.99999976,0.0,0.99999988,0.0,False,False,False,True,0.0,2.4e-07,5e-08,0.0,0.99999976,0.0,1.1e-07,1e-08,0.0,0.99999988,0.0
9370b2b0897b796dec4a40f107854c8d,What would you be unable to do if you have too much greed?,B,A,B,A,0.99997223,2.4e-07,0.21870209,0.76334527,True,True,False,True,0.76334503,2.4e-07,0.99997223,0.0,0.0,2.754e-05,0.76334527,0.21870209,1.8e-07,3.8e-07,0.01795216
49902e768c45aa41a0f9f95be81114e5,"It was a long trip from the farm, so he stayed in a hotel when he arrived at the what?",E,D,A,D,0.01094189,7.373e-05,0.02272607,0.96633709,True,True,False,False,0.96626336,0.9849577,0.0040253,2.3e-07,7.373e-05,0.01094189,0.00019662,3.18e-06,3.8e-07,0.96633709,0.02272607
e1f90cd664a6b150291e6d8444d85c54,I did not need a servant.  I was not a what?,B,E,C,E,0.0,0.0,3e-08,0.99984767,True,True,False,False,0.99984767,0.0,0.0,1.0,0.0,0.0,1.07e-06,3e-08,0.00012339,2.753e-05,0.99984767
320ec9b68fdefe13d59cc8b628083790,How would you get from one side of a canal to another?,D,E,D,E,1.0,0.0,0.01798621,0.98201376,True,True,False,True,0.98201376,0.0,0.0,0.0,1.0,0.0,1e-08,0.0,0.0,0.01798621,0.98201376
964185aed0e381853332bca1a4d91f46,"When learning about the world and different cultures, what is important if you are committed to eliminating preconceived notions",D,C,D,D,1.0,0.0,1.0,0.0,False,False,False,True,0.0,0.0,0.0,0.0,1.0,0.0,0.0,0.0,0.0,1.0,0.0
db8e010754c532d78635e5b7cf81a147,"An underrated thing about computers is how they manage workflow, at one time it was a big deal when they could first do what?",E,A,E,E,1.0,5e-08,0.98593638,0.01406363,False,False,False,True,0.01406357,5e-08,0.0,0.0,0.0,1.0,0.01406363,4e-08,0.0,1e-08,0.98593638
998381f854f51da2a6ccde45909e5168,Obstructing justice is sometimes an excuse used for police brutality which causes what in people?,D,A,D,E,0.98593638,0.0,0.0009093,0.22249741,True,False,True,True,0.22249741,0.0,0.0,0.0,0.98593638,0.01406363,0.22249741,5e-07,3.5e-07,0.0009093,0.7765923
bc38ad28e99cff7a65771233f734a007,While washing clothes they became what when caught on the sharp object?,D,C,D,D,1.0,0.0,0.99999714,0.0,False,False,False,True,0.0,0.0,0.0,0.0,1.0,0.0,2.9e-06,1e-08,0.0,0.99999714,1e-08
e3949997bf9d02048cfa5d8dd0f287aa,Seafood restaurants are used to draw tourists where?,E,C,E,E,0.9999938,1e-08,0.999734,0.00026119,False,False,False,True,0.00026118,2e-08,0.0,1e-08,6.14e-06,0.9999938,5e-08,3e-08,0.00026119,4.78e-06,0.999734
a7d51b753c2113d8b2dbd0ebb5375855,James's nice asked him about her grandfather. She was interested in learning about what?,A,B,A,A,0.9999963,0.0,0.99682591,1.37e-06,False,False,False,True,1.37e-06,0.9999963,0.0,0.0,0.0,3.73e-06,0.99682591,1.37e-06,0.0,0.0,0.00317268
3e4b326aff96e9adbb52ba18cfa877b2,James looked up and saw the start twinkling in the black yonder.  He marveled the sheer number of them and the size of what?,A,D,A,D,0.99881313,1.4e-07,0.00033311,0.99297593,True,True,False,True,0.99297578,0.99881313,6.5e-07,3e-08,1.4e-07,1.668e-05,0.00033311,3e-07,2e-08,0.99297593,0.00669062
5ac83e9e6fa9851ad3cccb0d57c1d88f,What would encourage someone to continue playing tennis?,E,D,E,E,1.0,0.0,1.0,0.0,False,False,False,True,0.0,0.0,0.0,0.0,0.0,1.0,0.0,0.0,0.0,0.0,1.0
2c0030cc14a27be2401dcfdaa501f0fc,James found the sound relaxing.   It was so relaxing he almost did what despite his efforts?,C,B,C,C,1.0,0.0,1.0,0.0,False,False,False,True,0.0,0.0,0.0,1.0,0.0,0.0,0.0,0.0,1.0,0.0,0.0
feb83263e6be392351db0794004efc3f,What regions of a town would you have found a dime store?,C,E,A,E,0.00116903,8.3e-07,0.0,0.99995399,True,True,False,False,0.99995316,0.99842047,7.473e-05,0.00116903,0.00033493,8.3e-07,4.54e-05,0.0,0.0,6.5e-07,0.99995399
80697d599280d994d8a584c95824ef1f,Where might an unused chess set be stored?,E,A,D,D,1e-08,0.0,5e-07,1.9e-07,False,False,False,False,1.8e-07,0.0,0.0,0.0,1.0,1e-08,1.9e-07,0.0,1e-08,0.99999928,5e-07
3c1800e7dd96d37fdd3c51b9fe502342,"james told his son to settle down and be careful.  There were many frogs mating in the area, and James didn't want his son to do what to them?",D,C,D,D,1.0,0.0,1.0,0.0,False,False,False,True,0.0,0.0,0.0,0.0,1.0,0.0,0.0,0.0,0.0,1.0,2e-08
4da33e6f4b789776acb1bc10195baa83,"A man wants air conditioning while we watches the game on Saturday, where will it likely be installed?",B,C,B,B,1.0,0.0,0.99999976,1e-08,False,False,False,True,1e-08,0.0,1.0,0.0,0.0,0.0,5e-08,0.99999976,1e-08,3e-08,1.9e-07
ae038e9af9d5a511ada7456b5e73b15e,What could be playing a balailaika?,B,A,B,B,0.99999797,1.4e-07,0.87539178,0.11847139,False,False,False,True,0.11847124,1.4e-07,0.99999797,1e-08,7e-08,1.76e-06,0.11847139,0.87539178,8.87e-06,0.0002287,0.00589834
a400b9fd1e319f901471c4b42d401c52,"Sailors drive many different types of boats, what type of boat involves their namesake.",E,C,E,E,1.0,0.0,1.0,0.0,False,False,False,True,0.0,0.0,0.0,0.0,0.0,1.0,0.0,0.0,0.0,0.0,1.0
9dffd2021771e0ecddb19031acf3701b,Where could a person avoid the rain?,C,B,B,B,3.72e-06,0.99900833,0.0,0.99999881,False,False,False,False,0.00099048,7.478e-05,0.99900833,3.72e-06,0.00091098,1.37e-06,3.1e-07,0.99999881,0.0,8.3e-07,0.0
3730c646fdf54472ab873aac9ff7852e,Why would a person like to have a large house?,E,B,E,E,0.99999976,0.0,1.0,0.0,False,False,False,True,0.0,2.4e-07,0.0,0.0,2e-08,0.99999976,1e-08,0.0,0.0,0.0,1.0
175e7dcdded13d5adafaebf2264c3abd,Where will a cheap book be found?,C,D,A,A,2e-08,3.1e-07,0.00012314,0.22264055,False,False,False,False,0.22264025,0.99998295,1.67e-05,2e-08,3.1e-07,0.0,0.77709187,2.14e-05,0.00012314,0.22264055,0.00012314
11d7db1d8e1cff2f40d4184f15cf7ae7,John and James are idiots. They bought two tickets to the Falcons vs the Jets even though neither wanted to see the what?,B,C,B,E,0.99973876,1e-08,0.01798578,9.95e-06,True,False,True,True,9.94e-06,5e-08,0.99973876,1e-08,1e-08,0.00026119,6.03e-06,0.01798578,9.95e-06,7.75e-06,0.98199042
08db69edf0ec5848c1a53dca8fc1601a,James noticed that his penis was bigger. .  How might he act toward his plastic surgeon?,C,A,C,C,1.0,0.0,1.0,0.0,False,False,False,True,0.0,0.0,0.0,1.0,0.0,0.0,0.0,0.0,1.0,0.0,0.0
855ab6ba47f6311104c4d29e24ef0234,Who do professors work with?,D,C,D,C,1.0,0.0,1.301e-05,0.99998677,True,True,False,True,0.99998677,1e-08,0.0,0.0,1.0,2e-08,1.9e-07,0.0,0.99998677,1.301e-05,5e-08
7ec11eeca4221795c117943ca2639e86,Colorful anemone look somewhat like what object you find on window sills?,D,E,D,D,1.0,0.0,0.67917582,0.32081993,False,False,False,True,0.32081993,0.0,0.0,0.0,1.0,0.0,4.17e-06,0.0,0.0,0.67917582,0.32081993
e9389b08fdd17f14b148d498d6ff4dfe,From where do aliens arrive?,A,B,A,A,0.99999332,3e-08,0.99998915,1.013e-05,False,False,False,True,1.01e-05,0.99999332,3e-08,7e-08,4.79e-06,1.76e-06,0.99998915,1.013e-05,2e-08,6.5e-07,1.1e-07
afa2899cc21e204fa64e63e7839e8c1e,"The hikers stopped to have a drink, simply put they what?",B,A,B,B,1.0,3e-08,0.99998581,7.89e-06,False,False,False,True,7.86e-06,3e-08,1.0,0.0,0.0,0.0,7.89e-06,0.99998581,5e-08,1.1e-07,6.14e-06
f898eb5b789d2dc6804edba269f051f0,When you get up in the morning before you begin work you should do what?,D,C,D,C,1.0,0.0,0.00669285,0.9933068,True,True,False,True,0.9933068,0.0,0.0,0.0,1.0,0.0,1.4e-07,1e-08,0.9933068,0.00669285,2.4e-07
7ed7379fc51fd35a47be022f6c56ce51,"The kitten had nothing to dig it's claws into, so when it tried to stop it slid across what?",B,D,D,D,0.0,1.0,0.0,1.0,False,False,False,False,0.0,0.0,0.0,0.0,1.0,0.0,0.0,0.0,0.0,1.0,0.0
15798a23ee6952fedd6d202064069126,If a person is trying to keep something in their hand what should they do?,E,B,E,E,1.0,0.0,1.0,0.0,False,False,False,True,0.0,0.0,0.0,0.0,0.0,1.0,1e-08,0.0,0.0,0.0,1.0
273d0134e8ce53d4ebcf41ca7fde02af,Where could you find hundreds of thousands of home?,D,A,D,D,0.99999964,5e-08,0.99999809,8.3e-07,False,False,False,True,7.8e-07,5e-08,5e-08,1.1e-07,0.99999964,9e-08,8.3e-07,4e-08,2e-08,0.99999809,1.07e-06
2f0931adc3d0d422d9ab6264395e89d8,"Playing baseball is a lot like any other sport, there is always a risk of what?",D,B,D,D,1.0,0.0,1.0,0.0,False,False,False,True,0.0,0.0,0.0,0.0,1.0,0.0,0.0,0.0,0.0,1.0,0.0
d00d3ba777cb3889a45799d72fca0a50,If I want to watch a movie without leaving my home what might I use?,C,A,C,C,0.99999845,0.0,0.99551103,4e-08,False,False,False,True,4e-08,0.0,0.0,0.99999845,3e-08,5e-07,4e-08,1.99e-06,0.99551103,0.00015775,0.00406843
b1f36d1c8ab7e5a28783cb38e8709c27,"The victim was to take stand today, they were going to do what?",A,B,,A,0.03732682,2.3e-07,0.99682401,0.00317267,True,False,True,False,0.00317244,0.03732682,2.3e-07,3e-08,4.3e-07,1.03e-06,0.99682401,0.00317267,6e-08,1.37e-06,6.5e-07
a5e76dd088aab4f89e2fe93f6de6e46d,What does a successful dog grooming session likely to make a owner feel?,D,E,D,D,1.0,0.0,1.0,0.0,False,False,False,True,0.0,0.0,0.0,0.0,1.0,0.0,0.0,0.0,0.0,1.0,0.0
ac6f0e24dd6203cda43e1089dcf081d6,"The runner was in third place, but he pushed harder and thought he might be able to reach second.  What was beginning to do?",D,A,D,D,1.0,0.0,1.0,3e-08,False,False,False,True,3e-08,0.0,0.0,0.0,1.0,0.0,3e-08,2e-08,0.0,1.0,0.0
1ab746bcd100ccf513055fe93c61010b,"The tourist entered Mammoth cave, what state were they in?",B,C,B,B,0.99999821,1e-07,0.99999893,3e-08,False,False,False,True,-7e-08,0.0,0.99999821,1e-07,2e-08,1.37e-06,2e-08,0.99999893,3e-08,4e-08,1.07e-06
af836abc58e0daf36df1d8d6830b70c5,What does someone typically feel when applying for a job?,B,C,B,C,0.99999475,0.0,2.4e-07,0.99999857,True,True,False,True,0.99999857,5e-07,0.99999475,0.0,0.0,4.79e-06,6.5e-07,2.4e-07,0.99999857,1e-08,6.5e-07
2ed66cfd206723a006b37599b516ad6e,"He was on trial for obstructing justice, during which he made a questionable comment and was also found guilty of what?",E,D,E,E,1.0,0.0,1.0,0.0,False,False,False,True,0.0,0.0,0.0,0.0,0.0,1.0,0.0,0.0,0.0,0.0,1.0
e89a2762d578cb7bc2cc0a5b2a16d933,What kind of feelings does buying presents for others create?,E,B,E,E,1.0,0.0,0.99999988,1e-08,False,False,False,True,1e-08,0.0,0.0,0.0,0.0,1.0,0.0,1e-08,0.0,7e-08,0.99999988
43cec0fff43a976fade9112d02b66021,What green area is a marmot likely to be found in?,A,D,A,D,0.99999619,8.3e-07,6.14e-06,0.99998593,True,True,False,True,0.9999851,0.99999619,7e-08,2.9e-06,8.3e-07,1e-08,6.14e-06,0.0,0.0,0.99998593,7.89e-06
30e66db11e0257a14a17108b90cd69fb,"Jan tested the current, and noticed that it was high.  He thought that the wires might have too much what?",D,E,D,D,1.0,0.0,1.0,0.0,False,False,False,True,0.0,0.0,0.0,0.0,1.0,0.0,0.0,0.0,0.0,1.0,0.0
f21ef67b31bd36a3174b6b4c7b4bbc7b,What does a kindergarten teacher do before nap time?,E,B,E,E,1.0,1e-08,0.67917501,0.32081955,False,False,False,True,0.32081954,0.0,1e-08,0.0,0.0,1.0,5.36e-06,0.32081955,0.0,6e-08,0.67917501
e476e2c8c278eaecfe1a8b884b6aeb8e,"Sam was a stranger.  Even so, Mark treated him like what?",B,C,A,C,8.3e-07,0.0,9e-08,0.99998939,True,True,False,False,0.99998939,0.99996364,8.3e-07,0.0,7e-08,0.0,1.013e-05,9e-08,0.99998939,2e-08,3.1e-07
191e3c676f05a11d6b2565d8c27d2001,"Bob's only light source was a small bulb.  There were four walls, if there was a door he couldn't see it.  What was Bob in?",A,D,A,A,0.99999905,5e-08,0.94477978,0.00817395,False,False,False,True,0.0081739,0.99999905,7e-08,0.0,5e-08,8.3e-07,0.94477978,7.45e-06,7.9e-07,0.00817395,0.04703781
99098375c7b651d524eebac72e358238,James thought of criminal justice like a computer program.  It need to work right.   What ideas might James not like?,D,E,D,E,0.8743928,0.07177453,4.534e-05,0.99878483,True,True,False,False,0.9270103,0.02640437,0.00102381,0.02640437,0.8743928,0.07177453,0.00116946,3.1e-07,1e-08,4.534e-05,0.99878483
290fac9f881a83d8bfb34355f8e71044,With the card slot lit up he knew how to get started finding his balance with what?,E,C,E,E,1.0,0.0,0.9999975,2.26e-06,False,False,False,True,2.26e-06,0.0,0.0,0.0,0.0,1.0,2.4e-07,0.0,2.26e-06,0.0,0.9999975
6c36226b23377a0dd0188bf56840e22a,To play sports professionally you must do what very often?,C,E,C,C,1.0,0.0,1.0,0.0,False,False,False,True,0.0,0.0,0.0,1.0,0.0,0.0,0.0,1e-08,1.0,0.0,0.0
aa5aa36557a5fbb93391506182f1025c,Some people prefer releasing energy through work while others prefer to release it through what?,C,E,C,E,0.90037438,0.00472473,0.00054008,0.97648208,True,True,False,False,0.97175735,9.6e-07,1.23e-06,0.90037438,0.09489875,0.00472473,1.27e-05,4.9e-07,0.00054008,0.02296466,0.97648208
a38df3e750b1edd30f905e17af803c61,What will a person going for a jog likely be wearing?,C,A,C,C,1.0,0.0,0.99999774,1.37e-06,False,False,False,True,1.37e-06,0.0,0.0,1.0,0.0,0.0,1.37e-06,3e-08,0.99999774,8.3e-07,3e-08
dba51270f789c75a2e38a5201b124d99,"The child pretended he was reading newspaper, he couldn't actually do it without what?",E,B,C,E,0.0,0.0,0.99999988,0.0,True,False,True,False,0.0,0.0,0.0,1.0,0.0,0.0,0.0,0.0,1e-08,5e-08,0.99999988
1be8ec824eb0c7218b6bc160fd191428,Jenny enjoyed helping people.  It brought her a great deal of what?,A,C,A,A,0.99997246,0.0,0.62245425,1.7e-07,False,False,False,True,1.7e-07,0.99997246,0.0,0.0,0.0,5e-08,0.62245425,2.98e-06,1.7e-07,3.82e-06,0.37753759
0e80f2afe5c4f652e8720b52d7c06c87,What might someone believe in if they are cleaning clothes?,B,A,B,B,0.99999869,1.07e-06,0.991297,0.0085764,False,False,False,True,0.00857533,1.07e-06,0.99999869,1e-08,1e-08,1.9e-07,0.0085764,0.991297,2.88e-06,1.36e-06,0.00012234
b67971747e95ba425a5b81e0ba8d0b28,Where would you find a basement that can be accessed with an elevator?,D,C,D,E,0.99999523,3e-08,1.76e-06,0.00015844,True,False,True,True,0.00015841,0.0,0.0,3e-08,0.99999523,4.79e-06,3e-08,0.0,0.00015844,1.76e-06,0.99983981
fcd39cfa321728fea069a6ae4285b06f,In order to learn to program from another person you can do what?,D,A,D,A,0.99999845,3e-08,0.01406313,0.98590162,True,True,False,True,0.98590159,3e-08,3e-08,0.0,0.99999845,1.37e-06,0.98590162,3e-07,2e-08,0.01406313,3.486e-05
cb6766fb25daee911fc8e9816b98938c,"He was at the gym trying to build muscle, what is it called that he is trying to build muscle on?",E,B,E,E,1.0,0.0,0.99463979,0.00521939,False,False,False,True,0.00521939,0.0,0.0,0.0,0.0,1.0,9.56e-05,0.00521939,9e-08,4.516e-05,0.99463979
54231f875bb7fe4d3e4afb6eae64387c,What part of plants is pretty?,D,B,D,D,1.0,0.0,0.99999857,7e-08,False,False,False,True,7e-08,3e-08,0.0,0.0,1.0,2e-08,1.07e-06,7e-08,0.0,0.99999857,2.4e-07
7d7f7d7a8ae3b20ca9fc0da6efe467b4,"The man was going fishing instead of work, what is he seeking?",B,A,B,A,0.99956865,0.00043056,2.4e-07,0.99999976,True,True,False,True,0.9995692,0.00043056,0.99956865,5e-08,9e-08,6.5e-07,0.99999976,2.4e-07,0.0,2e-08,2e-08
31b72d4e4ae7c672c20e27e42499ec79,What could you get an unsmooth pit from?,E,A,D,D,4e-08,0.0,4e-08,3.1e-07,False,False,False,False,3.1e-07,0.0,0.0,1e-08,1.0,4e-08,3.1e-07,0.0,0.0,0.99999964,4e-08
26ce83b8e9a263079aa8cdbd5258d667,"The man tried to reply to the woman, but he had difficulty keeping track of conversations that he didn't do what to?",A,B,A,A,1.0,0.0,0.99999976,1.9e-07,False,False,False,True,1.8e-07,1.0,0.0,0.0,0.0,0.0,0.99999976,1.9e-07,0.0,0.0,0.0
30138608d4934a75cf0911a06b021374,"I couldn't find anybody who recalled the event, what were they adroit at doing?",E,B,E,B,1.0,0.0,0.04742559,0.95256842,True,True,False,True,0.95256842,0.0,0.0,0.0,0.0,1.0,5.85e-06,0.95256842,0.0,4e-08,0.04742559
01abce8c4964371d85a5be2019f75827,Where would you find a large dining room containing a fancy chandelier?,A,B,A,A,0.99999988,0.0,0.99998653,1.4e-07,False,False,False,True,1.4e-07,0.99999988,0.0,0.0,0.0,0.0,0.99998653,1.4e-07,0.0,3.1e-07,1.301e-05
3e2222c99e11fca2ad4af2d470eb8ea2_1,"The extremely large cargo plane could only land at a specialized runway, these were only located at a what?",D,A,D,D,1.0,0.0,1.0,0.0,False,False,False,True,0.0,0.0,0.0,0.0,1.0,0.0,0.0,0.0,0.0,1.0,1e-08
847dbf5b73c3e8d49bb9a36491d95e79,"The carpet was smelly and discouraged the league from playing there, where was this smelly carpet installed?",C,D,D,D,0.0004305,0.99944444,0.0,0.99999952,False,False,False,False,0.00055509,3e-08,1.76e-06,0.0004305,0.99944444,0.00012334,0.0,0.0,0.0,0.99999952,5e-07
fa031cff8e11e75c68d6a99ef0e5ca3a,How can someone be let into a brownstone?,B,A,B,A,0.49417135,0.00905106,6.14e-06,0.9999938,True,True,False,False,0.99094274,0.00905106,0.49417135,8.25e-06,0.00259317,0.49417135,0.9999938,6.14e-06,0.0,0.0,0.0
c592258c88295756833e9796e881057b,Where would someone purchase an upright piano?,C,B,C,C,1.0,0.0,1.0,0.0,False,False,False,True,0.0,0.0,0.0,1.0,0.0,0.0,0.0,0.0,1.0,0.0,0.0
e1403a7c581bc263aea2ed8d179826d1,Where would you keep an ottoman near your front door?,A,D,A,D,1.0,0.0,0.000911,0.9990307,True,True,False,True,0.99903069,1.0,0.0,0.0,0.0,0.0,0.000911,3e-08,0.0,0.9990307,5.824e-05
15c38f66e811d6ed68cde931bc31d93c,Diving into backyard pools can be very dangerous and can lead to serious head and what?,E,D,E,E,1.0,0.0,1.0,1e-08,False,False,False,True,1e-08,0.0,0.0,0.0,0.0,1.0,0.0,0.0,0.0,1e-08,1.0
1ac54dbf6b67f27daa3d456416047584,Where would one find a snake in a cage?,D,B,D,D,1.0,0.0,0.99999976,1e-08,False,False,False,True,1e-08,0.0,0.0,0.0,1.0,0.0,7e-08,1e-08,0.0,0.99999976,9e-08
21763a65765b5405c9a54484c2e54a72,Where are people likely to become impatient?,A,C,A,C,0.99987616,0.0,3.535e-05,0.99976104,True,True,False,True,0.99976104,0.99987616,9e-08,0.0,3.1e-07,0.00012339,3.535e-05,6e-08,0.99976104,1.4e-07,0.00020342
c492b8b9754a181c924c1df19998cbc7,"When you fail to finish something, you failed at doing what to it",C,E,C,E,1.0,0.0,0.0,1.0,True,True,False,True,1.0,0.0,0.0,1.0,0.0,0.0,0.0,0.0,0.0,0.0,1.0
fff554fffa1a0adc64b8d1e21d55534b,John didn't care about style.  He felt that form was less important than what?,C,B,C,C,1.0,0.0,1.0,0.0,False,False,False,True,0.0,0.0,0.0,1.0,0.0,0.0,0.0,0.0,1.0,0.0,0.0
8ea5720718c0e122efa6277edb511569,"When you get together with friends to watch film, you might do plenty of this?",D,E,C,D,1.67e-05,0.0,0.99979131,2.26e-06,True,False,True,False,2.26e-06,1e-08,0.0,0.99998331,1.67e-05,0.0,2.9e-06,1.4e-07,0.00020343,0.99979131,2.26e-06
23e4257a49972efd8a97672f060be1c1,A supermarket is uncommon in what type of collection of shops?,A,E,A,E,0.99999511,9e-08,3.536e-05,0.99996448,True,True,False,True,0.99996439,0.99999511,4.79e-06,0.0,0.0,9e-08,3.536e-05,1.3e-07,1e-08,1e-08,0.99996448
a018d65a74b9e77d81014fd8f6d78f77,"Bill puts meat on the scale, where does Bill work?",D,B,D,D,1.0,0.0,1.0,0.0,False,False,False,True,0.0,0.0,0.0,0.0,1.0,0.0,0.0,0.0,0.0,1.0,0.0
24ceaf5c10863e73919b5f1b0f2db38e,"I'm having some food at my party, what will I need to serve it?",E,A,E,A,0.99992693,2.1e-07,0.00522004,0.99476352,True,True,False,True,0.99476331,2.1e-07,7.89e-06,5.829e-05,3.73e-06,0.99992693,0.99476352,6e-08,2e-08,1e-08,0.00522004
900492bd731f8f615ed7c08155737d44,Before racers start to run they must do what at the starting line?,E,A,D,D,0.02297737,0.0,0.01572163,0.31577741,False,False,False,False,0.31577741,0.0,0.0,0.0,0.97702265,0.02297737,0.31577741,6e-08,3e-08,0.66850078,0.01572163
4e3f85dc92eaad4ae6bc6529d62e382c,What does an actor do when they are bored of their roles?,B,E,B,B,1.0,0.0,1.0,2e-08,False,False,False,True,2e-08,0.0,1.0,0.0,0.0,0.0,1e-08,1.0,0.0,1e-08,2e-08
fa1f17ca535c7e875f4f58510dc2f430,What is a person called who doesn't have immortality?,E,C,,E,6e-08,0.0,0.99931847,4.004e-05,True,False,True,False,4.004e-05,0.00012339,0.0,0.0,3e-08,6e-08,8.476e-05,3.1e-07,4.004e-05,8.3e-07,0.99931847
76b6f0765a3b2fba71021f902142edc0,Why would you be watching tv instead of doing something else?,C,E,C,E,0.99995983,3.536e-05,0.0,1.0,True,True,False,True,0.99996464,0.0,0.0,0.99995983,4.78e-06,3.536e-05,0.0,0.0,0.0,0.0,1.0
f1368ab1d4ee05d72d555474fcd737d7,"If chewing food is difficult for you, what is a possible reason?",B,E,B,E,0.99966466,0.00033535,0.0,1.0,True,True,False,True,0.99966465,1e-08,0.99966466,0.0,4e-08,0.00033535,0.0,0.0,0.0,0.0,1.0
3dee8fc7f0a3fbf4de111b6686fca157,"He had to wear a tuxedo while playing the keyboard instrument, so did the other hundred members of the what?",D,E,D,D,1.0,0.0,1.0,0.0,False,False,False,True,0.0,0.0,0.0,0.0,1.0,0.0,0.0,0.0,0.0,1.0,0.0
ea0e7771afd86a59fd9f7764b77e3fa4,Where do you find the most amount of leafs?,C,A,C,C,0.99908852,0.0,0.99992216,5e-07,False,False,False,True,5e-07,0.0,4e-08,0.99908852,4e-08,3.9e-07,5e-07,2.4e-07,0.99992216,5e-07,7.485e-05
2c845646032bbf27fb3904330d59d324,Where can children play with animals?,E,A,D,D,0.0,0.0,0.0,0.0,False,False,False,False,0.0,0.0,0.0,0.0,1.0,0.0,0.0,0.0,0.0,1.0,0.0
bc08c354e5bead6863ea4a29cb8fa359,What kind of tale might feature a talking weasel?,E,A,E,E,1.0,0.0,1.0,0.0,False,False,False,True,0.0,0.0,0.0,0.0,0.0,1.0,0.0,0.0,0.0,0.0,1.0
fb35c7aa5694bab2cde4b7257bfae003,What kind of status is the bald eagle given?,C,E,C,E,0.99999774,1.07e-06,0.0,1.0,True,True,False,True,0.99999893,1e-08,3.1e-07,0.99999774,0.0,1.07e-06,0.0,0.0,0.0,0.0,1.0
e2a9f0041d17a9944377a91bef5e0d0d,Why do most people take a quick rest during the day?,C,D,C,D,0.96267241,1e-08,0.0,0.9999994,True,True,False,True,0.99999939,0.03732686,3.8e-07,0.96267241,1e-08,3.8e-07,6.5e-07,0.0,0.0,0.9999994,4e-08
ae56eff01d05422ddbcb26be7181356a,What could suddenly stop someone when he or she is running?,B,A,B,A,0.99987794,5.829e-05,1.013e-05,0.99954554,True,True,False,True,0.99948725,5.829e-05,0.99987794,8.3e-07,3.535e-05,2.753e-05,0.99954554,1.013e-05,1.6e-07,1.3e-05,0.00043055
895aa97bb84d874d71b2aed572cebfdd,Where would you find a monkey in the wild?,E,B,E,E,1.0,0.0,0.99999976,4e-08,False,False,False,True,4e-08,0.0,0.0,0.0,0.0,1.0,2.4e-07,4e-08,0.0,0.0,0.99999976
9d625e948e9c3777e7cc54ed8ffea135,Where could a sloth live?,A,C,A,A,1.0,0.0,0.99999607,2e-08,False,False,False,True,2e-08,1.0,0.0,0.0,0.0,0.0,0.99999607,1.4e-07,2e-08,3.73e-06,9e-08
d107d67d525a686fbd8282314d2ea33c,"A gentleman is carrying equipment for golf, what is he likely to have?",A,C,A,A,1.0,2e-08,0.99992431,4.78e-06,False,False,False,True,4.77e-06,1.0,1e-08,2e-08,0.0,0.0,0.99992431,4.78e-06,4.78e-06,5.829e-05,7.89e-06
fee5ff19811750ad019665af7b36b3c4,"If you have a home with a courtyard, what's one thing you probably don't have to care for any longer?",A,E,A,E,1.0,0.0,5e-07,0.99999952,True,True,False,True,0.99999952,1.0,0.0,0.0,0.0,0.0,5e-07,0.0,0.0,0.0,0.99999952
e69da59cbcf2a302e4523571eba8186b,"The computer was difficult for he to understand at the store, so what did she sign up for to learn more?",E,B,C,A,4e-08,0.00011583,6.5e-07,0.00070916,True,False,True,False,0.00059333,0.26891021,0.00011583,0.73097374,1.4e-07,4e-08,0.99857106,0.00070916,0.00070916,1.012e-05,6.5e-07
2dd138a63b5895cf737ced793cc668e7,"If you take the risk buying a used car, you still hope it can what?",E,D,E,E,1.0,0.0,1.0,0.0,False,False,False,True,0.0,0.0,0.0,0.0,0.0,1.0,0.0,0.0,0.0,0.0,1.0
b33047f46db680a9b630c13e8ca115cc,"Dan was ditting quietly on the couch with a book in his hand.  Laurie thought that he was just focused on what he was doing, but he actually did what?",E,B,C,C,1.67e-05,2.26e-06,0.00316787,6.12e-06,False,False,False,False,3.86e-06,4e-08,2.26e-06,0.99985768,0.00012339,1.67e-05,1.295e-05,6.12e-06,0.99531661,0.0014964,0.00316787
f20d40bc4af588223e880e0bb58b27b8,What is the primary purpose of cars?,C,D,C,C,1.0,0.0,0.99999619,3.73e-06,False,False,False,True,3.73e-06,0.0,0.0,1.0,0.0,0.0,3e-08,0.0,0.99999619,3.73e-06,9e-08
b6b66d4519a84b8331ea55f84767e9df,"Alabama is full of different people, but they are all citizens of what?",A,E,A,A,1.0,0.0,0.88079566,0.11920274,False,False,False,True,0.11920274,1.0,0.0,0.0,0.0,0.0,0.88079566,1.21e-06,0.0,6e-08,0.11920274
952cf4b2f7a434b2eeae9f4c7ed89c0a,They were hoping their campaign would create a rise in awareness of the problem and hopefully do what to its effect?,E,B,E,E,1.0,0.0,0.99995291,3.536e-05,False,False,False,True,3.536e-05,0.0,0.0,0.0,0.0,1.0,7.89e-06,3.536e-05,0.0,1.6e-07,0.99995291
b63e5cd88bfe75d29ff9fdc6dd97fed6,What do airplanes do as they are arriving at the gate?,A,B,A,A,0.99999857,0.0,0.99330538,1.36e-06,False,False,False,True,1.36e-06,0.99999857,0.0,0.0,1.37e-06,0.0,0.99330538,1.36e-06,0.0,0.00669284,3e-07
ec5a336080e37fbe95d72ad5f9c65ba7,If a person with mental illness stops treatment what will likely happen?,C,E,C,E,1.0,0.0,1e-08,1.0,True,True,False,True,1.0,0.0,0.0,1.0,0.0,0.0,0.0,0.0,1e-08,0.0,1.0
6386bcf080633bc3eeb3317a5435b7b7,The gimmicky low brow TV show was about animals when they what?,E,A,B,A,0.00150076,0.00026079,1.002e-05,0.98896852,True,True,False,False,0.98870773,0.00026079,0.99821648,5e-07,2.141e-05,0.00150076,0.98896852,2.723e-05,5e-08,7.8e-06,1.002e-05
43ab0ff711e60d51f943bbd2cdd6515a,"A loud machine is irritating, but many are expected where?",E,A,E,A,0.99995089,3.73e-06,0.04742566,0.95256982,True,True,False,True,0.9525661,3.73e-06,0.0,0.0,4.54e-05,0.99995089,0.95256982,0.0,0.0,4.56e-06,0.04742566
11c4c78d61e8212f0984fd07eb22b669,What part of a table would you put a ruler in?,A,B,A,B,0.99973805,3.9e-07,2.144e-05,0.99997819,True,True,False,True,0.99997779,0.99973805,3.9e-07,1e-08,0.00026119,3.9e-07,2.144e-05,0.99997819,0.0,5e-08,3.9e-07
e61891746aa94ab57aaa754614034aef,What happens if someone kisses too long?,C,A,B,A,1.1e-07,1.36e-06,0.0,0.99994159,True,True,False,False,0.99994023,1.36e-06,0.99477838,1.1e-07,4e-08,0.00522012,0.99994159,1.1e-07,0.0,1e-08,5.829e-05
97da9aa4ea4b22744ec51cba49f35bfc,"If I have a modern light source in my living room, what is it likely to be?",C,B,C,C,1.0,0.0,1.0,0.0,False,False,False,True,0.0,0.0,0.0,1.0,0.0,0.0,0.0,0.0,1.0,0.0,0.0
46241bc83e8d81196ae5783b2b9854a4,"The person saw the mess his children made, what was his following reaction?",E,B,E,E,1.0,0.0,1.0,0.0,False,False,False,True,0.0,0.0,0.0,0.0,0.0,1.0,0.0,0.0,0.0,0.0,1.0
18844d3aa4e52b331b5382c8244cf4db,Who might wear dark glasses indoors?,A,E,D,E,5e-07,3.1e-07,2e-08,0.99849879,True,True,False,False,0.99849848,5e-07,0.0,0.0,0.99999917,3.1e-07,2e-08,0.0,0.0,0.00150118,0.99849879
056b33c7050c167b0d4348d40d169358,Where would stones not be arranged in a path?,B,E,E,E,2.345e-05,0.85166247,0.0,0.99999988,False,False,False,False,0.14833741,0.14799674,2.345e-05,4.3e-07,0.0002857,0.85166247,7e-08,0.0,0.0,0.0,0.99999988
31d7dd1d00aabe411568df3e72d5b5e0,A bald eagle is likely to be found on what kind of work?,D,E,D,E,0.99996233,2.754e-05,0.0,1.0,True,True,False,True,0.99997246,1.013e-05,1e-08,0.0,0.99996233,2.754e-05,0.0,0.0,0.0,0.0,1.0
cbf3dd48b4d591fc872a53cd4b9dd3af,"The hostess was good at her job, she always had a smile when she would what?",C,B,C,C,1.0,0.0,1.0,0.0,False,False,False,True,0.0,0.0,0.0,1.0,0.0,0.0,0.0,0.0,1.0,0.0,0.0
60e8f1a86d4063895f340cd1e3c55f50,What is likely to happen to someone who is learning?,C,E,E,E,1.9e-07,0.99999344,0.0,1.0,False,False,False,False,6.56e-06,1e-08,1.4e-07,1.9e-07,1e-08,0.99999344,0.0,0.0,0.0,0.0,1.0
eee8cb7a0d806a62d2de24831f82e3e1,"The inspector was agreeing with the factory protocols, what was the status of the factory?",A,B,A,A,1.0,0.0,0.99999857,1.37e-06,False,False,False,True,1.37e-06,1.0,0.0,4e-08,0.0,0.0,0.99999857,1.37e-06,0.0,1e-08,1e-08
9a23a7f04e63bf9f4c7dfe50c58abfd2,"After standing up I had to sit right back down, why would I feel like this?",C,B,D,D,3e-08,0.0,0.00149695,0.00246805,False,False,False,False,0.00246805,0.0,0.0,3e-08,1.0,0.0,0.00033401,0.00246805,0.00149695,0.99568426,1.663e-05
e3426e4f60c142aa3d813479f79d6305,Where do you go on a night out before going to the bar?,C,E,C,C,0.99752741,0.0,0.55770347,0.00795521,False,False,False,True,0.00795521,1e-08,2e-08,0.99752741,0.00247262,0.0,3.6e-07,9.8e-07,0.55770347,0.4343399,0.00795521
3526550b02d9594abd4fc43553010fc6,"The dad wanted to protect his house, where did he put his gun?",D,A,D,E,0.96267307,0.0,0.00857748,9e-08,True,False,True,True,9e-08,0.0,0.0,0.0,0.96267307,0.03732689,9e-08,0.0,0.0,0.00857748,0.99142248
e567c94d88829fb07a30e3d46c02e664,What instrument can be played with an air of happiness?,E,D,E,E,0.99999976,0.0,0.99999893,0.0,False,False,False,True,0.0,0.0,0.0,0.0,0.0,0.99999976,0.0,0.0,0.0,0.0,0.99999893
cf5a710c931779fb3dde198e0ace3b6a,What to kids do for boredom on a ramp?,E,C,E,E,1.0,0.0,1.0,0.0,False,False,False,True,0.0,0.0,0.0,0.0,0.0,1.0,0.0,0.0,0.0,0.0,1.0
0f2377604e628c55ba588366139396b9,What animal has quills all over it?,E,D,D,D,0.0,1.0,0.0,1.0,False,False,False,False,0.0,0.0,0.0,0.0,1.0,0.0,0.0,0.0,0.0,1.0,0.0
ada088b7c97de80336ad043757c2db16,Why would you go to an office?,A,D,A,D,0.99999988,0.0,0.00015844,0.99984064,True,True,False,True,0.99984064,0.99999988,7e-08,0.0,0.0,0.0,0.00015844,1.1e-07,0.0,0.99984064,8.3e-07
beef0aa2058297904bb4acc1dc340c85,When is the worst time for having food?,B,E,B,E,0.99771309,0.0003347,0.0,1.0,True,True,False,True,0.9996653,0.00192604,0.99771309,4.77e-06,2.14e-05,0.0003347,3e-08,0.0,0.0,0.0,1.0
ba9a05bd2086c0d37733e26479d6630f,If you spend all your time buying and not saving what is is likely to happen?,E,D,D,D,0.0,1.0,0.0,1.0,False,False,False,False,0.0,0.0,0.0,0.0,1.0,0.0,0.0,0.0,0.0,1.0,0.0
6b0bf501aa68b06ddc5ad72ac5ff68fc,"Though a mouse might prefer your house, you might also see him where?",C,B,D,D,0.0,0.0,1.06e-06,0.00521722,False,False,False,False,0.00521722,4e-08,0.0,0.0,1.0,0.0,0.00054989,0.00521722,1.06e-06,0.99422566,6.11e-06
926298bbdd03ce96acfeb4408b888b61,What is performing a type of?,B,C,E,E,0.0,0.0,0.0,0.00015844,False,False,False,False,0.00015844,0.0,0.0,0.0,0.0,1.0,2.7e-07,0.0,0.00015844,0.0,0.99984124
faa0aa438b94c19be8ff52ee80d9e298,"The car was going from Alabama to New York, what was its goal?",A,D,C,A,0.43782342,1e-08,0.99438677,0.00521806,True,False,True,False,0.00521806,0.43782342,1.7e-07,0.5621764,1e-08,0.0,0.99438677,3.71e-06,0.00033358,0.00521806,5.797e-05
9310c39a0752f28640c3a05cba1d5ca7,What do they call the trash in Australia?,E,B,E,E,1.0,0.0,0.99965406,0.00033535,False,False,False,True,0.00033535,0.0,0.0,0.0,4e-08,1.0,5e-07,0.00033535,0.0,1.013e-05,0.99965406
fee5f4e9d8e37f0183e36eb9b8dbcbb9,"Joan wants to cook a potato, where should she place it?",A,B,A,A,1.0,0.0,1.0,4e-08,False,False,False,True,4e-08,1.0,0.0,0.0,0.0,0.0,1.0,4e-08,0.0,2e-08,0.0
5392af3f1c4665e95ff3354e5115de42,Writers with a great what can amass a large fortune?,D,A,C,C,2.4e-07,0.0,0.18239476,6.45e-06,False,False,False,False,6.45e-06,0.0,2e-08,0.99999976,2.4e-07,0.0,6.45e-06,6.119e-05,0.81743661,0.18239476,0.00010088
4c5c74b3287492d6ddb2da4c8c0fd51a,Where do all animals live?,C,D,C,D,0.99999952,0.0,3.73e-06,0.99992061,True,True,False,True,0.99992061,0.0,0.0,0.99999952,0.0,5e-07,8.3e-07,0.0,3.73e-06,0.99992061,7.485e-05
52f3eb6c9a6b9671050fc769d465ed03,How are the conditions for someone who is living in a homeless shelter?,A,B,A,B,0.99999702,2.9e-06,7.89e-06,0.99998426,True,True,False,True,0.99998136,0.99999702,2.9e-06,0.0,4e-08,1.4e-07,7.89e-06,0.99998426,0.0,0.0,7.89e-06
03ee30b5801b61aee791a551a9d9a49f,You can do knitting to get the feeling of what?,A,B,A,A,0.99999952,0.0,0.99962558,0.00033534,False,False,False,True,0.00033534,0.99999952,0.0,0.0,1.1e-07,1.9e-07,0.99962558,0.00033534,0.0,3.73e-06,3.534e-05
6d1d483745bc0aae0f4dd04e851ceffb,What might a very large table be?,B,E,B,E,0.9999553,1.67e-05,0.0,0.99999988,True,True,False,True,0.99998318,3.73e-06,0.9999553,2.9e-06,2.144e-05,1.67e-05,9e-08,0.0,0.0,1e-08,0.99999988
bf10bfda7328c8671e15adf8546b64d7,John got his tax refund back.  He treated it like it was what?,C,B,C,C,1.0,0.0,0.99994183,4.78e-06,False,False,False,True,4.78e-06,0.0,0.0,1.0,0.0,0.0,7.89e-06,4.78e-06,0.99994183,9e-08,4.54e-05
0b3a3ee40dd25be9735ac5e3342ca4dd,A person with an allergy might be doing what if they awake suddenly?,E,A,D,D,6.5e-07,0.0,0.09534419,5.273e-05,False,False,False,False,5.273e-05,0.0,0.0,0.0,0.9999994,6.5e-07,5.273e-05,1.2e-07,5e-08,0.90460047,0.09534419
77e2a0b469b56bea81921a4a945ffcb5,Where is a ferret unlikely to be?,A,B,A,B,0.99992455,1e-08,3.536e-05,0.9999646,True,True,False,True,0.99996458,0.99992455,1e-08,6.5e-07,7.485e-05,1e-08,3.536e-05,0.9999646,0.0,0.0,0.0
dc964e4f6df6b70815e81e466d0ff717,If you jump in any of the oceans you will get?,B,C,B,C,1.0,0.0,9e-08,0.99999976,True,True,False,True,0.99999976,1e-08,1.0,0.0,0.0,0.0,1.1e-07,9e-08,0.99999976,0.0,0.0
6b9221c1af583ffb43580857d6fde38a,"Immediately after peeing, a person's bladder is what?",B,A,B,B,1.0,3e-08,0.99999261,6.14e-06,False,False,False,True,6.12e-06,3e-08,1.0,0.0,0.0,3e-08,6.14e-06,0.99999261,1e-08,9e-08,1.07e-06
4dc2c4596b08e9bfd893174e67bff40a,"The lady would eat and eat, and because of mental issues would then make herself what?",D,A,D,D,1.0,0.0,0.99999988,7e-08,False,False,False,True,7e-08,0.0,0.0,0.0,1.0,0.0,7e-08,0.0,0.0,0.99999988,1e-08
8ae24d3ff199077a59e0d970feb665b7,"A car was hailed to chauffeur someone to the opera house, where was it heading?",A,C,E,E,4.54e-05,0.0,1.76e-06,0.0,False,False,False,False,0.0,4.54e-05,0.0,0.0,0.0,0.99995458,1.76e-06,0.0,0.0,0.0,0.99999821
d64a676e9d22e7edd12e7f4ce267a9f0,What do you go to see for live entertainment?,B,E,E,E,0.0038058,0.72525742,0.0,1.0,False,False,False,False,0.27474258,0.26680729,0.0038058,0.00230834,0.00179773,0.72525742,0.0,0.0,0.0,0.0,1.0
54ecb521df1d0f5b130a393c42b4126d,The teacher thought that a ferret can be very mischievous and probably wouldn't make a great pet for the entire what?,C,A,C,E,0.99944003,8.3e-07,0.00012273,0.00521869,True,False,True,True,0.00521786,8.3e-07,0.00055277,0.99944003,1e-07,6.14e-06,0.00521869,5.797e-05,0.00012273,2.739e-05,0.99450607
b7276bb9139ec25c98c7e3822404eb6c,A creek is a body of water found in what low land?,B,C,B,B,1.0,0.0,0.99999595,5e-08,False,False,False,True,5e-08,0.0,1.0,0.0,0.0,0.0,3.9e-07,0.99999595,5e-08,2.26e-06,1.37e-06
ecb8758b0d088f9aedc182a516dd1190,"If I have a pet bird, what does it likely live in?",E,A,E,E,1.0,0.0,1.0,0.0,False,False,False,True,0.0,0.0,0.0,0.0,0.0,1.0,0.0,0.0,0.0,0.0,1.0
f2645d0ee8662b6553954cee7e77979e,Joe and Mac were playing basketball. They did it every day in their back yard.  Why were they playing basketball?,B,A,B,B,1.0,0.0,0.99999928,2.4e-07,False,False,False,True,2.4e-07,0.0,1.0,0.0,0.0,0.0,2.4e-07,0.99999928,0.0,1e-08,5e-07
ea6d1a739ea841be282e13789270651e,What makes someone a nomad?,C,E,C,E,1.0,0.0,1.67e-05,0.99997699,True,True,False,True,0.99997699,1e-08,0.0,1.0,0.0,0.0,6.14e-06,0.0,1.67e-05,1.1e-07,0.99997699
c82ed0c2a2e115452b4d596c5faafbcf,What is a treat that you dog will enjoy?,D,C,D,D,1.0,0.0,1.0,0.0,False,False,False,True,0.0,0.0,0.0,0.0,1.0,0.0,0.0,0.0,0.0,1.0,0.0
163d83851ecd4a4144b31b8738e4c335,Women used to be expected to wear a dress but it's now acceptable for them to wear what?,B,D,B,B,1.0,0.0,0.99999928,7e-08,False,False,False,True,7e-08,0.0,1.0,0.0,0.0,0.0,6.5e-07,0.99999928,0.0,7e-08,3e-08
095767956c500ca1af7cf7671556de5b,The fact that Joe was able to memorize the list in spite of his apparent  state proved that part of his brain was what?,A,C,A,C,1.0,0.0,0.01798618,0.98201192,True,True,False,True,0.98201192,1.0,0.0,0.0,0.0,0.0,0.01798618,1.05e-06,0.98201192,2e-08,8.2e-07
d31ee38f67d1173275e120b8ad36039c,What is a wet person likely to do?,C,D,C,D,1.0,0.0,0.0,0.99999881,True,True,False,True,0.99999881,0.0,0.0,1.0,0.0,0.0,3.9e-07,0.0,0.0,0.99999881,8.3e-07
c410a4626dfce4b4cfd3e5937602cd77,"After recovering from the disease, what did the doctor call the patient?",A,C,A,C,0.98952382,7e-08,1.301e-05,0.99989082,True,True,False,True,0.99989075,0.98952382,4.4e-07,7e-08,4.18e-06,0.00191023,1.301e-05,4e-08,0.99989082,9e-08,9.61e-05
14d760e43728e9e4643c414627f2b596,"The painter started to edge the room with tape, he always took extra care to make the lines clean and crisp when working with an what?",E,C,C,C,0.0,1.0,0.0,1.0,False,False,False,False,0.0,0.0,0.0,1.0,0.0,0.0,0.0,0.0,1.0,0.0,0.0
abcf1b550b4d44f46d4f68b8e1d98ec8,"After high tide, where on the coast can you look to find a sea anemone?",D,E,D,E,1.0,0.0,3.1e-07,0.99999964,True,True,False,True,0.99999964,0.0,0.0,0.0,1.0,0.0,0.0,0.0,0.0,3.1e-07,0.99999964
5b8af6f26335dbd501b0104c71e26d9e,What could a driving car do to a pedestrian?,B,C,B,B,0.99994922,6e-08,0.97582462,0.02294919,False,False,False,True,0.02294913,1.37e-06,0.99994922,6e-08,1e-07,2.144e-05,0.00088984,0.97582462,0.02294919,8.72e-06,0.00032735
4364b4b342fb7b44434bd6694bf8fd51,People do many things to alleviate boredom.  If you can't get out of the house you might decide to do what?,D,C,D,D,0.99999988,0.0,0.9706871,1.1e-07,False,False,False,True,1.1e-07,7e-08,3e-08,0.0,0.99999988,0.0,0.02931221,6.3e-07,1.1e-07,0.9706871,5e-08
3ffe67fb009529d9b0c49ccd7141ee4a,"At a grocery store they sell individual potatoes, where does the grocery clerk likely put the potato?",D,E,D,D,1.0,0.0,0.99999988,1.4e-07,False,False,False,True,1.4e-07,0.0,0.0,0.0,1.0,0.0,0.0,0.0,0.0,0.99999988,1.4e-07
f372587fa4c99d5bebf0d0eb987c44e2,What room is a rubber bath mat usually kept?,E,C,E,E,1.0,0.0,1.0,0.0,False,False,False,True,0.0,0.0,0.0,0.0,0.0,1.0,0.0,0.0,0.0,0.0,1.0
d35a8a3bd560fdd651ecf314878ed30f,What would you put meat on top of to cook it?,E,A,E,E,1.0,0.0,1.0,4e-08,False,False,False,True,4e-08,0.0,0.0,0.0,0.0,1.0,4e-08,0.0,0.0,0.0,1.0
0542414710025f56b0c26e1bae5c4d06,Minerals can be obtained in what way for a person who avoids leafy greens?,A,B,A,E,0.88079696,2e-08,0.07585814,1.3e-07,True,False,True,False,1.2e-07,0.88079696,2e-08,0.0,8e-08,0.11920291,0.07585814,1.3e-07,0.0,4.7e-07,0.9241413
1875f70cf736c68c7a9df3ef870224a1,What could you be a few hours after you finish cashing in due to your cash?,A,E,C,E,0.00042942,0.00015798,6.5e-07,0.99999905,True,True,False,False,0.99984107,0.00042942,2.25e-06,0.9969375,0.00247116,0.00015798,6.5e-07,1e-08,0.0,2.4e-07,0.99999905
83250ae2dfeb2e3886ead4cde8e1290f,"The smelly man was having a bath, but what is he pursuing?",C,A,C,A,0.99999988,9e-08,2.4e-07,0.99998617,True,True,False,True,0.99998608,9e-08,1e-08,0.99999988,1e-08,3e-08,0.99998617,3.9e-07,2.4e-07,1.301e-05,2.4e-07
70c39372c0d50566554fd72c768b75f6,What might a couple have a lot of when they are deciding on stopping being married to each other?,E,A,E,E,1.0,0.0,0.56200145,0.43768717,False,False,False,True,0.43768717,0.0,0.0,0.0,0.0,1.0,0.43768717,5e-08,1e-08,3.6e-07,0.56200145
c21ec5b367f409a0288d616f626555ae,"If a person is working a lot, what are they likely trying to earn?",A,C,A,C,1.0,0.0,0.00315977,0.99276969,True,True,False,True,0.99276969,1.0,1e-08,0.0,1e-08,3e-08,0.00315977,1.291e-05,0.99276969,5e-07,0.00405722
a2cd03ed068f6d613e85f3a60f4db0a1,"The traveling business man was glad his credit card had perks, it offset the high prices for travel from a what?",C,D,D,D,5.829e-05,0.99993933,0.0,0.99999988,False,False,False,False,6.055e-05,3e-08,1e-08,5.829e-05,0.99993933,2.26e-06,0.0,0.0,0.0,0.99999988,7e-08
d2871dc28c82471e5d7f71f79e49c257,"Billy hated using other people's toilets. He was only comfortable on his own.  So whenever he needed to poop, he would go back to his what?",D,B,D,D,0.99844697,3.53e-05,0.71841014,0.07571987,False,False,False,True,0.07568456,0.0015011,3.53e-05,2e-08,0.99844697,1.668e-05,0.20582794,0.07571987,1.7e-07,0.71841014,4.188e-05
94770e75c4e2000e717b4218ddff19e8,"The forest experienced a cold winter, where is it located?",D,C,D,C,0.9999975,0.0,9.61e-05,0.99985804,True,True,False,True,0.99985804,2.26e-06,9e-08,0.0,0.9999975,9e-08,4.539e-05,2.4e-07,0.99985804,9.61e-05,1.9e-07
08ad17d3ca1838b8724d21cf5921ec52,How can you let someone know about your anger without hurting him or her?,D,A,D,A,0.99999976,1.9e-07,0.22269956,0.77729787,True,True,False,True,0.77729769,1.9e-07,0.0,0.0,0.99999976,1e-08,0.77729787,3.9e-07,3e-08,0.22269956,2.26e-06
21fb76bd8349628b441c76f47c33e77b,Where is one likely to find a brownstone?,A,C,A,A,1.0,0.0,0.99999964,1e-08,False,False,False,True,1e-08,1.0,1e-08,0.0,0.0,0.0,0.99999964,2.4e-07,1e-08,2e-08,7e-08
e151b44e0a7bf08a1dd3c861eef09161,What may I place the telephone on?,C,D,C,D,1.0,0.0,0.00043054,0.99953339,True,True,False,True,0.99953339,0.0,0.0,1.0,0.0,0.0,3.534e-05,1.4e-07,0.00043054,0.99953339,6.5e-07
46351b3a6beb694c5f623583a3b1473d,What language type is someone from Iran likely to use?,B,D,E,D,2.9e-06,5e-08,0.0,0.99999964,True,True,False,False,0.9999996,0.00012339,2.9e-06,1e-08,5e-08,0.99987365,7e-08,0.0,0.0,0.99999964,2.4e-07
db75e16788cf56d5dfb9773eaf91fe7e,"John went to a party that lasted all night.  Because of this, he didn't have time for what?",E,B,C,E,7e-08,3e-08,0.97525408,0.01391125,True,False,True,False,0.01391122,0.00091105,3e-08,0.99908876,0.0,7e-08,0.01083409,0.01391125,4.9e-07,2e-08,0.97525408
ffd89796a9b09bef56c5803f188764c6,"The child wasn't allowed in the kitchen but still wanted to help, what could it do to help in the dining room?",A,E,A,A,1.0,0.0,0.99999964,5e-08,False,False,False,True,5e-08,1.0,2e-08,0.0,0.0,0.0,0.99999964,2.4e-07,0.0,1.1e-07,5e-08
5622e49306bb82ec1cec817ad0506c60,"He was having a hard time expressing himself in a healthy way, the psychologist said he was mentally what?",C,D,C,C,0.99999988,0.0,1.0,1e-08,False,False,False,True,1e-08,0.0,0.0,0.99999988,0.0,0.0,0.0,0.0,1.0,1e-08,3e-08
6efaeb796307036719635242fa5ad0f3,When someone is physically competing what does their body do?,E,A,E,E,1.0,0.0,1.0,0.0,False,False,False,True,0.0,0.0,0.0,0.0,0.0,1.0,0.0,0.0,0.0,0.0,1.0
114d310d1198abffaf8b88dab5a55aa7,How would you express information to a deaf person?,C,D,C,E,1.0,0.0,0.03713684,0.00391419,True,False,True,True,0.00391419,0.0,0.0,1.0,0.0,0.0,0.00112144,5.583e-05,0.03713684,0.00391419,0.9577717
0f79faf5337706f2e0e39c15bbd2e99a,Printing on a printer can get expensive because it does what?,B,A,B,A,0.97068777,0.0,0.0,1.0,True,True,False,True,1.0,0.0,0.97068777,0.0,0.0,0.02931223,1.0,0.0,0.0,0.0,1e-08
b62d7d1b5eec31be0b65146a9fc069e0,What will god never do according to religion?,B,C,A,C,0.00960053,3e-07,0.0,1.0,True,True,False,False,0.9999997,0.86421274,0.00960053,3e-07,0.07093891,0.05524728,3e-08,0.0,1.0,0.0,2e-08
1342c6aec9f5179d6ea6fa5fefbe5188,One of the potential hazards of attending school is what?,D,C,C,C,0.01798614,0.98201008,0.0,1.0,False,False,False,False,0.01798992,6.4e-07,1.35e-06,0.98201008,0.01798614,1.73e-06,0.0,0.0,1.0,0.0,0.0
c74ae684ba6c76e2a913493483678c9d,What has a surface with many sides?,A,B,A,A,0.99979512,1e-08,0.99919825,1.07e-06,False,False,False,True,1.05e-06,0.99979512,1e-08,1e-08,1.37e-06,1e-08,0.99919825,1.07e-06,3.9e-07,4.536e-05,4.536e-05
411e50225637b76187cc36b24fe3127c,What could bring a container from one place to another?,C,A,C,C,1.0,0.0,1.0,0.0,False,False,False,True,0.0,0.0,0.0,1.0,0.0,0.0,0.0,0.0,1.0,0.0,0.0
2a0e82bbf1471290c93c8f2a11af197f,The old style pop ups literally let you see the story when you did what?,C,B,C,B,0.62178903,0.0003439,0.0,0.99999809,True,True,False,False,0.99965419,0.00072804,0.0003439,0.62178903,0.37713412,4.91e-06,1.76e-06,0.99999809,0.0,2e-08,1.4e-07
eaadd7a4b18cb48c00f85c3975750fe7,What is it called when you are talking to someone?,A,D,A,D,0.49999905,9e-08,0.03732061,0.96251103,True,True,False,False,0.96251094,0.49999905,6e-07,0.49999905,9e-08,1.13e-06,0.03732061,5.91e-06,9.75e-06,0.96251103,0.00015252
403c9b067ef7363efffa822bb08c5426,"The family finished dinner, the child's chore was to load the dirty dishes where?",B,D,B,D,1.0,1e-08,0.26875318,0.73054687,True,True,False,True,0.73054686,0.0,1.0,0.0,1e-08,0.0,3.317e-05,0.26875318,6.1e-07,0.73054687,0.00066617
adf228312401c9ff421a4da1b46bb70a,Where could you find a bureau as well as many politicians?,E,B,B,B,0.0,1.0,3.1e-07,0.99999344,False,False,False,False,-6.56e-06,0.0,1.0,0.0,0.0,0.0,6.14e-06,0.99999344,0.0,1e-08,3.1e-07
57c85e4c7ea2501ef9d8f304b524e2e4,"Dad wanted to hide the check in his office, where did he put it?",B,D,B,B,1.0,0.0,0.99030836,0.00245473,False,False,False,True,0.00245473,0.0,1.0,1e-08,0.0,0.0,0.00054772,0.99030836,1.654e-05,0.00245473,0.00667265
c22f30eee57f7191ee07e9a916460f68,"For some reason she was devoid of regular emotions, buying products was the only way she could feel what?",A,C,A,A,0.99564998,2e-08,0.66505451,0.00010539,False,False,False,True,0.00010536,0.99564998,0.00026012,2e-08,1.295e-05,0.00316893,0.66505451,0.02008291,0.00010539,0.0004723,0.31414951
026cb9c07a583ec933f2c4c67ae73836,Where are horses judged on appearance?,B,D,B,D,0.99997854,0.0,2e-08,0.99987556,True,True,False,True,0.99987556,0.0,0.99997854,0.0,0.0,2.144e-05,1.07e-06,2e-08,0.0,0.99987556,0.00012339
c57ed32566a2db1ec3d6e4fd595b9d05,Why do people read non fiction?,C,E,C,C,1.0,0.0,1.0,1e-08,False,False,False,True,1e-08,0.0,0.0,1.0,0.0,0.0,1e-08,3e-08,1.0,0.0,1e-08
93b52e7ea1acf10db891e9355e234123,While knitting you can do what using a radio?,A,D,A,D,1.0,0.0,0.04742247,0.95250579,True,True,False,True,0.95250579,1.0,0.0,0.0,0.0,0.0,0.04742247,4.8e-07,0.0,0.95250579,7.13e-05
dbdad44029098d4b1d202d6d857d6092,Where are you likely to set papers while working on them?,A,B,A,A,0.99998689,5e-08,0.9999938,1.37e-06,False,False,False,True,1.32e-06,0.99998689,5e-08,0.0,1e-08,0.0,0.9999938,1.37e-06,0.0,4.79e-06,1e-08
69d0f70c173dda17934836d618ca7093,"John had a massive debt to 50 million dollars.  Compared to that, Leo's 2000 dollar debt seemed what?",C,A,B,B,0.0,1.1e-07,1.3e-07,6.771e-05,False,False,False,False,6.76e-05,1.1e-07,0.9999994,0.0,0.0,5e-07,6.771e-05,0.90458847,1.3e-07,7.5e-07,0.09534291
e5697a25935c5249d2108f55e245f3e4,"The man flew his airplane over the city and saw pollution visibly in the sky, what was polluted?",C,E,C,C,1.0,0.0,1.0,1e-08,False,False,False,True,1e-08,0.0,0.0,1.0,0.0,0.0,1e-08,0.0,1.0,0.0,1e-08
99af85081085e6228c6d78c95be01968,What is a very unlikely side effect of becoming inebriated?,E,C,E,C,0.99999857,0.0,0.14800406,0.85170458,True,True,False,True,0.85170458,1e-08,0.0,0.0,1.37e-06,0.99999857,0.00028571,2.6e-07,0.85170458,5.23e-06,0.14800406
235094c966bcbdc94701b41b969f9c75,when communicating with my boss what should i do,B,A,B,A,0.99997842,2.144e-05,1.1e-07,0.99999988,True,True,False,True,0.99997844,2.144e-05,0.99997842,1e-08,1e-08,9e-08,0.99999988,1.1e-07,0.0,0.0,0.0
99789083502af9bf111876a00fae44ac,If not in a stream but in a market where will you find fish?,C,A,B,A,1e-08,0.00055141,1e-08,0.99142072,True,True,False,False,0.99086931,0.00055141,0.99697731,1e-08,1e-08,0.00247126,0.99142072,1.75e-06,1e-08,2e-08,0.00857747
1d44fb5f4b7f1e23ff6c1c083db81ba1,What are people likely to want to do with their friends?,E,C,E,C,0.9999963,3.73e-06,0.0,1.0,True,True,False,True,0.99999627,0.0,0.0,3.73e-06,0.0,0.9999963,0.0,0.0,1.0,0.0,0.0
194b66240f6fab75749c1e30ed09ea09,During a shark filled tornado where should you not be?,E,B,E,E,0.99999988,1e-08,0.99999619,3.73e-06,False,False,False,True,3.71e-06,3e-08,1e-08,0.0,3e-08,0.99999988,3e-08,3.73e-06,0.0,1e-08,0.99999619
83dad4fe630fddbdcd5b18ef890c66f2,What is the likely result of buying products in excess?,E,C,B,E,2.26e-06,0.0,0.99425913,0.0007061,True,False,True,False,0.00070609,1.1e-07,0.99999762,0.0,3e-08,2.26e-06,0.00116416,0.00316451,0.0007061,0.0007061,0.99425913
3ebc5ddd2e97fe37fcb52aa2a9e2e1a7,What is a person trying to accomplish when taking analgesics?,B,C,B,B,1.0,0.0,0.99999964,9e-08,False,False,False,True,9e-08,0.0,1.0,0.0,0.0,0.0,4e-08,0.99999964,9e-08,2e-08,2.4e-07
9ed019338a48216de9eadf64faaf1ce0,Where would you put a glass after drinking from it?,D,E,C,C,0.0,0.0,8.3e-07,0.00015844,False,False,False,False,0.00015844,0.0,0.0,1.0,0.0,0.0,3.1e-07,1e-08,0.9998404,8.3e-07,0.00015844
d1d2585e0ba1160948b7c5822a99b7a1,Where would you buy food?,B,E,B,E,0.99999976,1.9e-07,0.0,1.0,True,True,False,True,0.99999981,4e-08,0.99999976,0.0,0.0,1.9e-07,0.0,0.0,0.0,0.0,1.0
e34a0d1331c6bd4574ffe308e3fbd389,"When a person admits his mistakes, what are they doing?",E,A,E,E,1.0,0.0,1.0,3e-08,False,False,False,True,3e-08,0.0,0.0,0.0,0.0,1.0,3e-08,0.0,0.0,0.0,1.0
4858669d0193e5d9384dc37d4bb5c00c,Where do play a game for money?,A,B,A,A,0.99994171,1e-08,0.99999619,2.9e-06,False,False,False,True,2.9e-06,0.99994171,1e-08,5.829e-05,1e-08,0.0,0.99999619,2.9e-06,3e-08,6.5e-07,3.9e-07
8fd82cdc253835814153fe7222e9967c,When you travel you should what in case of unexpected costs?,E,A,E,E,1.0,0.0,1.0,0.0,False,False,False,True,0.0,0.0,0.0,0.0,0.0,1.0,0.0,0.0,0.0,0.0,1.0
66458bf8599c3ef1e7b50fa527531882,"Donald is a prominent figure for the federal government, so in what city does he likely spend a lot of time?",E,B,B,E,0.00247262,0.99752551,0.99996281,3.536e-05,True,False,True,False,-0.99749016,1.3e-07,0.99752551,1e-08,1.76e-06,0.00247262,5e-08,3.536e-05,0.0,1.76e-06,0.99996281
879239b8a788f3c9e3dfdd0862f3d7c5,"There was more than one bum asking for change or a ticket, it was the cheapest way to travel so it was no surprise sight at the what?",C,A,C,A,0.98199732,0.01798591,0.0,1.0,True,True,False,False,0.98201409,0.01798591,1.64e-05,0.98199732,3e-07,3e-08,1.0,0.0,0.0,0.0,0.0
8a69e6df5e8ad6c9e6828aa66c59d046,John and Joe like planning games but Joe  was hit by a ball and fell down. What might have happened to Joe.,D,C,D,D,1.0,0.0,1.0,0.0,False,False,False,True,0.0,0.0,0.0,0.0,1.0,0.0,2e-08,0.0,0.0,1.0,0.0
8d275acea05fd16295c659c504576a9b,Where can you buy jeans at one of may indoor merchants?,B,C,B,B,0.99752741,1e-08,0.98888761,1.06e-06,False,False,False,True,1.04e-06,0.00247262,0.99752741,1e-08,3e-08,3e-08,0.01098555,0.98888761,1.06e-06,3.69e-06,0.00012204
91629c6f9e4af3e6acf385eb23fd8068,What do you write letter in in America?,D,E,E,E,0.32056567,0.67863752,7.89e-06,0.99999213,False,False,False,False,0.32135461,0.0007946,1.74e-06,1.8e-07,0.32056567,0.67863752,0.0,0.0,0.0,7.89e-06,0.99999213
59eb56f366407ac7db72996be265883b,Joe owned back taxes as well as what other type of taxes?,E,B,E,B,0.99999988,0.0,0.00042595,0.98886779,True,True,False,True,0.98886779,9e-08,0.0,2e-08,4e-08,0.99999988,0.00666294,0.98886779,2.7e-07,0.00404128,0.00042595
4ab069f2e979d51f2c5929f590d09982,Where is a broadcast studio likely to be heard?,C,A,C,C,1.0,0.0,0.99999988,0.0,False,False,False,True,0.0,0.0,0.0,1.0,0.0,0.0,0.0,0.0,0.99999988,0.0,1.1e-07
d6bb990e8c409d2b3af37a2da198e01f,Kramer wrote a self-referential book.  What might that book be about?,B,D,E,D,0.01790582,0.00069428,0.0,0.99999523,True,True,False,False,0.99930095,0.21813749,0.01790582,0.00188726,0.00069428,0.76137464,0.0,0.0,0.0,0.99999523,4.79e-06
c5ad166ab5c5f5f067aa02b20f482523,"Of all the sports, Billy enjoys football, but what does his concerned mother think of the sport?",E,C,E,E,1.0,0.0,0.99990393,9.61e-05,False,False,False,True,9.61e-05,0.0,0.0,0.0,0.0,1.0,0.0,0.0,9.61e-05,0.0,0.99990393
ceafca2445b1b974d085a8cce38e8e44,What city will likely have many parking structures?,A,B,A,A,0.99999988,1.1e-07,0.99999869,5e-07,False,False,False,True,3.9e-07,0.99999988,1.1e-07,1e-08,3e-08,3e-08,0.99999869,5e-07,1e-08,6.5e-07,2.4e-07
2ef2ae21a2d3a9ecbd5c45ff378d10e3,Sally was afraid of danger and always double checked what?,D,C,D,C,0.99999368,2e-08,0.00043021,0.99876342,True,True,False,True,0.99876341,5e-07,8.3e-07,2e-08,0.99999368,4.79e-06,9.599e-05,8.3e-07,0.99876342,0.00043021,0.0007093
793672da43fbc609e8c5760630c7e239,What is the habitat of the fox?,E,B,B,B,0.00192673,0.99806992,2.4e-07,0.99999964,False,False,False,False,0.00192972,9e-08,0.99806992,3.1e-07,2.9e-06,0.00192673,9e-08,0.99999964,0.0,1e-08,2.4e-07
558cb0bc25387ce38d71f64ef6f1fa57,"People are very much like the animals, but one thing has secured or dominance over the planet.  We're better at doing what?",B,C,B,D,0.99987663,0.0,0.00150118,3.9e-07,True,False,True,True,3.9e-07,0.0,0.99987663,0.0,0.00012339,0.0,6.5e-07,0.00150118,3.9e-07,0.99849736,5e-07
2c9f4a98ce774cd734b6e384d95051a7,"They children loved having a back yard, and the parents loved that it was a safe what?",B,A,E,E,0.0,0.0,1e-08,1.37e-06,False,False,False,False,1.37e-06,0.0,0.0,0.0,0.0,1.0,1.37e-06,1e-08,0.0,1.6e-07,0.99682567
33c84708785f88c19737ef5b0e31a64b,"While people just throw coins down them now, what originally had a pail to be lowered for it's intended use?",D,C,D,D,0.99999821,0.0,0.99999976,0.0,False,False,False,True,0.0,0.0,0.0,0.0,0.99999821,1.76e-06,0.0,0.0,0.0,0.99999976,1.9e-07
d867f76d000bdb59b9b4cb982bd7f0a0,Joe was thrown from his boat into the water.  The water was cold because it was the middle of winter and he cried out to his crew for help.  They couldn't hear him over the sound of the what?,D,E,E,E,0.0,1.0,0.0,1.0,False,False,False,False,0.0,0.0,0.0,0.0,0.0,1.0,0.0,0.0,0.0,0.0,1.0
8c607d2e2e897d74048fcc794137b683,"When a human is earning money, where are they often found?",D,B,D,D,1.0,0.0,1.0,0.0,False,False,False,True,0.0,0.0,0.0,0.0,1.0,0.0,0.0,0.0,0.0,1.0,0.0
5215e26c99b2a9b376fb1c70096a388a,"They passed a apple tree on their way to the racetrack, the were going to watch the biggest motorsport spectacle in the world where?",B,C,C,C,1.9e-07,0.99987604,0.0,0.99999845,False,False,False,False,0.00012241,3.1e-07,1.9e-07,0.99987604,9e-08,0.00012339,1.4e-07,0.0,0.99999845,3e-08,1.37e-06
668dc6bce771b10cbf6336f3ec76520a,Why do people play chess on the weekends?,B,C,B,C,0.99916052,3.1e-07,3.536e-05,0.99995387,True,True,False,True,0.99995356,0.00070958,0.99916052,3.1e-07,6.14e-06,0.00012331,7.89e-06,3.536e-05,0.99995387,1.76e-06,1.07e-06
a339fe08f1f50463ee180b797e99ebcc,What do you need energy to do in gym class?,D,B,D,D,0.99999893,0.0,0.99956901,3.1e-07,False,False,False,True,3.1e-07,1.07e-06,0.0,0.0,0.99999893,0.0,0.00043056,3.1e-07,0.0,0.99956901,1.4e-07
526cd34f5b2afefbbb7830434785f298,Sarah dropped the marble because she wanted to do what?,A,E,,E,0.43764381,0.00039908,5e-08,0.9999938,True,True,False,False,0.99959472,0.43764381,1.12e-06,4.7e-07,9.39e-06,0.00039908,5e-08,0.0,0.0,0.0,0.9999938
6c1c1c282cebe8917f607f0dbc1c102e,"We are all human, and we all what?",E,A,E,A,0.96982859,0.02928629,0.0,1.0,True,True,False,False,0.97071371,0.02928629,6.3e-07,1.1e-07,0.00088437,0.96982859,1.0,0.0,0.0,0.0,0.0
b5baf77d3855935c87f01f5fb2216667,"If a person were going to bed, what would be their goal?",D,B,C,C,1e-08,0.0,7.89e-06,3.73e-06,False,False,False,False,3.72e-06,4e-08,0.0,1.0,1e-08,0.0,3.73e-06,3.73e-06,0.99998438,7.89e-06,1.9e-07
83808e92381b2e5f4cdf55d1391645ae,What are candles good for eliminating?,E,C,E,E,1.0,0.0,0.9999963,3.73e-06,False,False,False,True,3.73e-06,0.0,0.0,0.0,0.0,1.0,0.0,0.0,3.73e-06,0.0,0.9999963
1a86310d7279097205a3403752c3b914,WHat leads to an early death?,B,E,E,E,0.3204729,0.67844115,0.0,1.0,False,False,False,False,0.32155885,0.00101999,0.3204729,7.2e-07,6.521e-05,0.67844115,0.0,0.0,0.0,0.0,1.0
b4130d1790948134f3aeab9d3d79c181,What room would you find many bookcases and is used for contemplation?,A,C,,A,0.00192669,2e-08,0.99868471,1.55e-06,True,False,True,False,1.54e-06,0.00192669,5e-07,2e-08,3.72e-06,1.667e-05,0.99868471,9.599e-05,1.55e-06,0.00116934,4.534e-05
a5097b7f56d20217679f28201801476f,Where do you head to travel to a star?,C,D,C,D,0.73052314,5.76e-06,0.01314087,0.92124589,True,True,False,False,0.92124012,0.00066615,0.26874443,0.73052314,5.76e-06,5.468e-05,0.05889327,0.00050953,0.01314087,0.92124589,0.00620731
bcc5dd6292a64d8fa17cd07c360b335d,"The player lifted his cornet and walked in rhythm, what was the player a member of?",C,B,E,E,0.0,0.0,0.0,8.3e-07,False,False,False,False,8.3e-07,0.0,0.0,0.0,0.0,1.0,0.0,8.3e-07,0.0,0.0,0.99999917
cfc7fccb8449a2a950c9d2a50991420e,What happens at soon as a living being is born?,B,A,E,A,0.0,0.0,1.36e-06,0.98868365,True,True,False,False,0.98868364,0.0,0.0,0.0,0.0,1.0,0.98868365,1.36e-06,3e-08,0.00033167,0.01098329
2e83c5989a018bec6d5f5ac7d3b72f49,"When someone is talking and you missed something, what can you do to get them to repeat it?",B,E,B,E,0.99999976,1.9e-07,5e-08,0.99998319,True,True,False,True,0.99998301,3e-08,0.99999976,0.0,1e-08,1.9e-07,1.67e-05,5e-08,0.0,1e-08,0.99998319
34b2d6aecdb5af8efacf0b0aa7e3989f,Where does one store fabric in their own home?,A,B,A,A,1.0,0.0,0.99998415,1.301e-05,False,False,False,True,1.301e-05,1.0,0.0,0.0,0.0,0.0,0.99998415,1.301e-05,0.0,1.07e-06,1.76e-06
2ec7f8fe7948f9997e73f9bff7ba6e05,What do most companies not want to have relative to demand?,A,E,A,A,0.81757061,1.44e-06,0.96252274,0.00015252,False,False,False,False,0.00015108,0.81757061,1.85e-06,2e-08,0.18242465,1.44e-06,0.96252274,3.59e-06,1e-08,0.03732106,0.00015252
651785ed4f7b0bd2e7ca9f70a42acea5,What is happening while he's playing basketball for such a long time?,A,C,A,C,0.99999988,0.0,8.3e-07,0.99999905,True,True,False,True,0.99999904,0.99999988,2e-08,0.0,0.0,0.0,8.3e-07,1e-08,0.99999905,0.0,9e-08
ee46995407eb6357bb5410d49d378629,A traveler laments the fact that mass transit is limited in his city when his groceries get soaked by the rain as he waits where?,A,C,A,A,0.99999976,0.0,0.99988069,7e-08,False,False,False,True,7e-08,0.99999976,1.9e-07,0.0,0.0,0.0,0.99988069,1.013e-05,7e-08,9.61e-05,1.301e-05
303aedda3a5ab8d853cbe4edc4b914c6,"The person was in physical distress, where should he go?",C,E,C,C,1.0,0.0,1.0,0.0,False,False,False,True,0.0,0.0,0.0,1.0,0.0,0.0,0.0,0.0,1.0,0.0,0.0
720b98fbc365736597147c984f6bd301,"The cancer patient was expecting to die, so he made out his what?",B,D,B,D,0.9997384,5e-08,1.4e-07,0.99591689,True,True,False,True,0.99591684,3.9e-07,0.9997384,1e-08,5e-08,0.00026119,1.295e-05,1.4e-07,1e-08,0.99591689,0.00407009
c611875b43b67b91030b889b267bbcb3,"There was a toll road that meandered from Maine to New Hampshire, where was it?",B,D,A,D,1.07e-06,3.9e-07,8e-08,0.99992395,True,True,False,False,0.99992356,0.99996293,1.07e-06,1.9e-07,3.9e-07,3.536e-05,1.07e-06,8e-08,3e-08,0.99992395,7.485e-05
0547da29ffab9b441bae8870cd0f9dab,"If you partied all night you could find yourself already what, even when just beginning work?",A,C,A,C,0.99999523,0.0,9e-08,0.99999702,True,True,False,True,0.99999702,0.99999523,1.76e-06,0.0,6.5e-07,2.26e-06,9e-08,1e-08,0.99999702,0.0,2.9e-06
21e312c7fd1a52341ce35b66457eab36,"The cat carefully navigated the area, they do everything they can to avoid what?",A,C,C,C,2e-08,1.0,0.0,1.0,False,False,False,False,0.0,2e-08,0.0,1.0,0.0,0.0,0.0,0.0,1.0,0.0,0.0
82e26bc22af89c38d54aa2d00dcb8a2b,What is someone usually doing if someone else is talking to him or her?,A,B,A,A,1.0,1e-08,0.99995458,4.54e-05,False,False,False,True,4.539e-05,1.0,1e-08,0.0,0.0,0.0,0.99995458,4.54e-05,0.0,0.0,0.0
f75357e48c3026cfa4da3dba9f91bb21,What does the sky do before a rain?,E,B,E,E,1.0,0.0,0.99999964,3.1e-07,False,False,False,True,3.1e-07,0.0,0.0,0.0,0.0,1.0,0.0,3.1e-07,0.0,0.0,0.99999964
64931f9097155672bfe3e16f03b2c195,"Pens, computers, text books and paper clips can all be found where?",B,E,E,E,4.54e-05,0.99995458,0.0,1.0,False,False,False,False,4.542e-05,0.0,4.54e-05,0.0,0.0,0.99995458,0.0,0.0,0.0,0.0,1.0
5de3248caa2e5ed83dd0ec45a15eae18,What geographic area is a lizard likely to be?,B,D,C,C,0.0,0.0,3.9e-07,0.00070967,False,False,False,False,0.00070967,0.0,0.0,1.0,0.0,0.0,3.72e-06,3.9e-07,0.99928478,0.00070967,1.37e-06
0611dfbf5114084723d75f59b4f67412,What do you use to carry your briefcase?,E,C,E,E,1.0,0.0,1.0,0.0,False,False,False,True,0.0,0.0,0.0,0.0,0.0,1.0,0.0,0.0,0.0,0.0,1.0
5b8d76889510384b38b72945e8d28f53,"He picked up his pace to a run, he wanted to do what?",E,A,D,D,1e-08,0.0,0.00150118,1e-08,False,False,False,False,1e-08,0.0,0.0,0.0,1.0,1e-08,1e-08,0.0,0.0,0.99849879,0.00150118
d81f5c49bc060dc799681bf4cacac73a,What would a person do if they do not have any friends?,D,C,D,D,1.0,0.0,0.99999988,1e-08,False,False,False,True,1e-08,0.0,0.0,0.0,1.0,0.0,1.1e-07,0.0,1e-08,0.99999988,5e-08
aaf4fa38433c84b3bd0a86551259ce62,"As a result of dying, what happens to organic material?",D,C,D,D,1.0,0.0,0.99999917,0.0,False,False,False,True,0.0,0.0,0.0,0.0,1.0,2e-08,1e-08,0.0,0.0,0.99999917,8.3e-07
33ea932a876ac0361c9eefeff1d24e92,What does everyone have in relation to other people?,A,E,A,E,0.99682721,0.00317268,4e-08,1.0,True,True,False,True,0.99682732,0.99682721,5e-08,0.0,0.0,0.00317268,4e-08,0.0,0.0,0.0,1.0
aead08289ca9abfcd169f935ea228ee5,What do you ask a child to do when you first meet her?,D,C,D,D,0.99998677,0.0,0.98789783,0.01097455,False,False,False,True,0.01097455,1.301e-05,1e-08,0.0,0.99998677,1.9e-07,0.00070158,5e-07,0.01097455,0.98789783,0.00042553
adbddc80b10bf25f09c6c2bee4e3c59b,"Where can you buy a clock, clothing and wrenches?",E,A,E,E,1.0,0.0,1.0,0.0,False,False,False,True,0.0,0.0,0.0,0.0,0.0,1.0,0.0,0.0,0.0,0.0,1.0
1caf93d6a22dc8190e19c14bbe1fafda,What do you do when you're in a new place and want to see new things?,B,A,B,B,0.99996543,7.89e-06,0.99994827,7.89e-06,False,False,False,True,-0.0,7.89e-06,0.99996543,2.144e-05,3.1e-07,4.78e-06,7.89e-06,0.99994827,6.14e-06,2.26e-06,3.536e-05
0bf4d64ad0eee7224acb3a4eb85accb2,What happens when to ice when it is in the sun?,B,D,B,D,0.99998891,6.5e-07,6.14e-06,0.99978249,True,True,False,True,0.99978184,1.37e-06,0.99998891,8e-08,6.5e-07,7.89e-06,7.89e-06,6.14e-06,1e-08,0.99978249,0.00020342
b93532cae23e505628dd88568da3337e,Where can you store your dishes in your dwelling?,B,C,E,E,1.52e-06,0.00101256,0.0,1.9e-07,False,False,False,False,-0.00101237,0.09114747,1.52e-06,0.00101256,0.04305502,0.8647832,1.013e-05,0.0,1.9e-07,2.4e-07,0.99998939
2d3c9d3dff1a7a8253180cb3de1ceeea,"The man laid on the soft moss and looked up at the trees, where was the man?",B,D,B,D,0.99999976,1e-08,3.277e-05,0.56213402,True,True,False,True,0.56213401,0.0,0.99999976,0.0,1e-08,2.4e-07,4.208e-05,3.277e-05,3e-08,0.56213402,0.43779041
70701f5d1d62e58d5c74e2e303bb4065,What is someone doing if he or she is sitting quietly and his or her eyes are moving?,A,B,A,A,0.99996376,3.1e-07,0.93926199,0.00066704,False,False,False,True,0.00066673,0.99996376,3.1e-07,0.0,5e-07,3.536e-05,0.93926199,0.00066704,8e-08,2.586e-05,0.060045
eacd87f297193033669a93160ae3776f,Where can I find a stapler in many places?,B,A,B,B,0.99999988,1e-08,0.90448684,0.09533221,False,False,False,True,0.09533219,1e-08,0.99999988,0.0,1e-08,9e-08,0.09533221,0.90448684,1.59e-06,0.00011162,6.77e-05
8e1b0792e441a5d54ae47a4b24f48977,"A man takes a seat at a museum outside of Barcelona, where is he likely?",B,E,B,E,0.99999833,1.37e-06,0.18233697,0.81717765,True,True,False,True,0.81717628,7e-08,0.99999833,9e-08,1e-08,1.37e-06,0.00035199,0.18233697,3.91e-06,0.00012949,0.81717765
b4cde6a56fb19afc84876ebf2fb9e71a,Where would you find a toy soldier that is being played with?,C,D,C,C,1.0,0.0,1.0,3e-08,False,False,False,True,3e-08,0.0,0.0,1.0,0.0,0.0,0.0,1e-08,1.0,3e-08,0.0
095c5bc5fbaf12b384e9f7df47fdec16,Where are you when you're about to use your plane ticket?,C,D,C,D,0.99807324,0.0,4.539e-05,0.99979536,True,True,False,True,0.99979536,0.00192673,1e-08,0.99807324,0.0,1e-08,0.00015843,2e-08,4.539e-05,0.99979536,8.3e-07
494c501dbbfd36c602aae9e5b8e0cfff,"Flowers make a good center focal point, just one of many arrangements that look good on a what?",B,E,B,E,0.99999952,3.9e-07,0.0,0.9999994,True,True,False,True,0.99999901,4e-08,0.99999952,0.0,9e-08,3.9e-07,0.0,0.0,0.0,0.0,0.9999994
5a7f6fd97b2c9ad05f773bc8b2ecf441,How can a human cross a river and not mess up their hair?,D,A,D,A,0.7772178,2.14e-05,5.829e-05,0.99994088,True,True,False,False,0.99991947,2.14e-05,0.22267663,4.78e-06,0.7772178,7.47e-05,0.99994088,6.5e-07,1e-08,5.829e-05,4e-08
5279a2ea333ba8a5bf3a7637a7279da1,Batman bought beer.  There were no bottles available.  He had to settle for what?.,D,E,D,D,0.99999988,3e-08,0.99999833,1.9e-07,False,False,False,True,1.6e-07,1e-08,0.0,9e-08,0.99999988,3e-08,1.37e-06,2e-08,5e-08,0.99999833,1.9e-07
42c46e28baf0fc617a07419286178c0a,You can find a monkey in what West African region on the Gulf of Guinea,E,B,E,E,1.0,0.0,1.0,3e-08,False,False,False,True,3e-08,0.0,0.0,0.0,0.0,1.0,0.0,3e-08,0.0,0.0,1.0
c76304b4962f94ab9f20f09cf4a1a7c1,Surprising an angry person could lead to what?,B,D,B,D,0.99999285,1e-08,0.0,0.99999821,True,True,False,True,0.99999821,2e-08,0.99999285,0.0,1e-08,6.14e-06,0.0,0.0,0.0,0.99999821,1.76e-06
8b23cd355ffc8b6e7aa5459ffb21b4e0,Where is a dining area likely to be small?,B,A,D,A,0.15151256,0.19454598,1e-08,0.9999994,True,True,False,False,0.80545343,0.19454598,0.15151256,0.01243691,0.32075209,0.32075209,0.9999994,1e-08,2e-08,1.9e-07,3.9e-07
c35f7de9e9005fcf654cb0b23f17acd6,Killing people should not cause what emotion?,C,E,C,E,0.99998963,1.013e-05,1e-08,1.0,True,True,False,True,0.99998987,1.9e-07,0.0,0.99998963,0.0,1.013e-05,2e-08,0.0,1e-08,0.0,1.0
d910859b9d1acae40456dbeaa8334bc0,"James slamed into someone playing football, and not for the first time.  He was concerned about the consequences of many what?",C,A,C,C,1.0,0.0,1.0,0.0,False,False,False,True,0.0,0.0,0.0,1.0,0.0,0.0,0.0,2e-08,1.0,0.0,1e-08
6ca8439d062de4d43d7d471c508b78db,"More people should lower the guard and just have fun, we don't got long just what?",A,C,E,C,0.02127108,3.6e-07,0.00026054,0.9972313,True,True,False,False,0.99723095,0.02127108,1.511e-05,3.6e-07,0.07424338,0.90446958,0.00026054,7.3e-07,0.9972313,3.526e-05,0.00247189
ddd8c62ec94b4f94eeefdd05b9208a71,Where can you get a lizard to keep in your home?,C,D,C,C,1.0,0.0,0.99999893,1.07e-06,False,False,False,True,1.07e-06,0.0,0.0,1.0,0.0,0.0,0.0,0.0,0.99999893,1.07e-06,0.0
72b638200414a526b598de0e01a044df,What would use a musical instrument?,C,E,A,A,1.2e-07,2.2e-07,2.15e-06,0.0002488,False,False,False,False,0.00024858,0.90464983,4.6e-07,1.2e-07,4e-08,2.2e-07,0.95230012,3.367e-05,2.15e-06,2.76e-06,0.0002488
c770870c88f35f9d110217049c5a7334,"She was in an affair, what did that end upon discovery by her husband?",B,A,B,A,0.9999789,1.013e-05,0.01396492,0.97901628,True,True,False,True,0.97900615,1.013e-05,0.9999789,1e-08,6.14e-06,4.79e-06,0.97901628,0.01396492,4.4e-07,0.00659656,0.0004217
1d8d9e3504c8c58a3b923ddc155c19b0,What is the most famous constellation out of earth?,B,D,A,D,0.00050832,0.23237781,0.0,0.99999988,True,True,False,False,0.76762208,0.38312623,0.00050832,8.833e-05,0.23237781,0.38312623,1e-08,0.0,0.0,0.99999988,9e-08
95acebea992a26c3a7c3bfb45845fa83,"If a reception is held with hotel guests walking by, what is the likely venue?",C,D,C,C,1.0,0.0,0.99999988,1.1e-07,False,False,False,True,1.1e-07,0.0,0.0,1.0,0.0,0.0,0.0,0.0,0.99999988,1.1e-07,0.0
c2c2a387fd9a6a26cff636008de21f71,What is a place that is far away from your house and where you could consume beer?,B,A,B,E,0.96574368,7.62e-06,0.05943084,0.00379929,True,False,True,True,0.00379167,7.62e-06,0.96574368,0.00394677,0.00113077,0.02916293,0.00379929,0.05943084,0.00084774,0.00626397,0.92965479
57e96118fee6e2bbac5f59790fc833c0,"If a court case is dismissed after hearing testimony, what would be a likely cause?",A,D,A,D,0.99999988,7e-08,1.301e-05,0.99998558,True,True,False,True,0.99998551,0.99999988,0.0,0.0,7e-08,0.0,1.301e-05,0.0,0.0,0.99998558,1.37e-06
b9b82aa4c236cd342ff95455b8516a42,Sitting down quickly after eating beans could lead to what?,A,D,A,D,0.99999988,0.0,0.00522013,0.99477968,True,True,False,True,0.99477968,0.99999988,7e-08,0.0,0.0,0.0,0.00522013,1.1e-07,0.0,0.99477968,5e-08
41fac392c6a5827c1b6682d5d3798e59,"John was my neighbor, it was easy to talk to him. He was never what?",B,E,B,E,0.4999997,3.2e-07,0.0007946,0.67863787,True,True,False,False,0.67863754,3.2e-07,0.4999997,1e-08,0.4999997,3.2e-07,1.53e-06,0.0007946,0.0,0.32056582,0.67863787
5c224410a40c9269b1e542cfcb430d35,Where do people want to have a lot of coffee?,B,D,E,D,0.08492417,0.1090448,0.0,0.99999821,True,True,False,False,0.89095342,0.00021051,0.08492417,2.219e-05,0.1090448,0.80573803,0.0,0.0,0.0,0.99999821,1.76e-06
0b90c6710a65eb55fea4cc92895bf601,"You stop and have food all around you, what are you?",E,D,C,D,1.9e-07,1e-08,3.536e-05,0.9999646,True,True,False,False,0.99996459,5e-07,0.0,0.99999928,1e-08,1.9e-07,2e-08,0.0,0.0,0.9999646,3.536e-05
70af2b5df22ec96901350dfa3c9ee74f,James was meeting a friend.  They had planed a slow day. They didn't want to do much.  They just wanted what?,A,D,A,A,0.9999994,0.0,0.92414079,0.0758581,False,False,False,True,0.0758581,0.9999994,0.0,0.0,0.0,3e-08,0.92414079,1.3e-07,0.0,0.0758581,9.9e-07
f9243ef9f0037657c337d3c6a9832f05,"The car's steering seem quite loose, but he still considered purchasing it because he needed something small and what?",D,B,D,D,1.0,0.0,0.99999952,1e-08,False,False,False,True,1e-08,0.0,0.0,0.0,1.0,0.0,5e-07,1e-08,0.0,0.99999952,4e-08
27f2074270ea8a5e8f5ec2a017ec4a50,"Dan was a farmer with just one heifer.  But that was okay, he only kept her for milk, and he didn't think he'd find good farmland in a place as cold as where?",C,B,C,C,1.0,0.0,1.0,0.0,False,False,False,True,0.0,0.0,0.0,1.0,0.0,0.0,0.0,0.0,1.0,0.0,0.0
63b3652d54c8c0e571f6bb50de318bf0,It's Friday night and Alice puts off going to bed because she plans on doing what Saturday?,B,E,D,D,1.76e-06,0.0,1.37e-06,1e-08,False,False,False,False,1e-08,0.0,1.76e-06,0.0,0.99999821,0.0,3e-08,1.37e-06,0.0,0.99999857,1e-08
0843c51212a3c2eee660fab5648c9e19,"His phone was dead and they couldn't find the expressway, he opened up the glove compartment and handed his passenger the what to navigate?",C,E,C,C,1.0,0.0,1.0,0.0,False,False,False,True,0.0,0.0,0.0,1.0,0.0,0.0,0.0,0.0,1.0,0.0,0.0
1b3d286458a7e7f069222de0376d06da,What would someone use a personal key for?,C,B,B,B,0.00088442,0.96988779,0.0,0.99944098,False,False,False,False,0.02955319,0.01776412,0.96988779,0.00088442,0.01077448,0.00068879,6.14e-06,0.99944098,0.0,5e-08,0.00055278
86e2aabfb9d401567f04d87a648ff776,"The cat kept pestering it's owner, it was that time of the day and it was what?",C,D,C,D,1.0,0.0,0.26880044,0.73067533,True,True,False,True,0.73067533,0.0,0.0,1.0,0.0,0.0,9.017e-05,1.46e-06,0.26880044,0.73067533,0.00040413
092c24369367b3c7457198f3ce160fe3,"Her voice lent her to the alto section, what group did she join?",C,E,C,C,1.0,0.0,0.99999213,7.89e-06,False,False,False,True,7.89e-06,0.0,0.0,1.0,0.0,0.0,1e-08,0.0,0.99999213,0.0,7.89e-06
cab9eea2a91b1bd5c0a01b11f594f154,Where are you likely to find a Japanese restaurant not run by people from Japan?,A,B,A,A,0.99999976,0.0,0.99477567,5e-07,False,False,False,True,5e-07,0.99999976,0.0,7e-08,1.4e-07,3e-08,0.99477567,5e-07,9e-08,3.71e-06,0.0052201
6e77de03bee86d6c20780e14f00944d0,Animals who have hair and don't lay eggs are what?,C,D,C,C,1.0,0.0,1.0,0.0,False,False,False,True,0.0,0.0,0.0,1.0,0.0,0.0,0.0,0.0,1.0,0.0,0.0
7f25dbab26165b3c8800c2733ca759d6,John was an aristocratic fox hunter.  Where might he live?,B,D,A,A,1e-08,0.0,1e-08,1.9e-07,False,False,False,False,1.8e-07,0.99999714,1e-08,0.0,0.0,2.9e-06,0.99999964,1e-08,0.0,1.9e-07,9e-08
9024493a3edbaf555fda5b477e835bf5,Where is a grape likely to be being fed to someone else?,E,B,A,B,0.01098692,3e-07,3.535e-05,0.99991918,True,True,False,False,0.99991888,0.98901096,3e-07,0.0,2e-08,0.01098692,4.54e-05,0.99991918,0.0,0.0,3.535e-05
fc59ab1a9e6d2b51126dd828d30e9167,"Some food can be stored at room temperature until you open it, then you should keep it in what?",D,E,D,E,0.97698703,0.02297653,0.0,1.0,True,True,False,False,0.97702347,4e-08,2e-08,4.67e-06,0.97698703,0.02297653,0.0,0.0,0.0,0.0,1.0
5a50ea4bb2d13dc4f620ebd45025d445,Sam couldn't get back to sleep because of a dream he had.  It was a what?,E,C,E,E,1.0,0.0,1.0,0.0,False,False,False,True,0.0,0.0,0.0,0.0,0.0,1.0,0.0,0.0,0.0,0.0,1.0
8becd2ee4e86258566a9c2b0e6d9544e,If you're going to a party in a new town what are you hoping to make?,B,E,B,B,1.0,0.0,1.0,5e-08,False,False,False,True,5e-08,0.0,1.0,0.0,0.0,0.0,5e-08,1.0,0.0,0.0,5e-08
2a21820a135e1a49883525c055c74a0b,How is riding a bike getting it to move?,E,D,E,E,1.0,0.0,1.0,1e-08,False,False,False,True,1e-08,0.0,0.0,0.0,0.0,1.0,0.0,0.0,0.0,1e-08,1.0
e5adfec0b5ba691ec752f9b5e0fb8084,Where does one usually keep literature?,D,E,B,B,3.9e-07,7.485e-05,0.01384831,0.01384831,False,False,False,False,0.01377346,3e-08,0.99992478,0.0,3.9e-07,7.485e-05,0.0014596,0.97084157,2.19e-06,0.01384831,0.01384831
406e15b76269d20b5448a91648094291,WHat type of keyboard is made up of one or more pipe divisions?,E,B,B,B,1.9e-07,0.99999976,0.0,1.0,False,False,False,False,2.4e-07,0.0,0.99999976,1e-08,2e-08,1.9e-07,0.0,1.0,0.0,0.0,0.0
9c596382ea15768f95b5ef9ceec191dc,"The bell rang, and the congregation began to what in to the church?",C,E,E,E,3e-08,0.96267208,0.0,0.99997246,False,False,False,False,0.03730039,0.03732684,1.03e-06,3e-08,2e-08,0.96267208,2.754e-05,0.0,0.0,0.0,0.99997246
7a3d0c94438a5c8a09364aaebb848a2c,"James needed smooth sandpaper, but instead he got what type?",A,C,A,C,0.99999821,0.0,0.00020343,0.99979238,True,True,False,True,0.99979238,0.99999821,0.0,0.0,1.76e-06,0.0,0.00020343,5e-07,0.99979238,3.73e-06,3e-08
1ef68db97654f30cd3701b942fadc934,Where would you borrow furniture if you do not have any?,B,A,B,B,1.0,0.0,0.99999475,5e-07,False,False,False,True,5e-07,0.0,1.0,0.0,0.0,0.0,5e-07,0.99999475,0.0,0.0,4.79e-06
abb090bbc572be1016bcd5f261f28e76,What must happen for an animal to and it's offspring to continue livng?,C,D,C,C,1.0,0.0,0.99999523,4.79e-06,False,False,False,True,4.79e-06,0.0,0.0,1.0,0.0,0.0,0.0,0.0,0.99999523,4.79e-06,1e-08
91f2532a832a35cba1b08a3c767be6da,"I want my wine stored in darkness, where should it go?",E,C,E,E,0.99992514,1e-08,0.99999702,4e-08,False,False,False,True,4e-08,0.0,0.0,1e-08,7.485e-05,0.99992514,0.0,0.0,4e-08,2.9e-06,0.99999702
f8544c9679d27b747dfad3b8d7aac87a,"If I want to open a steakhouse, what should I get first?",E,A,E,A,0.99712746,6.5e-07,3.73e-06,0.99995697,True,True,False,True,0.99995632,6.5e-07,1.665e-05,0.00012306,0.00247163,0.99712746,0.99995697,3.1e-07,4e-08,2.144e-05,3.73e-06
a7f423c1636ba9e36d18e381928c5dcc,"Sarah didn't like to play but she didn't want to be sedentary and bored, either, so she took up what?",C,B,C,C,0.9999994,1e-08,0.9967655,2.4e-07,False,False,False,True,2.3e-07,0.0,1e-08,0.9999994,0.0,6.5e-07,5.811e-05,2.4e-07,0.9967655,3.71e-06,0.00317249
e1d354cbfcd620e5dacf83c17746c4b3,Joe found spiders while checking something outside.  What might that be?,D,C,E,E,0.0,0.0,0.0,0.0,False,False,False,False,0.0,0.0,0.0,0.0,0.0,0.99999976,0.0,0.0,0.0,0.0,1.0
53e1e50d204f6ad5a0f69429eadae82e,What would you do if your date does not show up?,A,C,E,C,0.00026115,0.0,3.535e-05,0.99990631,True,True,False,False,0.99990631,0.00026115,0.0,0.0,0.00015839,0.99958044,3.535e-05,3e-08,0.99990631,3e-08,5.829e-05
48205cc84aab5e455b22e17c3cc7277d,What did the adult do before the job interview?,B,C,A,C,0.12439834,7.6e-07,7.46e-05,0.99670072,True,True,False,False,0.99669995,0.71586301,0.12439834,7.6e-07,0.15973063,7.25e-06,0.00247057,7.46e-05,0.99670072,0.0002028,0.00055126
0f7419d25337e0a75503a015ae777905,Most items in retail stores are what even when they are on sale?,A,C,C,C,4.79e-06,0.99999523,0.0,0.99999964,False,False,False,False,4.41e-06,4.79e-06,0.0,0.99999523,1e-08,1e-08,0.0,0.0,0.99999964,0.0,3.9e-07
5cac4da628f0a58db980649079bd5784,John farms anemone in what type of facility?,D,A,D,D,0.99989403,1.07e-06,0.99956388,0.00043055,False,False,False,True,0.00042949,1.07e-06,5.829e-05,4e-08,0.99989403,1.07e-06,0.00043055,3.73e-06,3e-08,0.99956388,1.76e-06
78d1218aeff70a70904767349e3c4c53,Brawn opened the curtains so that the sun could do what?,C,A,B,D,0.07147185,0.00215826,0.00038799,0.3313692,True,False,True,False,0.32921094,0.00215826,0.87070546,0.07147185,0.05566233,1.97e-06,0.3313692,0.1219039,0.00038799,0.54633545,3.36e-06
cce13a32fedb997c017d3fac87c34912,How might releasing energy that has built up feel?,B,C,D,D,0.0109833,0.0,0.00015793,0.0,False,False,False,False,0.0,3e-07,0.0109833,0.0,0.98868469,0.00033167,2.137e-05,0.00015793,0.0,0.99664861,0.00317211
6714487b839f648e348ac972ed114af3,What would you do if you have curiosity but are blind and paralyzed?,B,E,E,E,2.69e-05,0.97699557,0.0,1.0,False,False,False,False,0.02300443,0.02297673,2.69e-05,3.8e-07,3.8e-07,0.97699557,2e-08,0.0,0.0,0.0,1.0
3e536d9253bfac45de83e8ee291ca143,Where might it be hard to get furniture to?,B,A,B,A,0.93973001,0.06007493,1e-08,1.0,True,True,False,False,0.93992507,0.06007493,0.93973001,3.09e-06,3.323e-05,0.00014891,1.0,1e-08,0.0,0.0,3e-08
9f830faa0f8e3d7fb3a658c15a5fbe63,A great teacher can be what when you are attending school?,D,E,D,D,1.0,0.0,1.0,0.0,False,False,False,True,0.0,0.0,0.0,0.0,1.0,0.0,0.0,0.0,0.0,1.0,0.0
bbcef409e0acb71b515acc144d5b402c_1,Where would you get jeans and other wearable items to take home with you?,D,E,D,D,1.0,0.0,1.0,0.0,False,False,False,True,0.0,0.0,0.0,0.0,1.0,0.0,0.0,0.0,0.0,1.0,0.0
cbb0c9a69ca0922371a48177087ef407,In what substance do clouds float?,C,B,C,C,1.0,0.0,1.0,0.0,False,False,False,True,0.0,0.0,0.0,1.0,0.0,0.0,0.0,0.0,1.0,0.0,0.0
b92f786638796fc028947ac0e9a44fef,Where is the large area location of the empire state building?,E,D,A,A,0.0,0.0,4.79e-06,1.76e-06,False,False,False,False,1.76e-06,1.0,0.0,0.0,0.0,0.0,0.99999332,9e-08,0.0,1.76e-06,4.79e-06
5abeb4a2126597d4ef7b5a32e9e22abf,Where do most people make coffee?,E,D,A,E,0.00055278,8.3e-07,0.99305645,0.00020206,True,False,True,False,0.00020122,0.99944563,6.5e-07,7e-08,8.3e-07,0.00055278,0.00669116,4.75e-06,5e-07,0.00020206,0.99305645
8d4b0312f02be445e09a9462873d02bb,What kind of service is my body a part of when I'm no longer here?,D,E,D,E,1.0,0.0,0.00407014,0.9959299,True,True,False,True,0.9959299,0.0,0.0,0.0,1.0,0.0,0.0,0.0,0.0,0.00407014,0.9959299
f7140f00ddd8d1c5d93b05ea32ad1fff,"Many people wanted to leave their country estates for row houses, what did they need to move to?",D,B,D,D,1.0,0.0,0.9997365,0.00026119,False,False,False,True,0.00026119,0.0,0.0,0.0,1.0,0.0,8.3e-07,0.00026119,3e-08,0.9997365,1.37e-06
8b3b598a647dfd2d63fcedce5f461040,Where can someone get a new saw?,A,C,A,A,1.0,0.0,0.81756671,0.18242378,False,False,False,True,0.18242378,1.0,0.0,0.0,0.0,0.0,0.81756671,2.37e-06,0.18242378,6.8e-07,6.45e-06
7a900bc3a373806b6c56f0e19534005f,What would you do to a crime scene before asking a question?,E,A,B,A,5e-07,5e-07,1.013e-05,0.99965298,True,True,False,False,0.99965248,5e-07,0.99999893,3e-08,1.4e-07,5e-07,0.99965298,0.00033535,9e-08,1.37e-06,1.013e-05
3d79c10ddf26a5ed7dc0bb168fb0b3ed,"The man didn't do great in college, all his best memories were late night with his brothers at the what?",B,A,B,B,0.99999702,1.1e-07,1.0,1e-08,False,False,False,True,-1e-07,1.1e-07,0.99999702,0.0,0.0,0.0,1e-08,1.0,0.0,0.0,0.0
b7091d2bfcea421d787ce9e7982f104a,In a horror movie victims usually trip when the run in order to do what in regards to the killer?,C,E,C,E,0.84815728,3.16e-06,8.3e-07,0.99751958,True,True,False,False,0.99751642,0.00445072,0.14738764,0.84815728,1.16e-06,3.16e-06,0.0024726,2.25e-06,8.3e-07,4.77e-06,0.99751958
d060ab71d0efff3cab5960089a6bb3a2,"The coach decided to make a lineup change, the team's effort was suffering from what?",B,C,B,A,0.73105287,2.2e-07,0.0757741,2.542e-05,True,False,True,False,2.52e-05,0.26893932,0.73105287,2.2e-07,8e-08,7.41e-06,0.92311752,0.0757741,2.542e-05,2.09e-06,0.00108086
b399f6008d90dbd92bcce5abed4c1fd1,Where would you go if you want to buy some clothes?,A,C,A,A,0.99682105,0.0,0.88077892,1.3e-07,False,False,False,True,1.2e-07,0.99682105,7e-08,0.0,0.00317266,1e-08,0.88077892,1.55e-06,1.3e-07,0.11920047,1.889e-05
80c19c62338edae0e8a1f5c6fec0d29a,Where is food likely to stay dry?,B,E,B,E,0.66417017,0.08988566,0.0,1.0,True,True,False,False,0.91011434,0.00047168,0.66417017,0.24433455,0.00099854,0.08988566,0.0,0.0,0.0,0.0,1.0
1a4e83b433620cb2d7d806882f8d57e4,What is it called when a person with mental illness is able to lead a relatively normal life?,A,B,B,B,2.9e-06,0.99979357,1e-08,0.99999976,False,False,False,False,0.00020619,2.9e-06,0.99979357,1e-08,6e-08,0.00020343,1e-08,0.99999976,0.0,0.0,1.9e-07
b9e04a53c0ee7325b901de4d12d56884,Where do you keep musical instrument so it doesn't get scratched?,C,B,C,C,1.0,0.0,1.0,0.0,False,False,False,True,0.0,0.0,0.0,1.0,0.0,0.0,0.0,0.0,1.0,0.0,0.0
7490aa460f66000555a8a94008179cbb,"The woman is watching television and trying to forget her day, what is her goal?",E,A,E,A,0.99997819,3.9e-07,0.00317268,0.99682508,True,True,False,True,0.99682469,3.9e-07,0.0,0.0,2.144e-05,0.99997819,0.99682508,3e-08,1e-08,2.25e-06,0.00317268
ad8ee2965a33ff4b0e3d2ac732676594,"While John Candy and Dan Aykroyd didn't run into a gazelle, you'd have to go where to see one?",E,D,E,E,0.93990616,4.5e-06,0.99999964,2.4e-07,False,False,False,False,-4.26e-06,1.29e-06,2.2e-07,0.06008619,4.5e-06,0.93990616,1.1e-07,0.0,1e-08,2.4e-07,0.99999964
64d2310eff6b661baeb41b4ccc392e35,When we are running what are we doing?,D,B,D,B,1.0,0.0,0.0953388,0.90454926,True,True,False,True,0.90454926,0.0,0.0,0.0,1.0,1e-08,8.694e-05,0.90454926,1e-07,0.0953388,2.491e-05
6b1f5ebd9d0dbc7e34a598456a6091a8,It's dangerous to let pet birds free so it's better to keep them what?,C,E,C,C,1.0,0.0,0.9999646,3.536e-05,False,False,False,True,3.536e-05,0.0,0.0,1.0,0.0,0.0,2e-08,0.0,0.9999646,1e-08,3.536e-05
080ef6941410139d6869e78122bc741e,"A beaver is know for building prowess, their supplies come from where?",C,D,C,C,0.85195276,0.0,0.99927716,1.9e-07,False,False,False,False,1.8e-07,6e-08,0.14804719,0.85195276,0.0,0.0,1.3e-05,0.00070966,0.99927716,1.9e-07,3e-08
6c70d98cfb8e97fda8caefcee761a229,Zane doesn't like answering questions.  He's not good at it because he suffers from what?,D,E,D,E,0.99999952,3.9e-07,9.607e-05,0.99954459,True,True,False,True,0.9995442,9e-08,0.0,2e-08,0.99999952,3.9e-07,9.607e-05,2e-08,2.1e-07,9.607e-05,0.99954459
75ac594b4fdbfba006e61315d1b2c815,Going public about a common problem can gain what for a celebrity?,A,E,E,E,0.0,1.0,0.0,1.0,False,False,False,False,0.0,0.0,0.0,0.0,0.0,1.0,0.0,0.0,0.0,0.0,1.0
5a8e7d2f97f76adb23fbd59a009d16f0,"The electricity went out and everyone was shrouded in darkness.  They all remained in their seats, because it would have been dangerous to try to find there way out.  Where mihgt they have been?",A,E,C,E,8.3e-07,0.00091074,2.754e-05,0.99997187,True,True,False,False,0.99906112,8.3e-07,0.00033504,0.99875296,5e-07,0.00091074,2.754e-05,1.1e-07,3.9e-07,1.4e-07,0.99997187
178cb8153123716aa94f286b615149d4,Where could you find hundreds of beauty salon?,D,B,B,B,1.9e-07,0.9999975,1.4e-07,0.99999785,False,False,False,False,3.6e-07,5e-08,0.9999975,3e-08,1.9e-07,2.26e-06,2.4e-07,0.99999785,1e-08,1.4e-07,1.76e-06
cc917ca0e03c91a5141920f5a902a36c,If it is Chrismas time what came most recently before?,A,E,B,E,0.09412972,5.206e-05,5.829e-05,0.99994028,True,True,False,False,0.99988822,0.09412972,0.89307796,0.01273907,9.5e-07,5.206e-05,5.829e-05,6.5e-07,6.5e-07,0.0,0.99994028
a7d51b753c2113d8b2dbd0ebb5375855_1,"If someone found out their brother was having a daughter, they would have to add a niece limb to the what?",D,E,D,D,1.0,0.0,1.0,4e-08,False,False,False,True,4e-08,0.0,0.0,0.0,1.0,0.0,0.0,0.0,0.0,1.0,4e-08
e71da9e95b321763c86e879a47bbd327,"The criminal insisted he must do the crime to the bank teller, but she tried to convince him there were other ways in life and this was what?",E,C,B,C,0.00857743,1.8e-07,0.0011695,0.99881979,True,True,False,False,0.99881961,6.09e-06,0.99141603,1.8e-07,1.4e-07,0.00857743,1.012e-05,6.5e-07,0.99881979,4e-08,0.0011695
ec86900559a0faf2aef066e511a4cfa6,what do you fill with ink to write?,B,C,B,B,1.0,0.0,0.98892876,1.8e-07,False,False,False,True,1.8e-07,0.0,1.0,0.0,0.0,1e-08,5.765e-05,0.98892876,1.8e-07,2.723e-05,0.010986
d312741df1b14bcbe358f4f30aff3994,"He walked into the room and had a great shock, his friends had what him?",E,C,A,A,2.4e-07,0.0,0.135824,0.08238142,False,False,False,False,0.08238142,0.99999976,0.0,0.0,3e-08,2.4e-07,0.78161311,2.152e-05,0.08238142,0.00015903,0.135824
0df3f58645b4bc306093845fb297a50e,"He wasn't the hugging type, even when he meet friend he'd just do what?",E,D,B,D,3.9e-07,1e-08,0.01097839,0.98824384,True,True,False,False,0.98824383,0.0,0.99999964,0.0,1e-08,3.9e-07,7.397e-05,0.00070183,1.35e-06,0.98824384,0.01097839
27d9b4df2ca50112d282331df4923e96,"If you were lost you might need a map, the best place to find one on the road is at any what?",E,B,A,A,3e-08,2e-08,1.07e-06,4.78e-06,False,False,False,False,4.76e-06,0.99999714,2e-08,0.0,2.9e-06,3e-08,0.99987079,4.78e-06,0.0,0.00012339,1.07e-06
ab755203f41a2e241f0ee8a53c54f287,Where would you put a net if you wanted to use it?,D,C,B,B,7.483e-05,3.1e-07,0.03016447,0.22288699,False,False,False,False,0.22288668,1.013e-05,0.99971088,3.1e-07,7.483e-05,4.539e-05,0.22288699,0.47185176,0.22288699,0.03016447,0.0497328
f13efb91090dd28fd2b3c1f4dde680fd,Sage loved communicating  He liked doing what with his peers?,A,E,A,A,0.99999988,9e-08,0.81757299,0.1824252,False,False,False,True,0.18242511,0.99999988,0.0,0.0,0.0,9e-08,0.81757299,1.44e-06,1e-08,4.1e-07,0.1824252
e98031901c815e55040d9fe28c4d9387,Where would a cat snuggle up with their human?,D,A,C,C,0.0,0.0,0.0,0.0,False,False,False,False,0.0,0.0,0.0,1.0,0.0,0.0,0.0,0.0,1.0,0.0,1e-08
fb64149cf01c5b496d986f56852273e9,What is a place that has large cable hanging overhead?,D,C,D,D,0.99999952,0.0,0.99978035,0.00012338,False,False,False,True,0.00012338,0.0,0.0,0.0,0.99999952,5e-07,2.4e-07,0.0,0.00012338,0.99978035,9.609e-05
2ac72eaf30a633c410b1bd658bbef0ba,Where do cars usually travel at very high speeds?,C,B,C,C,0.99999952,0.0,0.995926,3.71e-06,False,False,False,True,3.71e-06,5e-07,0.0,0.99999952,0.0,0.0,0.00407012,3.71e-06,0.995926,3e-08,1.1e-07
22fc45d9e6d0baea4a5b0526504225b8,What might a person be watching if they see a man with a suitcase full of money?,B,D,B,D,0.90454945,0.09533882,0.0,0.99999988,True,True,False,False,0.90466106,1.3e-07,0.90454945,3e-08,0.09533882,0.00011163,2e-08,0.0,0.0,0.99999988,1.4e-07
4ef3d70648ee3cea028bc5ed0fdfda28,Eating breakfast in bed while seeing a homeless person shivering outside your window may cause you to what?,C,D,C,C,1.0,0.0,0.99999988,1e-08,False,False,False,True,1e-08,0.0,0.0,1.0,0.0,0.0,0.0,0.0,0.99999988,1e-08,7e-08
059155c50d1b04da7373e309868e67d2,"If I put in my key and open a hinged door, where am I likely entering?",C,D,C,D,1.0,0.0,0.0,1.0,True,True,False,True,1.0,0.0,0.0,1.0,0.0,0.0,0.0,0.0,0.0,1.0,3e-08
33d023a6806390eb8195380331e17404_1,"If somebody is working at a reception desk, they are located at the front entrance of the what?",C,A,C,C,0.97702049,2.1e-07,0.73098089,7.026e-05,False,False,False,True,7.005e-05,2.1e-07,1.72e-06,0.97702049,0.02297732,2.6e-07,7.026e-05,3.319e-05,0.73098089,0.26891284,2.72e-06
63f7ad481a63fc8c6dffe00519d4a167,If you're reading a newspaper from another country what are you doing?,A,C,A,C,1.0,0.0,2.9e-06,0.99999702,True,True,False,True,0.99999702,1.0,0.0,0.0,0.0,0.0,2.9e-06,1.1e-07,0.99999702,0.0,3e-08
a2daf73d33541af0846673afd8e49abe,"They wanted to recognize his accomplishment, where should they put his name?",A,C,A,A,1.0,3e-08,0.98145997,0.00054283,False,False,False,True,0.00054281,1.0,0.0,3e-08,1e-08,2e-08,0.98145997,4.7e-06,0.00054283,1.639e-05,0.01797607
7d70208061ae3185bcfc9e912ee9e141,What is it called when a person tends to leave things to the last minute?,A,C,,A,0.00317268,3e-07,0.93987973,0.0600845,True,False,True,False,0.0600842,0.00317268,1.8e-07,3e-07,8e-08,3e-08,0.93987973,2.588e-05,0.0600845,1.29e-06,2.41e-06
9003c4748b08d5a734747e499599ff20,What will you do if you do not want to settle in one place?,C,E,C,C,0.9998416,0.0,0.99999988,7e-08,False,False,False,True,7e-08,0.0,0.0,0.9998416,0.0,0.0,1e-08,1e-08,0.99999988,0.0,7e-08
28aac6d39cdd270d2a6a28e1985484cb,Where would a person live that isn't in the metro area but still has good schools?,C,B,C,C,0.99999714,3e-08,1.0,1e-08,False,False,False,True,-2e-08,0.0,3e-08,0.99999714,1e-08,0.0,0.0,1e-08,1.0,0.0,0.0
8bdbb8caefcc607a9ec7579aa0c87cba,"Jane works for the government as a senator, where does she spend a lot of time?",A,C,A,A,1.0,0.0,0.77729896,0.22269988,False,False,False,True,0.22269988,1.0,0.0,0.0,0.0,0.0,0.77729896,1.07e-06,0.22269988,6e-08,2e-08
95a85df48902d23eb3fda25a99fca1a0,What is it called when two people in love have children?,B,A,B,B,0.99998939,2.9e-06,0.99997985,2.26e-06,False,False,False,True,-6.4e-07,2.9e-06,0.99998939,2.1e-07,1.9e-07,1.07e-06,2.26e-06,0.99997985,3.1e-07,8.3e-07,1.67e-05
79c3378b7660d328902d7c0ad442a37f,What did the policemen do when they heard a cry from a distance?,E,D,E,E,1.0,0.0,1.0,0.0,False,False,False,True,0.0,0.0,0.0,0.0,0.0,1.0,0.0,0.0,0.0,0.0,1.0
8c12e5864463cfcd03f4d0ab67949d01,"It takes ambition to complete a job, but the first step is to what?",B,E,B,E,1.0,0.0,1e-08,0.99999952,True,True,False,True,0.99999952,1e-08,1.0,0.0,0.0,0.0,5e-07,1e-08,0.0,0.0,0.99999952
e145618c2062eb9ea8928fdb0d42185e,Where would I not want a fox?,A,D,D,D,0.00848383,0.98059766,4e-08,1.0,False,False,False,False,0.01940234,0.00848383,3.65e-06,2.3e-07,0.98059766,0.01089345,4e-08,0.0,0.0,1.0,1e-08
35872be88df5f6c4a6600020266a5458,What type of building has the most top floor?,C,E,C,E,0.99999702,2.26e-06,1.4e-07,0.99998319,True,True,False,True,0.99998093,5e-07,1.1e-07,0.99999702,8e-08,2.26e-06,1.67e-05,1e-08,1.4e-07,1e-08,0.99998319
055817d8d703d3c2802545e3fccdcde3,What do humans do to other humans after death?,B,E,B,E,0.44248841,0.20901673,0.0,1.0,True,True,False,False,0.79098327,0.00382827,0.44248841,4.819e-05,0.34461032,0.20901673,0.0,0.0,0.0,0.0,1.0
5ef6cdb85468df482e3aa6fa339d6e41,Where can you find a restaurant's phone number?,A,B,A,A,1.0,0.0,0.9959299,0.00407014,False,False,False,True,0.00407014,1.0,0.0,0.0,0.0,0.0,0.9959299,0.00407014,0.0,2e-08,0.0
1e939cc6fef999953d692b57caab254b,What would you put coins into to make it work?,B,C,B,C,0.99998689,1e-08,2.9e-06,0.99995327,True,True,False,True,0.99995327,1.1e-07,0.99998689,1e-08,1.013e-05,2.9e-06,1.013e-05,2.9e-06,0.99995327,6.14e-06,2.754e-05
3a3b5d4a517ef70d25eb558f1a622937,"A patriotic guy with a camera is looking for a bald eagle, what is he likely to do with the eagle if he finds one?",E,D,E,E,1.0,0.0,1.0,0.0,False,False,False,True,0.0,0.0,0.0,0.0,0.0,1.0,0.0,0.0,0.0,0.0,1.0
a943522f7d407cef369d5d3f1bf48589,Where can you go to use a piano in your neighborhood if you don't have one?,C,E,A,A,0.0,0.0,4.79e-06,2.4e-07,False,False,False,False,2.4e-07,1.0,0.0,0.0,0.0,0.0,0.99999452,3.1e-07,4.79e-06,1.4e-07,2.4e-07
57a343d72031b668e5eb91868420e915,Where would you get a shower curtain if you do not have one?,A,B,A,A,0.99999964,0.0,0.99997211,3.1e-07,False,False,False,True,3.1e-07,0.99999964,0.0,0.0,3.9e-07,0.0,0.99997211,3.1e-07,0.0,2.754e-05,1e-08
c4b1a57e7880b9cb367f9c67abf5605f,Kissing is normally an activity reserved for your romantic what?,B,E,B,B,1.0,0.0,1.0,0.0,False,False,False,True,-0.0,0.0,1.0,0.0,0.0,0.0,0.0,1.0,0.0,0.0,0.0
e313d7967f72c2b880213daaaf4b7181,What does a child learn to do before school?,C,E,B,E,2.26e-06,0.00150035,0.0,0.99999928,True,True,False,False,0.99849893,0.00055195,0.99794537,2.26e-06,1e-08,0.00150035,6.5e-07,3e-08,0.0,0.0,0.99999928
3c7992df7fda23bcdeacb1f1f6b73448,"He was getting advice for the job interview, they told him when talking to the interviewer always make what?",C,A,C,C,1.0,0.0,0.99999988,0.0,False,False,False,True,0.0,0.0,0.0,1.0,0.0,0.0,0.0,1.1e-07,0.99999988,0.0,0.0
d6644eacdb543a60545d2eb1ac7e6dbd,According to what book did an apple tree lead to the downfall of man?,A,D,A,A,0.9999994,0.0,0.99987604,5e-07,False,False,False,True,5e-07,0.9999994,6.5e-07,0.0,0.0,4e-08,0.99987604,1.4e-07,0.0,5e-07,0.00012339
d1ad9b79f54205b6b9ac19a27f9c2be5,"The neighborhood had a great sense of community, there was always a crowd at the landing of the what?",E,C,A,A,0.0,0.0,1.37e-06,1e-08,False,False,False,False,1e-08,0.99999201,7e-08,0.0,7.89e-06,0.0,0.99928811,8.3e-07,1e-08,0.00070967,1.37e-06
f116ee6620c0f171e5db54bc03a5f2e2,What might a kind person do?,C,E,C,C,1.0,0.0,0.99999154,6.14e-06,False,False,False,True,6.14e-06,0.0,0.0,1.0,0.0,0.0,2.26e-06,1e-08,0.99999154,1e-08,6.14e-06
ea82f9e938cbfce85fb498ce46264253,What will a person do at work?,C,E,C,E,1.0,0.0,0.00669284,0.99330527,True,True,False,True,0.99330527,0.0,0.0,1.0,0.0,0.0,1.06e-06,1e-08,0.00669284,8.3e-07,0.99330527
edbb57ac2f476679ae547f75ec2bef3e,John saw a fox running along the beach and was glad to be on the east coast.  Where might he have been?,B,C,E,C,6.04e-06,1.35e-06,3.6e-06,0.85189237,True,True,False,False,0.85189102,0.01402922,6.04e-06,1.35e-06,7.2e-07,0.98352423,6.377e-05,3.6e-06,0.85189237,3.6e-06,0.14803669
07a99d5f2ca7028febeb9f09604b36c8,Name a location where you would not want to find mice.,B,E,C,E,0.05464028,8.215e-05,0.0,1.0,True,True,False,False,0.99991785,0.0900866,0.05464028,0.85471778,0.00047273,8.215e-05,0.0,0.0,0.0,0.0,1.0
b42ef8be1748c19fa5938de5396f8fad,"The man started to learn jogging, what was he hoping to do?",B,C,B,C,0.90464203,0.09534857,3.72e-06,0.99928085,True,True,False,False,0.90393228,3.37e-06,0.90464203,0.09534857,4.6e-07,5.56e-06,2.9e-06,3.72e-06,0.99928085,2.9e-06,0.00070966
236691d38665d7bcdd0c9b9834252a51,Where do most people turn to get information on their phones?,D,C,A,A,3.73e-06,0.0,0.09533298,0.00014333,False,False,False,False,0.00014333,0.9999963,1e-08,0.0,3.73e-06,1e-08,0.90449415,9.16e-06,0.00014333,0.09533298,1.94e-05
8ef78abb86fc282ccb02bbc495f13030,What happens to a body after death?,D,E,D,D,1.0,0.0,1.0,2e-08,False,False,False,True,2e-08,0.0,0.0,0.0,1.0,0.0,4e-08,0.0,0.0,1.0,2e-08
313d033c33ec475e04e628f87c5686bd,What type of non-vegetarian soup is one likely to find a potato?,C,E,A,A,0.0,0.0,3e-08,5e-08,False,False,False,False,5e-08,0.99999523,4.79e-06,0.0,2e-08,0.0,0.99999571,2.9e-06,3e-08,1.37e-06,5e-08
d581e0ad6a4c89465dc1a527bd2d3f77,"Though she had a disability, what did her encouraging and positive coach see in her?",E,A,B,E,0.49999845,6e-08,0.9999975,6e-08,True,False,True,False,0.0,6e-08,0.49999845,2e-08,3.07e-06,0.49999845,6e-08,2.26e-06,0.0,1.1e-07,0.9999975
f232bfea2a7611999688a252e476c040,"They had a theory of what they could do in t he big game, so over and over they would what?",B,E,B,E,1.0,0.0,2.754e-05,0.99996996,True,True,False,True,0.99996996,4e-08,1.0,0.0,0.0,0.0,2.26e-06,2.754e-05,1e-08,2.4e-07,0.99996996
91756d8e475d8d59fa0a4e35f408e366,"When you see something rise, you are where in relation to it?",D,C,D,D,0.99999988,0.0,0.99799476,0.00192658,False,False,False,True,0.00192658,0.0,1.1e-07,0.0,0.99999988,2e-08,1.667e-05,3.72e-06,0.00192658,0.99799476,5.818e-05
866ea9c668c0b42df19fa20865e31f77,"They were getting ready for a really long hike, he put the food can in his what?",D,E,D,D,1.0,0.0,1.0,0.0,False,False,False,True,0.0,0.0,0.0,0.0,1.0,0.0,0.0,0.0,0.0,1.0,0.0
22015315e7ff79386877828b4fa27799,Where would you keep a rug near your front door?,D,B,A,A,2e-08,0.0,0.00240014,2.666e-05,False,False,False,False,2.666e-05,0.99999964,0.0,0.0,2e-08,1e-08,0.96828463,2.666e-05,1.03e-06,0.00240014,0.02923966
484f6e4fb8e6431b010c299490b72e3c,When you slip from a ladder propped on anything what will you do?,B,E,B,E,0.99999928,1.9e-07,2.4e-07,0.99999964,True,True,False,True,0.99999946,3.1e-07,0.99999928,0.0,5e-08,1.9e-07,7e-08,2.4e-07,0.0,7e-08,0.99999964
7322d0dcf2e27c7032626a3639f5696b,What do you do when you need to get food?,E,B,D,E,6.14e-06,0.0,0.99999988,0.0,True,False,True,False,0.0,0.0,0.0,0.0,0.9999938,6.14e-06,1e-08,0.0,0.0,5e-08,0.99999988
0519b0b0869681c2884f53dbfa43e538,"Brad tried to arise from bed but he could not.  Instead, he just continued to do what?",C,A,C,C,1.0,0.0,0.99997234,2e-08,False,False,False,True,2e-08,0.0,0.0,1.0,0.0,0.0,2e-08,3e-08,0.99997234,1.1e-07,2.754e-05
1ab04c0501b815b2a48f2581f04215a8,"If a heifer is really high quality, you might take her where?",C,E,C,E,0.99142119,1.06e-06,0.00669215,0.99320342,True,True,False,True,0.99320236,7e-08,0.00857747,0.99142119,1.8e-07,1.06e-06,9.546e-05,2.88e-06,0.00669215,6.1e-06,0.99320342
7776b10c7bb96f3fe5e026678673634d,What do people want to acquire from opening business?,B,A,E,E,0.02931223,0.0,0.0,0.0,False,False,False,False,-0.0,0.0,0.02931223,0.0,1e-08,0.97068777,0.0,0.0,0.0,0.0,1.0
f7c005244d406b9bde48dc8c22003af1,What has someone who had finished their undergraduate done?,A,B,,A,0.88079417,1.21e-06,0.99919622,0.00033519,True,False,True,False,0.00033399,0.88079417,1.21e-06,3e-08,1.55e-06,4.4e-07,0.99919622,0.00033519,1.1e-07,1.669e-05,2.143e-05
88501d528c855e2b533b3fea2f86183d,Where are bus stops more common in what parts?,D,E,D,E,1.0,0.0,1.301e-05,0.99998701,True,True,False,True,0.99998701,0.0,0.0,0.0,1.0,0.0,0.0,0.0,0.0,1.301e-05,0.99998701
3d9c3253e24fb108cea9083e8a853cf2,"Bill wanted to pick up a stranger, preferably a responsible one with kids.  Where might he look for one?",D,B,D,D,0.99999976,2e-08,0.98012562,0.01795163,False,False,False,True,0.01795161,1e-08,2e-08,1e-08,0.99999976,1.9e-07,0.00189209,0.01795163,3.65e-06,0.98012562,2.699e-05
9808782b2e2e1bfbfa27c41e605bfffe,Where might a lemur frolic in the market?,C,E,E,E,0.0,0.99999928,0.0,1.0,False,False,False,False,7.2e-07,1e-08,0.0,0.0,2.1e-07,0.99999928,0.0,0.0,0.0,0.0,1.0
c432b860fcd7297751ff5254ec4a7956,What might I place under the furniture?,A,C,A,A,0.98894742,4e-08,0.98058253,1.638e-05,False,False,False,True,1.634e-05,0.98894742,7.3e-07,4e-08,7.8e-06,1.6e-07,0.98058253,3.467e-05,1.638e-05,0.00114814,5.716e-05
